ablation,setting,R2,RMSE
CV scheme,GroupKFold (leakage-controlled),0.7951286796695682,9.617590557891914
CV scheme,Random KFold (leaky),0.9407825225589449,5.170715616499316
Regressor head (ESM2),Ridge,0.7951286796695682,9.617590557891914
Regressor head (ESM2),RandomForest,0.8936411122205852,6.9296706579796075
Regressor head (ESM2),SVR,0.7973000207013621,9.566488488632713
Regressor head (ESM2),kNN,0.8493429808009996,8.247463198758666
Feature set,Physicochemical(5),0.33568592232087024,17.3185859375976
Feature set,AA composition(20),0.6187781046228708,13.119419504560678
Feature set,ESM2-650M,0.7951286796695682,9.617590557891914
Feature set,ESM2 + physico,0.7902919958108905,9.730456256492731
