Accession,_acc,coverage,both_catalytic_Glu,active_site_cols_matched,active_site_total
WP_493066509.1,WP_493066509,0.8639705882352942,True,9,12
WP_492605814.1,WP_492605814,0.4227941176470588,False,5,12
YFQ25161.1,YFQ25161,0.2536764705882353,False,3,12
YFQ17076.1,YFQ17076,0.4227941176470588,False,5,12
WP_490833183.1,WP_490833183,0.43014705882352944,False,5,12
WP_489984873.1,WP_489984873,0.4264705882352941,False,5,12
YFC78294.1,YFC78294,0.3161764705882353,False,3,12
WP_489060366.1,WP_489060366,0.41544117647058826,False,4,12
WP_488448946.1,WP_488448946,0.3125,False,4,12
WP_488431491.1,WP_488431491,0.3125,False,4,12
WP_488420868.1,WP_488420868,0.3125,False,4,12
WP_488401696.1,WP_488401696,0.3125,False,4,12
KAN9724460.1,KAN9724460,0.9632352941176471,True,11,12
KAN9722984.1,KAN9722984,0.9816176470588235,True,11,12
KAN9719353.1,KAN9719353,0.9632352941176471,True,11,12
KAN9715071.1,KAN9715071,0.9816176470588235,True,11,12
KAN9706189.1,KAN9706189,0.9338235294117647,True,10,12
KAN9705292.1,KAN9705292,0.9852941176470589,True,10,12
KAN9705069.1,KAN9705069,0.9852941176470589,True,10,12
KAN9703652.1,KAN9703652,0.9632352941176471,True,11,12
KAN9703269.1,KAN9703269,0.9338235294117647,True,10,12
KAN9702862.1,KAN9702862,0.9338235294117647,True,10,12
KAN9687854.1,KAN9687854,0.9852941176470589,True,10,12
KAN9683251.1,KAN9683251,0.9816176470588235,True,11,12
KAN9678469.1,KAN9678469,0.9852941176470589,True,10,12
KAN9673421.1,KAN9673421,0.9816176470588235,True,11,12
KAN9671610.1,KAN9671610,0.9632352941176471,True,11,12
KAN9671093.1,KAN9671093,0.8897058823529411,True,11,12
KAN9670160.1,KAN9670160,0.9338235294117647,True,10,12
KAN9663494.1,KAN9663494,0.8897058823529411,True,11,12
KAN9661302.1,KAN9661302,0.9816176470588235,True,11,12
KAN9656629.1,KAN9656629,0.9632352941176471,True,11,12
KAN9652688.1,KAN9652688,0.9338235294117647,True,10,12
KAN9651980.1,KAN9651980,0.9632352941176471,True,11,12
KAN9650262.1,KAN9650262,0.9338235294117647,True,10,12
KAN9649204.1,KAN9649204,0.9852941176470589,True,10,12
KAN9647141.1,KAN9647141,0.9632352941176471,True,11,12
KAN9644946.1,KAN9644946,0.9816176470588235,True,11,12
KAN9642994.1,KAN9642994,0.9852941176470589,True,10,12
KAN9640928.1,KAN9640928,0.8897058823529411,True,11,12
KAN9636725.1,KAN9636725,0.9816176470588235,True,11,12
KAN9635657.1,KAN9635657,0.9852941176470589,True,10,12
KAN9631596.1,KAN9631596,0.8897058823529411,True,11,12
KAN9630203.1,KAN9630203,0.9007352941176471,True,10,12
KAN9626244.1,KAN9626244,0.9632352941176471,True,11,12
KAN9618320.1,KAN9618320,0.8897058823529411,True,11,12
KAN9614177.1,KAN9614177,0.9816176470588235,True,11,12
KAN9613407.1,KAN9613407,0.8933823529411765,True,11,12
KAN9609556.1,KAN9609556,0.9632352941176471,True,11,12
KAN9607936.1,KAN9607936,0.9852941176470589,True,10,12
KAN9607255.1,KAN9607255,0.9338235294117647,True,10,12
KAN9601627.1,KAN9601627,0.9816176470588235,True,11,12
KAN9596518.1,KAN9596518,0.6139705882352942,False,6,12
KAN9595482.1,KAN9595482,0.8933823529411765,True,11,12
KAN9591866.1,KAN9591866,0.9632352941176471,True,11,12
KAN9583386.1,KAN9583386,0.9816176470588235,True,11,12
KAN9582749.1,KAN9582749,0.9852941176470589,True,10,12
KAN9582183.1,KAN9582183,0.9338235294117647,True,10,12
KAN9582077.1,KAN9582077,0.9338235294117647,True,10,12
KAN9576474.1,KAN9576474,0.8897058823529411,True,11,12
KAN9573741.1,KAN9573741,0.9338235294117647,True,10,12
KAN9572388.1,KAN9572388,0.9852941176470589,True,10,12
KAN9571734.1,KAN9571734,0.8897058823529411,True,11,12
KAN9568022.1,KAN9568022,0.9816176470588235,True,11,12
KAN9559316.1,KAN9559316,0.9816176470588235,True,11,12
KAN9550642.1,KAN9550642,0.9632352941176471,True,11,12
KAN9547710.1,KAN9547710,0.9852941176470589,True,10,12
KAN9546651.1,KAN9546651,0.9632352941176471,True,11,12
KAN9544929.1,KAN9544929,0.9816176470588235,True,11,12
KAN9538495.1,KAN9538495,0.9632352941176471,True,11,12
KAN9537986.1,KAN9537986,0.9816176470588235,True,11,12
KAN9536477.1,KAN9536477,0.9852941176470589,True,10,12
KAN9532001.1,KAN9532001,0.9338235294117647,True,10,12
KAN9530829.1,KAN9530829,0.9852941176470589,True,10,12
KAN9528483.1,KAN9528483,0.8897058823529411,True,11,12
KAN9525690.1,KAN9525690,0.8897058823529411,True,11,12
KAN9524123.1,KAN9524123,0.9338235294117647,True,10,12
KAN9522415.1,KAN9522415,0.9338235294117647,True,10,12
KAN9522329.1,KAN9522329,0.8897058823529411,True,11,12
KAN9515741.1,KAN9515741,0.9632352941176471,True,11,12
KAN9513676.1,KAN9513676,0.9816176470588235,True,11,12
KAN9510147.1,KAN9510147,0.9816176470588235,True,11,12
KAN9506094.1,KAN9506094,0.9852941176470589,True,10,12
KAN9502697.1,KAN9502697,0.9852941176470589,True,10,12
KAN9501710.1,KAN9501710,0.9632352941176471,True,11,12
KAN9496913.1,KAN9496913,0.9816176470588235,True,11,12
KAN9492693.1,KAN9492693,0.9338235294117647,True,10,12
KAN9490385.1,KAN9490385,0.7426470588235294,True,8,12
KAN9489277.1,KAN9489277,0.9852941176470589,True,10,12
KAN9484701.1,KAN9484701,0.8897058823529411,True,11,12
KAN9483453.1,KAN9483453,0.8897058823529411,True,11,12
KAN9480911.1,KAN9480911,0.8897058823529411,True,11,12
KAN9479233.1,KAN9479233,0.9338235294117647,True,10,12
KAN9476865.1,KAN9476865,0.9632352941176471,True,11,12
KAN9476254.1,KAN9476254,0.9632352941176471,True,11,12
KAN9472248.1,KAN9472248,0.9816176470588235,True,11,12
KAN9469185.1,KAN9469185,0.9816176470588235,True,11,12
KAN9464467.1,KAN9464467,0.9338235294117647,True,10,12
KAN9459572.1,KAN9459572,0.9338235294117647,True,10,12
KAN9459484.1,KAN9459484,0.9852941176470589,True,10,12
KAN9453219.1,KAN9453219,0.9632352941176471,True,11,12
KAN9450776.1,KAN9450776,0.9852941176470589,True,10,12
KAN9449638.1,KAN9449638,0.9816176470588235,True,11,12
KAN9449261.1,KAN9449261,0.8897058823529411,True,11,12
KAN9447846.1,KAN9447846,0.8897058823529411,True,11,12
KAN9443757.1,KAN9443757,0.9852941176470589,True,10,12
KAN9438116.1,KAN9438116,0.9632352941176471,True,11,12
KAN9434714.1,KAN9434714,0.9338235294117647,True,10,12
KAN9426404.1,KAN9426404,0.8897058823529411,True,11,12
KAN9421671.1,KAN9421671,0.9816176470588235,True,11,12
KAN9417602.1,KAN9417602,0.9338235294117647,True,10,12
KAN9416672.1,KAN9416672,0.8933823529411765,True,11,12
KAN9412276.1,KAN9412276,0.9632352941176471,True,11,12
KAN9403641.1,KAN9403641,0.9632352941176471,True,11,12
KAN9403106.1,KAN9403106,0.9816176470588235,True,11,12
KAN9401156.1,KAN9401156,0.9338235294117647,True,10,12
KAN9393992.1,KAN9393992,0.9816176470588235,True,11,12
KAN9389563.1,KAN9389563,0.9338235294117647,True,10,12
KAN9388420.1,KAN9388420,0.8933823529411765,True,11,12
KAN9387016.1,KAN9387016,0.9632352941176471,True,11,12
KAN9382937.1,KAN9382937,0.9816176470588235,True,11,12
KAN9379995.1,KAN9379995,0.8933823529411765,True,11,12
KAN9363327.1,KAN9363327,0.9816176470588235,True,11,12
KAN9362837.1,KAN9362837,0.9338235294117647,True,10,12
KAN9361022.1,KAN9361022,0.9816176470588235,True,11,12
KAN9360230.1,KAN9360230,0.8897058823529411,True,10,12
KAN9359343.1,KAN9359343,0.9852941176470589,True,10,12
KAN9358672.1,KAN9358672,0.9632352941176471,True,11,12
KAN9356336.1,KAN9356336,0.9338235294117647,True,10,12
KAN9355212.1,KAN9355212,0.8933823529411765,True,11,12
KAN9349209.1,KAN9349209,0.9632352941176471,True,11,12
KAN9344865.1,KAN9344865,0.9338235294117647,True,10,12
KAN9341339.1,KAN9341339,0.8897058823529411,True,10,12
KAN9340920.1,KAN9340920,0.9852941176470589,True,10,12
KAN9334862.1,KAN9334862,0.7426470588235294,True,8,12
KAN9334335.1,KAN9334335,0.9632352941176471,True,11,12
KAN9333930.1,KAN9333930,0.9816176470588235,True,11,12
KAN9329253.1,KAN9329253,0.9338235294117647,True,10,12
KAN9328072.1,KAN9328072,0.9632352941176471,True,11,12
KAN9327853.1,KAN9327853,0.9816176470588235,True,11,12
KAN9311915.1,KAN9311915,0.9632352941176471,True,11,12
KAN9306394.1,KAN9306394,0.9852941176470589,True,10,12
KAN9305392.1,KAN9305392,0.9007352941176471,True,10,12
KAN9303884.1,KAN9303884,0.9816176470588235,True,11,12
KAN9301802.1,KAN9301802,0.8897058823529411,True,11,12
KAN9296861.1,KAN9296861,0.5625,True,8,12
KAN9291263.1,KAN9291263,0.9632352941176471,True,11,12
KAN9287883.1,KAN9287883,0.9852941176470589,True,10,12
KAN9284644.1,KAN9284644,0.9338235294117647,True,10,12
KAN9279485.1,KAN9279485,0.9816176470588235,True,11,12
KAN9277015.1,KAN9277015,0.8897058823529411,True,11,12
KAN9270616.1,KAN9270616,0.9852941176470589,True,10,12
KAN9270248.1,KAN9270248,0.9007352941176471,True,10,12
KAN9269667.1,KAN9269667,0.9816176470588235,True,11,12
KAN9268489.1,KAN9268489,0.9338235294117647,True,10,12
KAN9265346.1,KAN9265346,0.9816176470588235,True,11,12
KAN9262159.1,KAN9262159,0.8933823529411765,True,11,12
KAN9260649.1,KAN9260649,0.9191176470588235,True,11,12
KAN9258690.1,KAN9258690,0.9632352941176471,True,11,12
KAN9252361.1,KAN9252361,0.8897058823529411,True,11,12
KAN9250925.1,KAN9250925,0.8933823529411765,True,11,12
KAN9246927.1,KAN9246927,0.9632352941176471,True,11,12
KAN9246395.1,KAN9246395,0.9816176470588235,True,11,12
KAN9242750.1,KAN9242750,0.9191176470588235,True,11,12
KAN9235151.1,KAN9235151,0.8933823529411765,True,11,12
KAN9233944.1,KAN9233944,0.9338235294117647,True,10,12
KAN9229763.1,KAN9229763,0.9338235294117647,True,9,12
KAN9226919.1,KAN9226919,0.9852941176470589,True,10,12
KAN9226732.1,KAN9226732,0.9816176470588235,True,11,12
KAN9224280.1,KAN9224280,0.9816176470588235,True,11,12
KAN9218271.1,KAN9218271,0.9632352941176471,True,11,12
KAN9218114.1,KAN9218114,0.9338235294117647,True,10,12
KAN9205908.1,KAN9205908,0.5625,True,8,12
KAN9202213.1,KAN9202213,0.9338235294117647,True,10,12
KAN9201062.1,KAN9201062,0.8897058823529411,True,11,12
KAN9196216.1,KAN9196216,0.8933823529411765,True,11,12
KAN9195860.1,KAN9195860,0.9816176470588235,True,11,12
KAN9187182.1,KAN9187182,0.9007352941176471,True,10,12
KAN9184753.1,KAN9184753,0.9632352941176471,True,11,12
KAN9182114.1,KAN9182114,0.8933823529411765,True,11,12
KAN9181467.1,KAN9181467,0.9816176470588235,True,11,12
KAN9178742.1,KAN9178742,0.9632352941176471,True,11,12
KAN9173534.1,KAN9173534,0.9816176470588235,True,11,12
KAN9164241.1,KAN9164241,0.8897058823529411,True,11,12
KAN9160386.1,KAN9160386,0.9338235294117647,True,10,12
KAN9157250.1,KAN9157250,0.9338235294117647,True,10,12
KAN9153434.1,KAN9153434,0.9632352941176471,True,11,12
KAN9149787.1,KAN9149787,0.9816176470588235,True,11,12
KAN9146033.1,KAN9146033,0.8933823529411765,True,11,12
KAN9144439.1,KAN9144439,0.9338235294117647,True,10,12
KAN9140303.1,KAN9140303,0.9852941176470589,True,10,12
KAN9134385.1,KAN9134385,0.9191176470588235,True,11,12
KAN9132808.1,KAN9132808,0.9816176470588235,True,11,12
KAN9126604.1,KAN9126604,0.9338235294117647,True,10,12
KAN9126397.1,KAN9126397,0.9632352941176471,True,11,12
KAN9118974.1,KAN9118974,0.9191176470588235,True,11,12
KAN9117381.1,KAN9117381,0.9816176470588235,True,11,12
KAN9112722.1,KAN9112722,0.9816176470588235,True,11,12
KAN9112533.1,KAN9112533,0.8897058823529411,True,11,12
KAN9110241.1,KAN9110241,0.9852941176470589,True,10,12
KAN9106279.1,KAN9106279,0.8897058823529411,True,11,12
KAN9105627.1,KAN9105627,0.8897058823529411,True,11,12
KAN9105238.1,KAN9105238,0.9816176470588235,True,11,12
KAN9103678.1,KAN9103678,0.9338235294117647,True,10,12
KAN9099968.1,KAN9099968,0.9852941176470589,True,10,12
KAN9087383.1,KAN9087383,0.9338235294117647,True,10,12
KAN9085592.1,KAN9085592,0.9816176470588235,True,11,12
KAN9084974.1,KAN9084974,0.9338235294117647,True,10,12
KAN9081417.1,KAN9081417,0.9632352941176471,True,11,12
KAN9076608.1,KAN9076608,0.8933823529411765,True,11,12
KAN9075496.1,KAN9075496,0.9632352941176471,True,11,12
KAN9070660.1,KAN9070660,0.9338235294117647,True,10,12
KAN9067921.1,KAN9067921,0.9338235294117647,True,10,12
KAN9064513.1,KAN9064513,0.9852941176470589,True,10,12
KAN9062277.1,KAN9062277,0.8933823529411765,True,11,12
KAN9062182.1,KAN9062182,0.9632352941176471,True,11,12
KAN9061885.1,KAN9061885,0.9816176470588235,True,11,12
KAN9057047.1,KAN9057047,0.9816176470588235,True,11,12
KAN9046499.1,KAN9046499,0.9191176470588235,True,11,12
KAN9042612.1,KAN9042612,0.9816176470588235,True,11,12
KAN9041639.1,KAN9041639,0.9338235294117647,True,10,12
KAN9035696.1,KAN9035696,0.9816176470588235,True,11,12
KAN9034757.1,KAN9034757,0.9191176470588235,True,11,12
KAN9033446.1,KAN9033446,0.8897058823529411,True,11,12
KAN9032459.1,KAN9032459,0.9816176470588235,True,11,12
KAN9025181.1,KAN9025181,0.9852941176470589,True,10,12
KAN9015446.1,KAN9015446,0.9852941176470589,True,10,12
KAN9015224.1,KAN9015224,0.9338235294117647,True,10,12
KAN9012337.1,KAN9012337,0.8897058823529411,True,11,12
KAN9011888.1,KAN9011888,0.8933823529411765,True,11,12
KAN9010335.1,KAN9010335,0.9632352941176471,True,11,12
KAN9009595.1,KAN9009595,0.9338235294117647,True,10,12
KAN9000064.1,KAN9000064,0.9816176470588235,True,11,12
KAN8996042.1,KAN8996042,0.9632352941176471,True,11,12
KAN8993117.1,KAN8993117,0.9816176470588235,True,11,12
KAN8989203.1,KAN8989203,0.9338235294117647,True,10,12
KAN8988820.1,KAN8988820,0.9338235294117647,True,10,12
KAN8987137.1,KAN8987137,0.9632352941176471,True,11,12
KAN8985738.1,KAN8985738,0.9816176470588235,True,11,12
KAN8976467.1,KAN8976467,0.8933823529411765,True,11,12
KAN8975764.1,KAN8975764,0.8933823529411765,True,11,12
KAN8967678.1,KAN8967678,0.8933823529411765,True,11,12
KAN8960987.1,KAN8960987,0.9816176470588235,True,11,12
KAN8958632.1,KAN8958632,0.9632352941176471,True,11,12
KAN8953001.1,KAN8953001,0.9816176470588235,True,11,12
KAN8950477.1,KAN8950477,0.9338235294117647,True,10,12
KAN8945738.1,KAN8945738,0.9007352941176471,True,10,12
KAN8943873.1,KAN8943873,0.9338235294117647,True,10,12
KAN8943244.1,KAN8943244,0.9816176470588235,True,11,12
KAN8943000.1,KAN8943000,0.8933823529411765,True,11,12
KAN8940967.1,KAN8940967,0.9632352941176471,True,11,12
KAN8932430.1,KAN8932430,0.8933823529411765,True,11,12
KAN8924148.1,KAN8924148,0.8933823529411765,True,11,12
KAN8922541.1,KAN8922541,0.9338235294117647,True,10,12
KAN8921393.1,KAN8921393,0.9816176470588235,True,11,12
KAN8920830.1,KAN8920830,0.9632352941176471,True,11,12
KAN8916882.1,KAN8916882,0.9632352941176471,True,11,12
KAN8913245.1,KAN8913245,0.9632352941176471,True,11,12
KAN8907048.1,KAN8907048,0.8933823529411765,True,11,12
KAN8905054.1,KAN8905054,0.9338235294117647,True,10,12
KAN8903829.1,KAN8903829,0.9816176470588235,True,11,12
KAN8895971.1,KAN8895971,0.9338235294117647,True,10,12
KAN8894640.1,KAN8894640,0.9632352941176471,True,11,12
KAN8894239.1,KAN8894239,0.9816176470588235,True,11,12
KAN8883671.1,KAN8883671,0.8933823529411765,True,11,12
KAN8882919.1,KAN8882919,0.9852941176470589,True,10,12
KAN8879625.1,KAN8879625,0.9816176470588235,True,11,12
KAN8878244.1,KAN8878244,0.8198529411764706,True,10,12
KAN8875137.1,KAN8875137,0.9632352941176471,True,11,12
KAN8868907.1,KAN8868907,0.9007352941176471,True,10,12
KAN8866467.1,KAN8866467,0.8933823529411765,True,11,12
KAN8860161.1,KAN8860161,0.9816176470588235,True,11,12
KAN8854989.1,KAN8854989,0.9816176470588235,True,11,12
KAN8854191.1,KAN8854191,0.9632352941176471,True,11,12
KAN8852885.1,KAN8852885,0.9632352941176471,True,11,12
KAN8852068.1,KAN8852068,0.9816176470588235,True,11,12
KAN8851977.1,KAN8851977,0.8198529411764706,True,10,12
KAN8840965.1,KAN8840965,0.9852941176470589,True,10,12
KAN8836086.1,KAN8836086,0.8933823529411765,True,11,12
KAN8829913.1,KAN8829913,0.9338235294117647,True,10,12
KAN8828900.1,KAN8828900,0.9632352941176471,True,11,12
KAN8826142.1,KAN8826142,0.9852941176470589,True,10,12
KAN8817307.1,KAN8817307,0.9632352941176471,True,11,12
KAN8814360.1,KAN8814360,0.9632352941176471,True,11,12
KAN8808855.1,KAN8808855,0.9816176470588235,True,11,12
KAN8806140.1,KAN8806140,0.7426470588235294,True,8,12
KAN8803722.1,KAN8803722,0.9338235294117647,True,10,12
KAN8798137.1,KAN8798137,0.9816176470588235,True,11,12
KAN8795609.1,KAN8795609,0.9816176470588235,True,11,12
KAN8794480.1,KAN8794480,0.9007352941176471,True,10,12
KAN8793163.1,KAN8793163,0.8933823529411765,True,11,12
KAN8792524.1,KAN8792524,0.8933823529411765,True,11,12
CAQ9736511.1,CAQ9736511,0.7867647058823529,True,8,12
CAR3355026.1,CAR3355026,0.25,False,5,12
CAR3389117.1,CAR3389117,0.24632352941176472,False,5,12
CAQ9727366.1,CAQ9727366,0.9117647058823529,True,9,12
CAQ8760408.1,CAQ8760408,0.9117647058823529,True,10,12
CAQ2034896.1,CAQ2034896,0.7647058823529411,True,7,12
CAQ1451020.1,CAQ1451020,0.9117647058823529,True,10,12
CAR1604122.1,CAR1604122,0.8676470588235294,True,7,12
WP_481395440.1,WP_481395440,0.47794117647058826,False,5,12
CAR1294953.1,CAR1294953,0.9522058823529411,True,10,12
CAR1272059.1,CAR1272059,0.9522058823529411,True,10,12
CAR1248110.1,CAR1248110,0.9963235294117647,True,11,12
CAR1275761.1,CAR1275761,0.9963235294117647,True,11,12
WP_102614236.1,WP_102614236,0.3125,False,3,12
KAN5261177.1,KAN5261177,0.9301470588235294,True,9,12
KAN5257714.1,KAN5257714,0.9080882352941176,True,10,12
KAN5251600.1,KAN5251600,0.9816176470588235,True,11,12
KAN5251310.1,KAN5251310,0.9375,True,9,12
KAN5249353.1,KAN5249353,0.9301470588235294,True,9,12
KAN5242759.1,KAN5242759,0.9705882352941176,True,10,12
KAN5241082.1,KAN5241082,0.9301470588235294,True,9,12
KAN5240556.1,KAN5240556,0.8970588235294118,True,10,12
KAN5240282.1,KAN5240282,0.8970588235294118,True,10,12
KAN5239451.1,KAN5239451,0.9742647058823529,True,10,12
KAN5237069.1,KAN5237069,0.9080882352941176,True,10,12
KAN5235007.1,KAN5235007,0.9301470588235294,True,9,12
KAN5231938.1,KAN5231938,0.4742647058823529,False,6,12
KAN5225982.1,KAN5225982,0.9080882352941176,True,10,12
KAN5224046.1,KAN5224046,0.5220588235294118,True,9,12
KAN5223967.1,KAN5223967,0.9301470588235294,True,9,12
KAN5220487.1,KAN5220487,0.9338235294117647,True,10,12
KAN5220399.1,KAN5220399,0.9007352941176471,True,10,12
KAN5213628.1,KAN5213628,0.9080882352941176,True,10,12
KAN5208176.1,KAN5208176,0.9080882352941176,True,10,12
KAN5207344.1,KAN5207344,0.9080882352941176,True,10,12
KAN5192427.1,KAN5192427,0.9080882352941176,True,10,12
KAN5189123.1,KAN5189123,0.9080882352941176,True,10,12
KAN5186108.1,KAN5186108,0.9080882352941176,True,10,12
KAN5179232.1,KAN5179232,0.9007352941176471,True,10,12
KAN5176757.1,KAN5176757,0.9375,True,10,12
KAN5176311.1,KAN5176311,0.8970588235294118,True,10,12
KAN5168905.1,KAN5168905,0.9080882352941176,True,10,12
KAN5167922.1,KAN5167922,0.9080882352941176,True,10,12
KAN5165939.1,KAN5165939,0.9742647058823529,True,10,12
KAN5158476.1,KAN5158476,0.9301470588235294,True,9,12
KAN5155002.1,KAN5155002,0.9080882352941176,True,10,12
KAN5148457.1,KAN5148457,0.9080882352941176,True,10,12
KAN5143765.1,KAN5143765,0.9301470588235294,True,9,12
KAN5141004.1,KAN5141004,0.9080882352941176,True,10,12
A0A023VXA2.1,A0A023VXA2,0.9852941176470589,True,11,12
P58599.1,P58599,0.9816176470588235,True,12,12
P15704.1,P15704,1.0,True,12,12
P06564.1,P06564,1.0,True,11,12
P07983.2,P07983,0.9963235294117647,True,11,12
WP_476308614.1,WP_476308614,0.43014705882352944,False,5,12
WP_476303578.1,WP_476303578,0.3161764705882353,False,3,12
WP_476249660.1,WP_476249660,0.43014705882352944,False,5,12
WP_101158858.1,WP_101158858,0.43014705882352944,False,5,12
P07982.1,P07982,0.9264705882352942,True,10,12
P10475.1,P10475,0.9963235294117647,True,11,12
P16216.1,P16216,0.9595588235294118,True,11,12
WP_474320660.1,WP_474320660,0.43014705882352944,False,5,12
WP_472510166.1,WP_472510166,0.43014705882352944,False,5,12
WP_472508925.1,WP_472508925,0.43014705882352944,False,5,12
WP_122508323.1,WP_122508323,0.43014705882352944,False,5,12
WP_471877530.1,WP_471877530,0.43014705882352944,False,5,12
WP_223526411.1,WP_223526411,0.25,False,3,12
YDE66953.1,YDE66953,1.0,True,12,12
WP_463552681.1,WP_463552681,0.8125,True,9,12
WP_463549214.1,WP_463549214,0.43014705882352944,False,5,12
XP_065460616.1,XP_065460616,0.7095588235294118,False,7,12
XP_057135862.1,XP_057135862,0.9411764705882353,True,10,12
XP_057115925.1,XP_057115925,0.9595588235294118,True,9,12
XP_056493740.1,XP_056493740,0.9448529411764706,True,9,12
CAN6951768.1,CAN6951768,0.9080882352941176,True,9,12
CAN9029758.1,CAN9029758,0.9080882352941176,True,9,12
WP_462049588.1,WP_462049588,0.2647058823529412,False,3,12
WP_462045413.1,WP_462045413,0.2757352941176471,False,3,12
WP_462034547.1,WP_462034547,0.3125,False,3,12
WP_461972774.1,WP_461972774,0.2647058823529412,False,3,12
WP_461964564.1,WP_461964564,0.2610294117647059,False,3,12
WP_461960323.1,WP_461960323,0.3125,False,3,12
WP_460120378.1,WP_460120378,0.43014705882352944,False,5,12
WP_460109419.1,WP_460109419,0.8014705882352942,True,9,12
WP_341637066.1,WP_341637066,0.43014705882352944,False,5,12
WP_460161110.1,WP_460161110,0.43014705882352944,False,5,12
WP_460062167.1,WP_460062167,0.43014705882352944,False,5,12
A0A024SH20.1,A0A024SH20,0.9264705882352942,True,10,12
P19487.2,P19487,0.9963235294117647,True,12,12
P23548.2,P23548,1.0,True,12,12
P17974.2,P17974,0.9816176470588235,True,12,12
P19424.1,P19424,0.9926470588235294,True,12,12
P27035.2,P27035,0.9963235294117647,True,10,12
P23549.1,P23549,0.9963235294117647,True,11,12
YCP35212.1,YCP35212,0.43014705882352944,True,9,12
YCP43905.1,YCP43905,0.43014705882352944,True,9,12
WP_458974158.1,WP_458974158,0.27941176470588236,False,3,12
WP_458959941.1,WP_458959941,0.3161764705882353,False,3,12
WP_458944853.1,WP_458944853,0.27941176470588236,False,3,12
GAL13555.1,GAL13555,0.7463235294117647,False,9,12
WP_457373802.1,WP_457373802,0.41544117647058826,False,4,12
WP_457262544.1,WP_457262544,0.43014705882352944,False,5,12
YBZ68765.1,YBZ68765,0.9963235294117647,True,11,12
WP_455806953.1,WP_455806953,0.7977941176470589,True,9,12
WP_130208870.1,WP_130208870,0.27941176470588236,False,3,12
WP_414955397.1,WP_414955397,0.5367647058823529,False,5,12
WP_449105812.1,WP_449105812,0.27941176470588236,False,3,12
WP_448646956.1,WP_448646956,0.27941176470588236,False,3,12
WP_448090787.1,WP_448090787,0.4227941176470588,False,5,12
WP_447798216.1,WP_447798216,0.43014705882352944,False,5,12
ATL86941.1,ATL86941,0.8970588235294118,True,11,12
YAI13659.1,YAI13659,0.2977941176470588,False,3,12
YAC29695.1,YAC29695,0.43014705882352944,False,5,12
XZA69765.1,XZA69765,0.2867647058823529,True,9,12
XYT23942.1,XYT23942,0.2867647058823529,True,9,12
XYC46423.1,XYC46423,0.3014705882352941,True,12,12
WP_436274187.1,WP_436274187,0.3125,False,3,12
CAN7570532.1,CAN7570532,0.3125,False,3,12
XXL57363.1,XXL57363,0.2867647058823529,True,9,12
WP_434766187.1,WP_434766187,0.43014705882352944,False,5,12
XWZ74100.1,XWZ74100,0.9963235294117647,True,10,12
KAL6983799.1,KAL6983799,0.8823529411764706,True,10,12
KAL6979532.1,KAL6979532,0.9044117647058824,True,10,12
CAL2067814.1,CAL2067814,0.9926470588235294,True,12,12
CAL2074298.1,CAL2074298,0.9926470588235294,True,12,12
ABV98267.1,ABV98267,0.9926470588235294,True,12,12
WP_427573553.1,WP_427573553,0.25,True,10,12
WP_426619562.1,WP_426619562,0.8125,True,9,12
WP_425643848.1,WP_425643848,0.43014705882352944,False,5,12
XSA48013.1,XSA48013,0.8125,True,9,12
BCE03288.1,BCE03288,0.9779411764705882,True,10,12
BCE02488.1,BCE02488,0.9963235294117647,True,11,12
XRA47969.1,XRA47969,0.3125,False,4,12
WP_346622937.1,WP_346622937,0.43014705882352944,False,5,12
WP_419711135.1,WP_419711135,0.4264705882352941,True,9,12
XPS02465.1,XPS02465,0.4264705882352941,True,9,12
WP_348969897.1,WP_348969897,0.43014705882352944,False,5,12
XBL93930.1,XBL93930,0.43014705882352944,False,5,12
GAA5264582.1,GAA5264582,0.9117647058823529,True,10,12
WP_415767262.1,WP_415767262,0.2536764705882353,False,3,12
CAM3722765.1,CAM3722765,0.8970588235294118,True,9,12
WP_415263941.1,WP_415263941,0.25,False,3,12
CAM3357822.1,CAM3357822,0.7683823529411765,True,9,12
CAI8726239.1,CAI8726239,0.25,False,3,12
CAI8894440.1,CAI8894440,0.25,False,3,12
CAI8834081.1,CAI8834081,0.29411764705882354,True,10,12
CAI8840144.1,CAI8840144,0.29411764705882354,False,3,12
CAI8803944.1,CAI8803944,0.28308823529411764,False,3,12
CAI8893189.1,CAI8893189,0.8161764705882353,True,7,12
CAI8821490.1,CAI8821490,0.9448529411764706,True,10,12
CAI8792356.1,CAI8792356,0.9522058823529411,True,10,12
CAI8768062.1,CAI8768062,0.9963235294117647,True,11,12
CAI8892885.1,CAI8892885,0.8125,True,7,12
CAI8785432.1,CAI8785432,0.9522058823529411,True,10,12
CAI8762520.1,CAI8762520,0.9963235294117647,True,11,12
CAI8725077.1,CAI8725077,0.9963235294117647,True,11,12
CAI8835145.1,CAI8835145,0.8125,True,7,12
KAL4418084.1,KAL4418084,0.23529411764705882,False,3,12
CAM2146313.1,CAM2146313,0.9963235294117647,True,11,12
XLW97529.1,XLW97529,0.29411764705882354,False,3,12
CAM1373522.1,CAM1373522,0.8933823529411765,True,8,12
XKS89985.1,XKS89985,0.30514705882352944,False,3,12
WP_140681206.1,WP_140681206,0.2647058823529412,False,3,12
XKR13754.1,XKR13754,0.43014705882352944,False,5,12
WP_404671274.1,WP_404671274,0.30514705882352944,True,11,12
WP_221733201.1,WP_221733201,0.4264705882352941,True,9,12
WP_403137841.1,WP_403137841,0.3125,False,3,12
WP_401387414.1,WP_401387414,0.8492647058823529,True,9,12
WP_401315093.1,WP_401315093,0.2610294117647059,False,3,12
WP_401310601.1,WP_401310601,0.25735294117647056,False,3,12
WP_401239567.1,WP_401239567,0.8125,True,9,12
WP_400694742.1,WP_400694742,0.3125,False,4,12
WP_400554955.1,WP_400554955,0.43014705882352944,False,5,12
WP_400502193.1,WP_400502193,0.43014705882352944,False,5,12
WP_397478716.1,WP_397478716,0.43014705882352944,False,5,12
XIH52296.1,XIH52296,0.9007352941176471,True,10,12
XIH42537.1,XIH42537,0.8970588235294118,True,8,12
XIH71839.1,XIH71839,0.8639705882352942,True,9,12
XIG91236.1,XIG91236,0.8492647058823529,True,8,12
XIG89020.1,XIG89020,0.8529411764705882,True,8,12
WP_392887504.1,WP_392887504,0.2867647058823529,False,9,12
BAA12676.1,BAA12676,0.9669117647058824,True,9,12
XIE43612.1,XIE43612,0.2867647058823529,False,9,12
WP_390955479.1,WP_390955479,0.41544117647058826,False,4,12
XHO07589.1,XHO07589,0.9816176470588235,True,12,12
XHI67015.1,XHI67015,0.9264705882352942,True,11,12
XHI67014.1,XHI67014,0.9375,True,10,12
XHI67013.1,XHI67013,0.9926470588235294,True,10,12
WP_375122444.1,WP_375122444,0.43014705882352944,False,5,12
XGZ18507.1,XGZ18507,0.43014705882352944,False,5,12
CDN41871.1,CDN41871,0.9338235294117647,True,9,12
XDZ54946.1,XDZ54946,0.9301470588235294,True,7,12
BES79750.1,BES79750,0.9963235294117647,True,11,12
XGB13325.1,XGB13325,0.2757352941176471,False,3,12
XET69213.1,XET69213,0.31985294117647056,True,10,12
KAL1565230.1,KAL1565230,0.9154411764705882,True,10,12
KAL1565229.1,KAL1565229,0.8235294117647058,True,7,12
KAL1551968.1,KAL1551968,0.9117647058823529,True,10,12
KAL1551967.1,KAL1551967,0.9117647058823529,True,10,12
KAL1551966.1,KAL1551966,0.5404411764705882,False,5,12
KAL1551964.1,KAL1551964,0.9154411764705882,True,9,12
KAL1551963.1,KAL1551963,0.9154411764705882,True,9,12
KAL1551962.1,KAL1551962,0.9154411764705882,True,9,12
KAL1551961.1,KAL1551961,0.9154411764705882,True,9,12
KAL1551960.1,KAL1551960,0.9007352941176471,True,10,12
KAL1532747.1,KAL1532747,0.9117647058823529,True,10,12
WP_369991810.1,WP_369991810,0.30514705882352944,True,11,12
AWM35364.1,AWM35364,0.9963235294117647,True,11,12
XP_066732524.1,XP_066732524,0.3235294117647059,True,11,12
XP_066734795.1,XP_066734795,0.7058823529411765,False,7,12
XP_066661595.1,XP_066661595,0.5441176470588235,False,5,12
XDC06972.1,XDC06972,0.3014705882352941,True,12,12
XDA16208.1,XDA16208,0.29044117647058826,False,3,12
XCG98628.1,XCG98628,0.9963235294117647,True,11,12
XCG76920.1,XCG76920,0.3088235294117647,False,3,12
WP_073471427.1,WP_073471427,0.43014705882352944,False,5,12
WP_350482927.1,WP_350482927,0.43014705882352944,False,5,12
XBT46226.1,XBT46226,0.29044117647058826,False,3,12
WP_348122910.1,WP_348122910,0.3088235294117647,False,3,12
WP_347804478.1,WP_347804478,0.3125,False,3,12
XAR70241.1,XAR70241,0.9154411764705882,True,10,12
XAR70239.1,XAR70239,0.9117647058823529,True,10,12
XAR64472.1,XAR64472,0.8272058823529411,True,7,12
KAK8123308.1,KAK8123308,0.375,True,11,12
KAK8119601.1,KAK8119601,0.7058823529411765,False,7,12
KAK8117328.1,KAK8117328,0.3235294117647059,True,11,12
KAK8109319.1,KAK8109319,0.3602941176470588,False,5,12
KAK8105304.1,KAK8105304,0.7058823529411765,False,7,12
KAK8062996.1,KAK8062996,0.5441176470588235,False,5,12
KAK8057012.1,KAK8057012,0.3602941176470588,False,5,12
KAK8036289.1,KAK8036289,0.5551470588235294,False,5,12
KAK7990279.1,KAK7990279,0.22426470588235295,False,3,12
KAK7990253.1,KAK7990253,0.3897058823529412,False,5,12
AOK31304.1,AOK31304,0.8014705882352942,True,9,12
KAK7445545.1,KAK7445545,0.23161764705882354,False,3,12
KAK7253611.1,KAK7253611,0.9963235294117647,True,12,12
KAK7182785.1,KAK7182785,0.2426470588235294,False,5,12
KAK6852268.1,KAK6852268,0.22426470588235295,False,3,12
WWP10139.1,WWP10139,0.2867647058823529,True,9,12
KAK6450073.1,KAK6450073,0.9154411764705882,True,9,12
KAK6445719.1,KAK6445719,0.9007352941176471,True,9,12
WP_333714163.1,WP_333714163,0.43014705882352944,False,5,12
WRK65563.1,WRK65563,0.9926470588235294,True,11,12
KAK6206750.1,KAK6206750,0.2977941176470588,False,5,12
KAK6088924.1,KAK6088924,0.22794117647058823,False,3,12
KAK6070809.1,KAK6070809,0.22794117647058823,False,3,12
WVX03762.1,WVX03762,0.2757352941176471,False,3,12
WVV61605.1,WVV61605,0.2610294117647059,False,3,12
XP_013326293.1,XP_013326293,0.9926470588235294,True,10,12
XP_013323622.1,XP_013323622,0.9338235294117647,True,10,12
WVM64570.1,WVM64570,0.2757352941176471,False,3,12
WP_329696582.1,WP_329696582,0.8676470588235294,True,9,12
WP_329517371.1,WP_329517371,0.43014705882352944,False,5,12
WP_325717075.1,WP_325717075,0.43014705882352944,False,5,12
WP_325322865.1,WP_325322865,0.2867647058823529,True,9,12
CAK7258616.1,CAK7258616,0.9375,True,11,12
WRW01298.1,WRW01298,0.2757352941176471,False,3,12
WRM49288.1,WRM49288,0.9705882352941176,True,11,12
KAK4687586.1,KAK4687586,0.9411764705882353,True,7,12
WCQ93470.1,WCQ93470,0.9963235294117647,True,10,12
WCQ91245.1,WCQ91245,0.9044117647058824,True,10,12
WP_323164802.1,WP_323164802,0.46691176470588236,True,9,12
XP_008594636.1,XP_008594636,0.24632352941176472,False,3,12
XP_036531494.1,XP_036531494,0.9227941176470589,True,9,12
XP_036537752.1,XP_036537752,0.38235294117647056,True,11,12
XP_007817187.1,XP_007817187,0.7169117647058824,True,9,12
WP_322948140.1,WP_322948140,0.30514705882352944,False,3,12
XP_016582695.1,XP_016582695,0.22794117647058823,False,3,12
CAK4022690.1,CAK4022690,0.22794117647058823,False,5,12
CAK4029967.1,CAK4029967,0.9852941176470589,True,12,12
CAK4032617.1,CAK4032617,0.8161764705882353,False,8,12
CAK4033692.1,CAK4033692,0.5404411764705882,False,7,12
CAQ5375801.1,CAQ5375801,0.9375,True,11,12
CAQ5375800.1,CAQ5375800,0.9044117647058824,True,7,12
XAI72224.1,XAI72224,0.9742647058823529,True,10,12
GIO11309.1,GIO11309,0.9963235294117647,True,12,12
GAE88280.1,GAE88280,0.875,True,11,12
GAE88377.1,GAE88377,0.3786764705882353,False,5,12
GAE88376.1,GAE88376,0.47794117647058826,False,6,12
GAE90193.1,GAE90193,0.47794117647058826,False,1,12
GAE90522.1,GAE90522,0.3860294117647059,False,5,12
GAE90520.1,GAE90520,0.5551470588235294,False,7,12
BCS82199.1,BCS82199,0.8933823529411765,True,8,12
UXF00194.1,UXF00194,0.9448529411764706,True,9,12
AKE31378.1,AKE31378,0.9044117647058824,True,7,12
AKE31377.1,AKE31377,0.9375,True,11,12
AKE29507.1,AKE29507,0.9044117647058824,True,7,12
AKE29506.1,AKE29506,0.9375,True,11,12
AKE27634.1,AKE27634,0.9044117647058824,True,7,12
AKE27633.1,AKE27633,0.9375,True,11,12
KAF2962237.1,KAF2962237,0.9448529411764706,True,10,12
TYQ17724.1,TYQ17724,0.9889705882352942,True,10,12
TYQ15182.1,TYQ15182,0.4375,True,10,12
TYQ14912.1,TYQ14912,0.9558823529411765,True,11,12
THF75155.1,THF75155,0.7830882352941176,True,8,12
TCO66343.1,TCO66343,0.9963235294117647,True,11,12
QAV33433.1,QAV33433,0.9448529411764706,True,10,12
RXE60716.1,RXE60716,0.9448529411764706,True,10,12
RXE60320.1,RXE60320,0.9963235294117647,True,12,12
RXE60218.1,RXE60218,0.9963235294117647,True,12,12
RXE58124.1,RXE58124,0.9926470588235294,True,12,12
AZT91215.1,AZT91215,0.9963235294117647,True,12,12
AZT90847.1,AZT90847,0.9595588235294118,True,11,12
AZT89324.1,AZT89324,0.8933823529411765,True,8,12
RKP53163.1,RKP53163,1.0,True,12,12
RKP46756.1,RKP46756,1.0,True,11,12
RBP57376.1,RBP57376,0.9558823529411765,True,11,12
PYG90198.1,PYG90198,0.9522058823529411,True,11,12
PYG87806.1,PYG87806,0.9595588235294118,True,11,12
PRX67911.1,PRX67911,0.9926470588235294,True,11,12
PQQ68369.1,PQQ68369,0.9669117647058824,True,11,12
PQQ67260.1,PQQ67260,0.9963235294117647,True,12,12
PQQ66693.1,PQQ66693,0.9926470588235294,True,12,12
PPS95275.1,PPS95275,1.0,True,12,12
PPS91825.1,PPS91825,0.9926470588235294,True,11,12
PNV79222.1,PNV79222,0.9705882352941176,True,11,12
PNV79221.1,PNV79221,0.9411764705882353,True,11,12
PNV79220.1,PNV79220,0.9595588235294118,True,8,12
PNV79077.1,PNV79077,0.9301470588235294,True,11,12
PMQ01279.1,PMQ01279,0.9117647058823529,True,10,12
PMQ00777.1,PMQ00777,0.9448529411764706,True,11,12
ODN31056.1,ODN31056,0.9448529411764706,True,10,12
PHJ14512.1,PHJ14512,0.9448529411764706,True,10,12
SOD23701.1,SOD23701,0.9522058823529411,True,10,12
PFH25716.1,PFH25716,0.9963235294117647,True,11,12
PFH22628.1,PFH22628,0.9963235294117647,True,11,12
PFH17711.1,PFH17711,0.9963235294117647,True,11,12
PFH15620.1,PFH15620,0.9963235294117647,True,11,12
PFH03530.1,PFH03530,0.9522058823529411,True,10,12
PBD09133.1,PBD09133,0.9963235294117647,True,11,12
PBD05865.1,PBD05865,0.9963235294117647,True,11,12
PBD04501.1,PBD04501,0.9963235294117647,True,11,12
PBC90068.1,PBC90068,0.9963235294117647,True,11,12
PBC87129.1,PBC87129,0.9963235294117647,True,11,12
AEV70372.1,AEV70372,1.0,True,12,12
AEV68583.1,AEV68583,0.9963235294117647,True,12,12
AEV67797.1,AEV67797,1.0,True,12,12
AEV67086.1,AEV67086,0.9558823529411765,True,11,12
ADU75785.1,ADU75785,0.9926470588235294,True,12,12
ADU75267.1,ADU75267,0.9522058823529411,True,10,12
ADU75266.1,ADU75266,0.9154411764705882,False,4,12
ADU74872.1,ADU74872,0.9963235294117647,True,12,12
ADU74758.1,ADU74758,0.9963235294117647,True,12,12
ADU74487.1,ADU74487,0.9522058823529411,True,11,12
ADU73502.1,ADU73502,0.9926470588235294,True,12,12
ADU73485.1,ADU73485,0.9301470588235294,True,10,12
ACL76673.1,ACL76673,0.9963235294117647,True,12,12
ACL75458.1,ACL75458,0.9669117647058824,True,11,12
ACL75216.1,ACL75216,0.9448529411764706,True,10,12
ACL75118.1,ACL75118,0.9963235294117647,True,12,12
ACL74811.1,ACL74811,1.0,True,12,12
ABV33417.1,ABV33417,0.9375,True,9,12
ABN54070.1,ABN54070,0.9926470588235294,True,12,12
ABN54006.1,ABN54006,0.9301470588235294,True,10,12
ABN53350.1,ABN53350,0.9926470588235294,True,12,12
ABN52701.1,ABN52701,0.9522058823529411,True,10,12
ABN52700.1,ABN52700,0.9154411764705882,False,4,12
ABN52032.1,ABN52032,0.9522058823529411,True,11,12
ABN51772.1,ABN51772,0.9963235294117647,True,12,12
ABN51643.1,ABN51643,0.9963235294117647,True,12,12
OXS58876.1,OXS58876,0.5514705882352942,True,11,12
SMR96764.1,SMR96764,0.9963235294117647,True,11,12
SMR92453.1,SMR92453,0.9963235294117647,True,11,12
SMR90007.1,SMR90007,0.9963235294117647,True,11,12
SMR95244.1,SMR95244,0.9963235294117647,True,11,12
ARO76321.1,ARO76321,0.9301470588235294,True,11,12
SLL40035.1,SLL40035,0.9963235294117647,True,11,12
SKC62770.1,SKC62770,0.9963235294117647,True,11,12
SKC44333.1,SKC44333,0.9963235294117647,True,11,12
SKC66892.1,SKC66892,0.9963235294117647,True,11,12
SHN52027.1,SHN52027,0.9448529411764706,True,9,12
SDH86387.1,SDH86387,0.9448529411764706,True,10,12
ANV77591.1,ANV77591,0.9926470588235294,True,12,12
ANV77007.1,ANV77007,0.9522058823529411,True,10,12
ANV77006.1,ANV77006,0.9154411764705882,False,4,12
ANV76577.1,ANV76577,0.9963235294117647,True,12,12
ANV76461.1,ANV76461,0.9963235294117647,True,12,12
ANV76179.1,ANV76179,0.9522058823529411,True,11,12
ANV75163.1,ANV75163,0.9926470588235294,True,12,12
ANV75146.1,ANV75146,0.9301470588235294,True,10,12
ALX09817.1,ALX09817,0.9926470588235294,True,12,12
ALX09255.1,ALX09255,0.9522058823529411,True,10,12
ALX09254.1,ALX09254,0.9154411764705882,False,4,12
ALX08827.1,ALX08827,0.9963235294117647,True,12,12
ALX08709.1,ALX08709,0.9963235294117647,True,12,12
ALX08430.1,ALX08430,0.9522058823529411,True,11,12
ALX07424.1,ALX07424,0.9926470588235294,True,12,12
ALX07407.1,ALX07407,0.9301470588235294,True,10,12
ANE42311.1,ANE42311,0.9448529411764706,True,9,12
KUP98038.1,KUP98038,1.0,True,12,12
KUP95310.1,KUP95310,0.9926470588235294,True,11,12
KUK23833.1,KUK23833,0.9044117647058824,True,7,12
KUK23832.1,KUK23832,0.9375,True,11,12
CAB01405.2,CAB01405,0.9963235294117647,True,11,12
CUH91792.1,CUH91792,0.9963235294117647,True,12,12
AHD18355.1,AHD18355,0.9375,True,11,12
AHD18354.1,AHD18354,0.9044117647058824,True,7,12
AFG35892.1,AFG35892,0.9448529411764706,True,9,12
ACY96946.1,ACY96946,0.8713235294117647,True,10,12
AFK87329.1,AFK87329,0.9080882352941176,True,10,12
AFK85368.1,AFK85368,0.9963235294117647,True,11,12
CDZ23707.1,CDZ23707,1.0,True,12,12
ERM91588.1,ERM91588,0.9963235294117647,True,11,12
ACI19118.1,ACI19118,0.9595588235294118,True,8,12
ADQ41479.1,ADQ41479,0.9963235294117647,True,11,12
ADQ39796.1,ADQ39796,0.8823529411764706,True,8,12
AAD36817.1,AAD36817,0.9044117647058824,True,7,12
AAD36816.1,AAD36816,0.9375,True,11,12
AAM23649.1,AAM23649,0.9963235294117647,True,11,12
ACM60947.1,ACM60947,0.9558823529411765,True,11,12
ACM59720.1,ACM59720,0.9963235294117647,True,11,12
ACM59384.1,ACM59384,0.8933823529411765,True,8,12
ADL69420.1,ADL69420,0.9080882352941176,True,9,12
AGL50683.1,AGL50683,0.9375,True,11,12
ACY46934.1,ACY46934,0.9779411764705882,True,11,12
ACK42859.1,ACK42859,0.9485294117647058,True,10,12
ACK41956.1,ACK41956,0.9595588235294118,True,8,12
ACK41955.1,ACK41955,0.9411764705882353,True,11,12
ACK41954.1,ACK41954,0.9705882352941176,True,11,12
ACK41602.1,ACK41602,0.9301470588235294,True,11,12
ACB09420.1,ACB09420,0.9375,True,11,12
ACB09419.1,ACB09419,0.9044117647058824,True,7,12
ABS61403.1,ABS61403,0.9448529411764706,True,10,12
ABP66297.1,ABP66297,0.9963235294117647,True,12,12
CDG36136.1,CDG36136,0.9154411764705882,False,4,12
CDG36664.1,CDG36664,0.9926470588235294,True,12,12
AEN71978.1,AEN71978,0.9816176470588235,True,11,12
EPR13549.1,EPR13549,0.9963235294117647,True,12,12
EPR12956.1,EPR12956,0.9963235294117647,True,12,12
EPR12097.1,EPR12097,0.9669117647058824,True,11,12
EPR11470.1,EPR11470,1.0,True,12,12
EOR72053.1,EOR72053,0.9926470588235294,True,11,12
EOR70177.1,EOR70177,1.0,True,12,12
EMS73525.1,EMS73525,0.9963235294117647,True,12,12
EMS73472.1,EMS73472,0.9926470588235294,True,12,12
EMS72912.1,EMS72912,0.9154411764705882,True,11,12
EMS72338.1,EMS72338,0.9669117647058824,True,10,12
EMS71779.1,EMS71779,0.9191176470588235,True,10,12
EMS69890.1,EMS69890,1.0,True,12,12
ADQ47167.1,ADQ47167,0.8933823529411765,True,8,12
ADQ46879.1,ADQ46879,0.9963235294117647,True,11,12
ADQ45732.1,ADQ45732,0.9595588235294118,True,11,12
AEM74681.1,AEM74681,0.8897058823529411,True,8,12
AEM73020.1,AEM73020,0.9963235294117647,True,11,12
ADQ08066.1,ADQ08066,0.8933823529411765,False,7,12
ADQ07774.1,ADQ07774,0.9963235294117647,True,11,12
ADQ04043.1,ADQ04043,0.9963235294117647,True,11,12
ADL41864.1,ADL41864,0.9963235294117647,True,12,12
EIC05371.1,EIC05371,0.9522058823529411,True,11,12
EIC05351.1,EIC05351,0.9963235294117647,True,12,12
EIC05168.1,EIC05168,0.9963235294117647,True,12,12
EIC04722.1,EIC04722,0.9154411764705882,False,4,12
EIC04126.1,EIC04126,0.9301470588235294,True,10,12
EIC04109.1,EIC04109,0.9926470588235294,True,12,12
EIC03668.1,EIC03668,0.9926470588235294,True,12,12
EGD49658.1,EGD49658,0.9963235294117647,True,12,12
EGD49416.1,EGD49416,0.9779411764705882,True,11,12
EGD48151.1,EGD48151,0.9485294117647058,True,10,12
EGD46605.1,EGD46605,1.0,True,12,12
EGD45892.1,EGD45892,0.9963235294117647,True,12,12
ADO21451.1,ADO21451,0.9963235294117647,True,11,12
AAA23225.1,AAA23225,0.9522058823529411,True,10,12
AAK60011.1,AAK60011,0.9779411764705882,True,10,12
AAP56348.1,AAP56348,1.0,True,12,12
BAA00793.1,BAA00793,0.9301470588235294,True,10,12
