Accession,Organism,OGT,Topt,OGT_pred,P_thermostable
WP_493066509.1,unclassified Pseudomonas,,,28.264729,1.0764672407149152e-07
WP_492605814.1,Pseudomonas azerbaijanoccidentalis,28.879518072289155,52.5,29.469309,7.620386422867968e-07
YFQ25161.1,Pseudomonas umsongensis,28.879518072289155,52.5,28.715313,0.003902515968844563
YFQ17076.1,Pseudomonas azerbaijanoccidentalis,28.879518072289155,52.5,29.469309,7.620386422867968e-07
WP_490833183.1,Pseudomonas sp. UF-293,28.879518072289155,52.5,29.44825,3.220637824158394e-05
WP_489984873.1,Pseudomonas sp. 4CAES_32.4,28.879518072289155,52.5,26.736446,1.544132175346939e-07
YFC78294.1,Pseudomonas mohnii,28.879518072289155,52.5,29.174282,0.00090244943987136
WP_489060366.1,Pseudomonas moorei,28.879518072289155,52.5,28.323593,0.00013084484271984372
WP_488448946.1,Pseudomonas citronellolis,28.879518072289155,52.5,29.074686,0.0019584307841826716
WP_488431491.1,Pseudomonas citronellolis,28.879518072289155,52.5,29.482874,0.0033275060881985605
WP_488420868.1,Pseudomonas citronellolis,28.879518072289155,52.5,29.885036,0.002664421760357715
WP_488401696.1,Pseudomonas citronellolis,28.879518072289155,52.5,30.625463,0.0035996905146824976
KAN9724460.1,Fusarium ambrosium (Neocosmospora ambrosia),,65.0,35.51763,0.9999520105909547
KAN9722984.1,Fusarium ambrosium (Neocosmospora ambrosia),,65.0,27.111319,0.999525443094157
KAN9719353.1,Fusarium ambrosium (Neocosmospora ambrosia),,65.0,35.51763,0.9999520105909547
KAN9715071.1,Fusarium ambrosium (Neocosmospora ambrosia),,65.0,27.111319,0.999525443094157
KAN9706189.1,Fusarium ambrosium (Neocosmospora ambrosia),,65.0,32.420998,0.9992196497306557
KAN9705292.1,Fusarium ambrosium (Neocosmospora ambrosia),,65.0,32.049107,0.9983589766929701
KAN9705069.1,Fusarium ambrosium (Neocosmospora ambrosia),,65.0,32.049107,0.9983589766929701
KAN9703652.1,Fusarium drepaniforme,,65.0,35.886803,0.999674938665457
KAN9703269.1,Fusarium drepaniforme,,65.0,31.084518,0.9992486732307273
KAN9702862.1,Fusarium ambrosium (Neocosmospora ambrosia),,65.0,32.420998,0.9992196497306557
KAN9687854.1,Fusarium drepaniforme,,65.0,32.14421,0.9986110577238568
KAN9683251.1,Fusarium drepaniforme,,65.0,27.521519,0.9995163309921222
KAN9678469.1,Fusarium papillatum,,65.0,32.049107,0.9983589766929701
KAN9673421.1,Fusarium papillatum,,65.0,27.760292,0.9996470471553813
KAN9671610.1,Fusarium papillatum,,65.0,35.526505,0.9997955921637904
KAN9671093.1,Fusarium drepaniforme,,65.0,49.250774,0.9985397458443415
KAN9670160.1,Fusarium papillatum,,65.0,30.989365,0.9990964124004951
KAN9663494.1,Fusarium papillatum,,65.0,48.602142,0.9989918384008313
KAN9661302.1,Fusarium ambrosium (Neocosmospora ambrosia),,65.0,27.521519,0.9995163309921222
KAN9656629.1,Fusarium ambrosium (Neocosmospora ambrosia),,65.0,35.51763,0.9999520105909547
KAN9652688.1,Fusarium ambrosium (Neocosmospora ambrosia),,65.0,31.722685,0.9994866910797003
KAN9651980.1,Fusarium ambrosium (Neocosmospora ambrosia),,65.0,35.51763,0.9999520105909547
KAN9650262.1,Fusarium ambrosium (Neocosmospora ambrosia),,65.0,31.642117,0.9994327327132486
KAN9649204.1,Fusarium ambrosium (Neocosmospora ambrosia),,65.0,32.049107,0.9983589766929701
KAN9647141.1,Fusarium papillatum,,65.0,35.526505,0.9997955921637904
KAN9644946.1,Fusarium papillatum,,65.0,27.760292,0.9996470471553813
KAN9642994.1,Fusarium ambrosium (Neocosmospora ambrosia),,65.0,32.440113,0.9988913306182763
KAN9640928.1,Fusarium ambrosium (Neocosmospora ambrosia),,65.0,49.280094,0.9988336513140101
KAN9636725.1,Fusarium ambrosium (Neocosmospora ambrosia),,65.0,27.521519,0.9995163309921222
KAN9635657.1,Fusarium papillatum,,65.0,32.049107,0.9983589766929701
KAN9631596.1,Fusarium ambrosium (Neocosmospora ambrosia),,65.0,49.280094,0.9988336513140101
KAN9630203.1,Fusarium papillatum,,65.0,31.648815,0.9995858802063949
KAN9626244.1,Fusarium cf. solani,,65.0,37.0685,0.9987356530080513
KAN9618320.1,Fusarium papillatum,,65.0,48.602142,0.9989918384008313
KAN9614177.1,Fusarium cf. solani,,65.0,27.760292,0.9996470471553813
KAN9613407.1,Fusarium cf. solani,,65.0,49.166397,0.9988701225690652
KAN9609556.1,Fusarium cf. solani,,65.0,37.0685,0.9987356530080513
KAN9607936.1,Fusarium cf. solani,,65.0,32.440113,0.9988913306182763
KAN9607255.1,Fusarium cf. solani,,65.0,31.528187,0.9997033336018366
KAN9601627.1,Fusarium cf. solani,,65.0,27.760292,0.9996470471553813
KAN9596518.1,Fusarium cf. solani,,65.0,50.76901,0.999999749908726
KAN9595482.1,Fusarium cf. solani,,65.0,49.166397,0.9988701225690652
KAN9591866.1,Fusarium kuroshium,,65.0,37.006176,0.9996473195834032
KAN9583386.1,Fusarium cf. solani,,65.0,27.992878,0.9997154363266948
KAN9582749.1,Fusarium cf. solani,,65.0,32.440113,0.9988913306182763
KAN9582183.1,Fusarium kuroshium,,65.0,31.722685,0.9994866910797003
KAN9582077.1,Fusarium cf. solani,,65.0,31.528187,0.9997033336018366
KAN9576474.1,Fusarium kuroshium,,65.0,49.142002,0.9991448493671898
KAN9573741.1,Fusarium cf. solani,,65.0,31.70631,0.9992866731239813
KAN9572388.1,Fusarium cf. solani,,65.0,32.440113,0.9988913306182763
KAN9571734.1,Fusarium cf. solani,,65.0,49.142002,0.9991448493671898
KAN9568022.1,Fusarium kuroshium,,65.0,27.621048,0.9997307550889516
KAN9559316.1,Fusarium cf. solani,,65.0,27.521519,0.9995163309921222
KAN9550642.1,Fusarium cf. solani,,65.0,39.086525,0.9994668738128322
KAN9547710.1,Fusarium cf. solani,,65.0,32.440113,0.9988913306182763
KAN9546651.1,Fusarium cf. solani,,65.0,39.45863,0.99972201466397
KAN9544929.1,Fusarium cf. solani,,65.0,27.521519,0.9995163309921222
KAN9538495.1,Fusarium cf. solani,,65.0,39.45863,0.99972201466397
KAN9537986.1,Fusarium cf. solani,,65.0,27.521519,0.9995163309921222
KAN9536477.1,Fusarium cf. solani,,65.0,33.41394,0.9984460660940437
KAN9532001.1,Fusarium cf. solani,,65.0,31.779678,0.9995958115222467
KAN9530829.1,Fusarium cf. solani,,65.0,33.41394,0.9984460660940437
KAN9528483.1,Fusarium cf. solani,,65.0,48.730675,0.9987889209697627
KAN9525690.1,Fusarium cf. solani,,65.0,48.730675,0.9987889209697627
KAN9524123.1,Fusarium cf. solani,,65.0,30.785427,0.999335635003268
KAN9522415.1,Fusarium cf. solani,,65.0,30.785427,0.999335635003268
KAN9522329.1,Fusarium cf. solani,,65.0,48.641117,0.9987828447274628
KAN9515741.1,Fusarium cf. solani,,65.0,39.086525,0.9994668738128322
KAN9513676.1,Fusarium cf. solani,,65.0,27.521519,0.9995163309921222
KAN9510147.1,Fusarium cf. solani,,65.0,27.521519,0.9995163309921222
KAN9506094.1,Fusarium cf. solani,,65.0,32.440113,0.9988913306182763
KAN9502697.1,Fusarium cf. solani,,65.0,32.440113,0.9988913306182763
KAN9501710.1,Fusarium cf. solani,,65.0,39.45863,0.99972201466397
KAN9496913.1,Fusarium cf. solani,,65.0,27.521519,0.9995163309921222
KAN9492693.1,Fusarium cf. solani,,65.0,31.779678,0.9995958115222467
KAN9490385.1,Fusarium cf. solani,,65.0,33.65496,0.9999923613365856
KAN9489277.1,Fusarium cf. solani,,65.0,33.41394,0.9984460660940437
KAN9484701.1,Fusarium cf. solani,,65.0,48.641117,0.9987828447274628
KAN9483453.1,Fusarium cf. solani,,65.0,48.641117,0.9987828447274628
KAN9480911.1,Fusarium cf. solani,,65.0,48.730675,0.9987889209697627
KAN9479233.1,Fusarium cf. solani,,65.0,30.785427,0.999335635003268
KAN9476865.1,Fusarium rekanum (Neocosmospora rekana),,65.0,34.61941,0.9998051742080799
KAN9476254.1,Fusarium rekanum (Neocosmospora rekana),,65.0,34.61941,0.9998051742080799
KAN9472248.1,Fusarium rekanum (Neocosmospora rekana),,65.0,27.521519,0.9995163309921222
KAN9469185.1,Fusarium rekanum (Neocosmospora rekana),,65.0,27.521519,0.9995163309921222
KAN9464467.1,Fusarium rekanum (Neocosmospora rekana),,65.0,31.196905,0.9989705294694182
KAN9459572.1,Fusarium rekanum (Neocosmospora rekana),,65.0,31.196905,0.9989705294694182
KAN9459484.1,Fusarium rekanum (Neocosmospora rekana),,65.0,32.14421,0.9986110577238568
KAN9453219.1,Fusarium cf. solani,,65.0,39.086525,0.9994668738128322
KAN9450776.1,Fusarium rekanum (Neocosmospora rekana),,65.0,32.14421,0.9986110577238568
KAN9449638.1,Fusarium cf. solani,,65.0,27.521519,0.9995163309921222
KAN9449261.1,Fusarium rekanum (Neocosmospora rekana),,65.0,49.250774,0.9985397458443415
KAN9447846.1,Fusarium rekanum (Neocosmospora rekana),,65.0,49.250774,0.9985397458443415
KAN9443757.1,Fusarium cf. solani,,65.0,32.440113,0.9988913306182763
KAN9438116.1,Fusarium euwallaceae,,65.0,34.24047,0.9998054958037992
KAN9434714.1,Fusarium cf. solani,,65.0,31.779678,0.9995958115222467
KAN9426404.1,Fusarium cf. solani,,65.0,48.641117,0.9987828447274628
KAN9421671.1,Fusarium euwallaceae,,65.0,27.992878,0.9997154363266948
KAN9417602.1,Fusarium euwallaceae,,65.0,31.70631,0.9992866731239813
KAN9416672.1,Fusarium euwallaceae,,65.0,48.445953,0.9984168199156674
KAN9412276.1,Fusarium euwallaceae,,65.0,34.24047,0.9998054958037992
KAN9403641.1,Fusarium euwallaceae,,65.0,34.24047,0.9998054958037992
KAN9403106.1,Fusarium euwallaceae,,65.0,27.992878,0.9997154363266948
KAN9401156.1,Fusarium euwallaceae,,65.0,31.70631,0.9992866731239813
KAN9393992.1,Fusarium euwallaceae,,65.0,27.992878,0.9997154363266948
KAN9389563.1,Fusarium euwallaceae,,65.0,31.70631,0.9992866731239813
KAN9388420.1,Fusarium euwallaceae,,65.0,48.445953,0.9984168199156674
KAN9387016.1,Fusarium akasia,,65.0,35.818817,0.9998279918030394
KAN9382937.1,Fusarium akasia,,65.0,27.521519,0.9995163309921222
KAN9379995.1,Fusarium euwallaceae,,65.0,48.445953,0.9984168199156674
KAN9363327.1,Fusarium akasia,,65.0,27.521519,0.9995163309921222
KAN9362837.1,Fusarium akasia,,65.0,32.44148,0.9994512513188868
KAN9361022.1,Fusarium euwallaceae,,65.0,27.992878,0.9997154363266948
KAN9360230.1,Fusarium akasia,,65.0,47.664116,0.9933726928847153
KAN9359343.1,Fusarium akasia,,65.0,32.14421,0.9986110577238568
KAN9358672.1,Fusarium euwallaceae,,65.0,34.24047,0.9998054958037992
KAN9356336.1,Fusarium euwallaceae,,65.0,31.70631,0.9992866731239813
KAN9355212.1,Fusarium euwallaceae,,65.0,48.445953,0.9984168199156674
KAN9349209.1,Fusarium akasia,,65.0,35.53512,0.9995000973769
KAN9344865.1,Fusarium akasia,,65.0,34.81649,0.9955442561053734
KAN9341339.1,Fusarium akasia,,65.0,47.664116,0.9933726928847153
KAN9340920.1,Fusarium akasia,,65.0,32.14421,0.9986110577238568
KAN9334862.1,Fusarium awan,,65.0,41.591286,0.9993979441059437
KAN9334335.1,Fusarium awan,,65.0,44.78689,0.9999554628226831
KAN9333930.1,Fusarium awan,,65.0,30.045189,0.999604266509579
KAN9329253.1,Fusarium awan,,65.0,34.301952,0.997995020946522
KAN9328072.1,Fusarium awan,,65.0,44.78689,0.9999554628226831
KAN9327853.1,Fusarium awan,,65.0,30.045189,0.999604266509579
KAN9311915.1,Fusarium mekan,,65.0,33.987366,0.9997925650731171
KAN9306394.1,Fusarium mekan,,65.0,32.361706,0.998389822753611
KAN9305392.1,Fusarium mekan,,65.0,31.48764,0.9995541329412702
KAN9303884.1,Fusarium mekan,,65.0,27.760292,0.9996470471553813
KAN9301802.1,Fusarium mekan,,65.0,49.375187,0.9976945590390391
KAN9296861.1,Fusarium floridanum,,65.0,45.736298,0.9956923060831804
KAN9291263.1,Fusarium mekan,,65.0,33.987366,0.9997925650731171
KAN9287883.1,Fusarium mekan,,65.0,32.361706,0.998389822753611
KAN9284644.1,Fusarium mekan,,65.0,31.02839,0.9990190874516719
KAN9279485.1,Fusarium mekan,,65.0,27.760292,0.9996470471553813
KAN9277015.1,Fusarium mekan,,65.0,49.375187,0.9976945590390391
KAN9270616.1,Fusarium warna (Neocosmospora warna),,65.0,32.14421,0.9986110577238568
KAN9270248.1,Fusarium floridanum,,65.0,32.636635,0.9997665377589353
KAN9269667.1,Fusarium warna (Neocosmospora warna),,65.0,27.760292,0.9996470471553813
KAN9268489.1,Fusarium warna (Neocosmospora warna),,65.0,32.051155,0.9996385599175516
KAN9265346.1,Fusarium floridanum,,65.0,27.760292,0.9996470471553813
KAN9262159.1,Fusarium floridanum,,65.0,49.166397,0.9988701225690652
KAN9260649.1,Fusarium variasi (Neocosmospora variasi),,65.0,37.384174,0.9947157066829997
KAN9258690.1,Fusarium warna (Neocosmospora warna),,65.0,36.99635,0.9994417608696036
KAN9252361.1,Fusarium warna (Neocosmospora warna),,65.0,48.380474,0.9984534693878975
KAN9250925.1,Fusarium variasi (Neocosmospora variasi),,65.0,47.742706,0.9890351294494325
KAN9246927.1,Fusarium oligoseptatum,,65.0,39.38366,0.9994944720411487
KAN9246395.1,Fusarium variasi (Neocosmospora variasi),,65.0,28.755539,0.9991360767262613
KAN9242750.1,Fusarium variasi (Neocosmospora variasi),,65.0,37.384174,0.9947157066829997
KAN9235151.1,Fusarium variasi (Neocosmospora variasi),,65.0,47.742706,0.9890351294494325
KAN9233944.1,Fusarium variasi (Neocosmospora variasi),,65.0,32.413795,0.9978374303752662
KAN9229763.1,Fusarium oligoseptatum,,65.0,30.73979,0.9988837524831622
KAN9226919.1,Fusarium oligoseptatum,,65.0,32.440113,0.9988913306182763
KAN9226732.1,Fusarium variasi (Neocosmospora variasi),,65.0,28.755539,0.9991360767262613
KAN9224280.1,Fusarium oligoseptatum,,65.0,27.521519,0.9995163309921222
KAN9218271.1,Fusarium floridanum,,65.0,37.0685,0.9987356530080513
KAN9218114.1,Fusarium variasi (Neocosmospora variasi),,65.0,32.413795,0.9978374303752662
KAN9205908.1,Fusarium floridanum,,65.0,45.736298,0.9956923060831804
KAN9202213.1,Fusarium floridanum,,65.0,31.722685,0.9994866910797003
KAN9201062.1,Fusarium oligoseptatum,,65.0,48.634995,0.9989316427054786
KAN9196216.1,Fusarium floridanum,,65.0,49.166397,0.9988701225690652
KAN9195860.1,Fusarium floridanum,,65.0,27.760292,0.9996470471553813
KAN9187182.1,Fusarium floridanum,,65.0,32.636635,0.9997665377589353
KAN9184753.1,Fusarium tuaranense (Neocosmospora tuaranensis),,65.0,35.70998,0.9999294891016457
KAN9182114.1,Fusarium floridanum,,65.0,49.166397,0.9988701225690652
KAN9181467.1,Fusarium floridanum,,65.0,27.760292,0.9996470471553813
KAN9178742.1,Fusarium floridanum,,65.0,37.0685,0.9987356530080513
KAN9173534.1,Fusarium tuaranense (Neocosmospora tuaranensis),,65.0,27.521519,0.9995163309921222
KAN9164241.1,Fusarium tuaranense (Neocosmospora tuaranensis),,65.0,48.699844,0.9984350797991605
KAN9160386.1,Fusarium tuaranense (Neocosmospora tuaranensis),,65.0,35.728676,0.9999345973835468
KAN9157250.1,Fusarium floridanum,,65.0,31.722685,0.9994866910797003
KAN9153434.1,Fusarium cf. solani,,65.0,35.904057,0.9992183684018848
KAN9149787.1,Fusarium floridanum,,65.0,27.760292,0.9996470471553813
KAN9146033.1,Fusarium floridanum,,65.0,49.166397,0.9988701225690652
KAN9144439.1,Fusarium cf. solani,,65.0,32.229588,0.9995733726042678
KAN9140303.1,Fusarium cf. solani,,65.0,32.72349,0.9976044464694832
KAN9134385.1,Fusarium obliquiseptatum,,65.0,34.84942,0.999818920815625
KAN9132808.1,Fusarium cf. solani,,65.0,27.760292,0.9996470471553813
KAN9126604.1,Fusarium obliquiseptatum,,65.0,33.372364,0.9998842254533394
KAN9126397.1,Fusarium tuaranense (Neocosmospora tuaranensis),,65.0,35.70998,0.9999294891016457
KAN9118974.1,Fusarium duplospermum,,65.0,35.6606,0.9994713609485364
KAN9117381.1,Fusarium obliquiseptatum,,65.0,27.760292,0.9996470471553813
KAN9112722.1,Fusarium tuaranense (Neocosmospora tuaranensis),,65.0,27.521519,0.9995163309921222
KAN9112533.1,Fusarium obliquiseptatum,,65.0,48.66091,0.998873906631529
KAN9110241.1,Fusarium obliquiseptatum,,65.0,32.046867,0.9987740399638472
KAN9106279.1,Fusarium duplospermum,,65.0,46.8052,0.9905488949464355
KAN9105627.1,Fusarium tuaranense (Neocosmospora tuaranensis),,65.0,48.699844,0.9984350797991605
KAN9105238.1,Fusarium duplospermum,,65.0,29.016691,0.999633123753881
KAN9103678.1,Fusarium tuaranense (Neocosmospora tuaranensis),,65.0,32.471016,0.9995188450053988
KAN9099968.1,Fusarium duplospermum,,65.0,32.631756,0.9990907310674715
KAN9087383.1,Fusarium duplospermum,,65.0,31.51577,0.9976011094289887
KAN9085592.1,Fusarium cf. solani,,65.0,28.994194,0.9993887506531124
KAN9084974.1,Fusarium cf. solani,,65.0,31.659222,0.9892612645859202
KAN9081417.1,Fusarium cf. solani,,65.0,36.153008,0.9980840840323839
KAN9076608.1,Fusarium cf. solani,,65.0,48.490444,0.989970733612903
KAN9075496.1,Fusarium cf. solani,,65.0,39.614166,0.9999851572108335
KAN9070660.1,Fusarium cf. solani,,65.0,32.229588,0.9995733726042678
KAN9067921.1,Fusarium cf. solani,,65.0,31.659222,0.9892612645859202
KAN9064513.1,Fusarium cf. solani,,65.0,32.72349,0.9976044464694832
KAN9062277.1,Fusarium cf. solani,,65.0,48.06327,0.995777092063192
KAN9062182.1,Fusarium cf. solani,,65.0,35.904057,0.9992183684018848
KAN9061885.1,Fusarium cf. solani,,65.0,28.994194,0.9993887506531124
KAN9057047.1,Fusarium cf. solani,,65.0,27.760292,0.9996470471553813
KAN9046499.1,Fusarium obliquiseptatum,,65.0,34.84942,0.999818920815625
KAN9042612.1,Fusarium obliquiseptatum,,65.0,27.760292,0.9996470471553813
KAN9041639.1,[Neocosmospora] sp. B6999-1,,,31.528187,0.9997033336018366
KAN9035696.1,[Neocosmospora] sp. B6999-1,,,27.992878,0.9997154363266948
KAN9034757.1,Fusarium duplospermum,,65.0,35.6606,0.9994713609485364
KAN9033446.1,Fusarium duplospermum,,65.0,46.8052,0.9905488949464355
KAN9032459.1,Fusarium duplospermum,,65.0,29.016691,0.999633123753881
KAN9025181.1,Fusarium duplospermum,,65.0,32.631756,0.9990907310674715
KAN9015446.1,Fusarium obliquiseptatum,,65.0,32.046867,0.9987740399638472
KAN9015224.1,Fusarium obliquiseptatum,,65.0,33.372364,0.9998842254533394
KAN9012337.1,Fusarium obliquiseptatum,,65.0,48.66091,0.998873906631529
KAN9011888.1,[Neocosmospora] sp. B6999-1,,,49.166397,0.9988701225690652
KAN9010335.1,[Neocosmospora] sp. B6999-1,,,37.0685,0.9987356530080513
KAN9009595.1,Fusarium duplospermum,,65.0,31.51577,0.9976011094289887
KAN9000064.1,[Neocosmospora] sp. B6999-1,,,27.992878,0.9997154363266948
KAN8996042.1,[Neocosmospora] sp. B6999-1,,,37.0685,0.9987356530080513
KAN8993117.1,[Neocosmospora] sp. B6999-1,,,27.992878,0.9997154363266948
KAN8989203.1,[Neocosmospora] sp. B6999-1,,,31.528187,0.9997033336018366
KAN8988820.1,[Neocosmospora] sp. B6999-1,,,31.528187,0.9997033336018366
KAN8987137.1,[Neocosmospora] sp. B6999-1,,,37.0685,0.9987356530080513
KAN8985738.1,Fusarium pseudensiforme,,65.0,28.739925,0.9993487529144385
KAN8976467.1,Fusarium pseudensiforme,,65.0,47.833706,0.9953588892004275
KAN8975764.1,[Neocosmospora] sp. B6999-1,,,49.166397,0.9988701225690652
KAN8967678.1,[Neocosmospora] sp. B6999-1,,,49.166397,0.9988701225690652
KAN8960987.1,Fusarium pseudensiforme,,65.0,28.739925,0.9993487529144385
KAN8958632.1,[Neocosmospora] sp. B6999-1,,,37.0685,0.9987356530080513
KAN8953001.1,[Neocosmospora] sp. B6999-1,,,27.992878,0.9997154363266948
KAN8950477.1,[Neocosmospora] sp. B6999-1,,,31.528187,0.9997033336018366
KAN8945738.1,Fusarium pseudensiforme,,65.0,36.86156,0.9985323825880137
KAN8943873.1,[Neocosmospora] sp. B6999-1,,,31.528187,0.9997033336018366
KAN8943244.1,[Neocosmospora] sp. B6999-1,,,27.992878,0.9997154363266948
KAN8943000.1,Fusarium pseudensiforme,,65.0,47.881496,0.9929077995964527
KAN8940967.1,[Neocosmospora] sp. B6999-1,,,37.0685,0.9987356530080513
KAN8932430.1,[Neocosmospora] sp. B6999-1,,,49.166397,0.9988701225690652
KAN8924148.1,[Neocosmospora] sp. B6999-1,,,49.166397,0.9988701225690652
KAN8922541.1,[Neocosmospora] sp. B6999-1,,,31.528187,0.9997033336018366
KAN8921393.1,[Neocosmospora] sp. B6999-1,,,27.992878,0.9997154363266948
KAN8920830.1,[Neocosmospora] sp. B6999-1,,,37.0685,0.9987356530080513
KAN8916882.1,[Neocosmospora] sp. B6999-2,,,35.90043,0.9997888161648231
KAN8913245.1,[Neocosmospora] sp. B6999-1,,,37.0685,0.9987356530080513
KAN8907048.1,[Neocosmospora] sp. B6999-1,,,49.166397,0.9988701225690652
KAN8905054.1,[Neocosmospora] sp. B6999-1,,,31.528187,0.9997033336018366
KAN8903829.1,[Neocosmospora] sp. B6999-1,,,27.992878,0.9997154363266948
KAN8895971.1,[Neocosmospora] sp. B6999-2,,,31.844683,0.9996208352871782
KAN8894640.1,[Neocosmospora] sp. B6999-4,,,37.0685,0.9987356530080513
KAN8894239.1,[Neocosmospora] sp. B6999-2,,,27.760292,0.9996470471553813
KAN8883671.1,[Neocosmospora] sp. B6999-1,,,49.166397,0.9988701225690652
KAN8882919.1,[Neocosmospora] sp. B6999-2,,,32.347584,0.9987931552192882
KAN8879625.1,[Neocosmospora] sp. B6999-4,,,27.700073,0.9993891573067771
KAN8878244.1,[Neocosmospora] sp. B6999-4,,,32.51987,0.9498174993276274
KAN8875137.1,[Neocosmospora] sp. B6999-4,,,37.0685,0.9987356530080513
KAN8868907.1,[Neocosmospora] sp. B6999-3,,,35.766037,0.9914780129309914
KAN8866467.1,[Neocosmospora] sp. B6999-4,,,48.445953,0.9984168199156674
KAN8860161.1,[Neocosmospora] sp. B6999-4,,,27.700073,0.9993891573067771
KAN8854989.1,[Neocosmospora] sp. B6999-3,,,27.760292,0.9996470471553813
KAN8854191.1,[Neocosmospora] sp. B6999-3,,,35.1843,0.9996157272098581
KAN8852885.1,[Neocosmospora] sp. B6999-2,,,35.90043,0.9997888161648231
KAN8852068.1,[Neocosmospora] sp. B6999-2,,,27.760292,0.9996470471553813
KAN8851977.1,[Neocosmospora] sp. B6999-4,,,32.51987,0.9498174993276274
KAN8840965.1,[Neocosmospora] sp. B6999-3,,,32.274635,0.9946306616149793
KAN8836086.1,[Neocosmospora] sp. B6999-4,,,48.445953,0.9984168199156674
KAN8829913.1,[Neocosmospora] sp. B6999-2,,,31.844683,0.9996208352871782
KAN8828900.1,[Neocosmospora] sp. B6999-4,,,37.0685,0.9987356530080513
KAN8826142.1,[Neocosmospora] sp. B6999-2,,,32.347584,0.9987931552192882
KAN8817307.1,[Neocosmospora] sp. B6999-5,,,37.40377,0.9996434254929291
KAN8814360.1,[Neocosmospora] sp. B6999-4,,,37.0685,0.9987356530080513
KAN8808855.1,[Neocosmospora] sp. B6999-4,,,27.700073,0.9993891573067771
KAN8806140.1,[Neocosmospora] sp. B6999-4,,,32.289894,0.9999382853564247
KAN8803722.1,[Neocosmospora] sp. B6999-5,,,31.967297,0.9995253598152947
KAN8798137.1,[Neocosmospora] sp. B6999-4,,,27.700073,0.9993891573067771
KAN8795609.1,[Neocosmospora] sp. B6999-5,,,27.521519,0.9995163309921222
KAN8794480.1,[Neocosmospora] sp. B6999-4,,,31.877089,0.999643829110174
KAN8793163.1,[Neocosmospora] sp. B6999-4,,,48.445953,0.9984168199156674
KAN8792524.1,[Neocosmospora] sp. B6999-5,,,49.166397,0.9988701225690652
CAQ9736511.1,Flavobacterium sp. (oral metagenome),25.326190476190476,,24.76764,0.04036223108303415
CAR3355026.1,Steroidobacteraceae bacterium,,,54.08985,0.18998326121534137
CAR3389117.1,Steroidobacteraceae bacterium,,,54.21844,0.0005873867794132105
CAQ9727366.1,Stenotrophomonas maltophilia (oral metagenome),30.75,,30.853992,4.620013115020528e-05
CAQ8760408.1,Flavobacterium oncorhynchi (oral metagenome),25.326190476190476,,25.505314,0.007695017900918683
CAQ2034896.1,Segatella salivae,,,42.928,0.0006493068413117555
CAQ1451020.1,Prevotella sp,34.285714285714285,,33.44207,0.9565473243841275
CAR1604122.1,Klebsiella pneumoniae,36.0,40.0,38.30196,0.0011816196936837175
WP_481395440.1,Pseudomonas koreensis,28.879518072289155,52.5,28.804974,5.8402807758715636e-05
CAR1294953.1,Bacillus licheniformis,33.62558139534884,50.0,35.525585,0.005402235686571381
CAR1272059.1,Bacillus paralicheniformis,37.0,54.078947368421055,32.971054,0.0004934510118182574
CAR1248110.1,Bacillus velezensis,33.62558139534884,55.0,33.022552,0.013508806075663142
CAR1275761.1,Bacillus velezensis,33.62558139534884,55.0,33.022552,0.013508806075663142
WP_102614236.1,Pseudomonas,28.879518072289155,52.5,29.39991,0.00037749717009829495
KAN5261177.1,Cryptococcus deneoformans (Cryptococcus neoformans var. neoformans),,40.0,37.5568,0.002197859570151085
KAN5257714.1,Cryptococcus deneoformans (Cryptococcus neoformans var. neoformans),,40.0,53.825447,6.551898372040084e-05
KAN5251600.1,Kwoniella fici,,,28.749409,0.19010931909306986
KAN5251310.1,Kwoniella fici,,,38.11027,0.8985597615873144
KAN5249353.1,Cryptococcus sp. CMW60451,,40.0,32.707767,4.2152485216539266e-08
KAN5242759.1,Cryptococcus sp. CMW60451,,40.0,20.977053,0.00012113827820794285
KAN5241082.1,Cryptococcus deuterogattii (Cryptococcus gattii VGII),,40.0,34.33992,0.00026482551094427766
KAN5240556.1,Kwoniella fici,,,56.650673,0.00012872090047779118
KAN5240282.1,Cryptococcus sp. CMW60451,,40.0,49.612602,0.000244524628896437
KAN5239451.1,Kwoniella ovata,,,30.83557,0.1821002959589412
KAN5237069.1,Cryptococcus deuterogattii (Cryptococcus gattii VGII),,40.0,58.0547,0.006853577521199092
KAN5235007.1,Cryptococcus deneoformans (Cryptococcus neoformans var. neoformans),,40.0,37.552753,0.0019151639664890014
KAN5231938.1,Kwoniella ovata,,,37.468906,0.986950214815839
KAN5225982.1,Cryptococcus deneoformans (Cryptococcus neoformans var. neoformans),,40.0,54.241127,0.00022453022480069436
KAN5224046.1,Kwoniella ovata,,,59.504944,0.49726319656017026
KAN5223967.1,Cryptococcus deneoformans (Cryptococcus neoformans var. neoformans),,40.0,37.5568,0.002197859570151085
KAN5220487.1,Kwoniella ovata,,,38.684258,0.11243665934772636
KAN5220399.1,Kwoniella ovata,,,53.890404,0.9920988208977787
KAN5213628.1,Cryptococcus deneoformans (Cryptococcus neoformans var. neoformans),,40.0,54.3024,0.000276419477990329
KAN5208176.1,Cryptococcus neoformans (Cryptococcus neoformans var. grubii),,40.0,53.800644,0.0011875860267219424
KAN5207344.1,Cryptococcus neoformans (Cryptococcus neoformans var. grubii),,40.0,53.60933,0.0029372766920205073
KAN5192427.1,Cryptococcus neoformans (Cryptococcus neoformans var. grubii),,40.0,54.30187,0.0016583428888005999
KAN5189123.1,Cryptococcus neoformans (Cryptococcus neoformans var. grubii),,40.0,53.467278,0.0034580018181201697
KAN5186108.1,Cryptococcus neoformans (Cryptococcus neoformans var. grubii),,40.0,53.148346,0.0037911370384246675
KAN5179232.1,Kwoniella mangroviensis CBS 8886,,,57.586918,0.9366401246634343
KAN5176757.1,Kwoniella mangroviensis CBS 8886,,,37.55344,0.001458537446718581
KAN5176311.1,Kwoniella mangroviensis CBS 8886,,,59.16359,0.05382522556902109
KAN5168905.1,Cryptococcus neoformans (Cryptococcus neoformans var. grubii),,40.0,53.23519,0.0024755199128451573
KAN5167922.1,Cryptococcus neoformans (Cryptococcus neoformans var. grubii),,40.0,54.68185,0.0011693250499024924
KAN5165939.1,Kwoniella mangroviensis CBS 8886,,,26.284777,0.000138648530735211
KAN5158476.1,Cryptococcus deneoformans (Cryptococcus neoformans var. neoformans),,40.0,37.552753,0.0019151639664890014
KAN5155002.1,Cryptococcus deneoformans (Cryptococcus neoformans var. neoformans),,40.0,55.252007,0.0003645757183752638
KAN5148457.1,Cryptococcus neoformans (Cryptococcus neoformans var. grubii),,40.0,53.467278,0.0034580018181201697
KAN5143765.1,Cryptococcus bacillisporus CA1873 (Cryptococcus gattii CA1873),,40.0,36.18323,0.0017053797285632162
KAN5141004.1,Cryptococcus bacillisporus CA1873 (Cryptococcus gattii CA1873),,40.0,63.852818,0.03840071443140572
A0A023VXA2.1,Martelella endophytica,29.0,,30.301662,0.029223271196241376
P58599.1,Ralstonia pseudosolanacearum GMI1000,,,15.774485,7.222279789423135e-08
P15704.1,Clostridium saccharobutylicum,34.070945945945944,40.75,36.71929,0.016828834321885672
P06564.1,Halalkalibacter akibai JCM 9157,,,38.135498,0.9678889021782331
P07983.2,Bacillus subtilis,29.0,53.333333333333336,33.691032,0.027628914676645876
WP_476308614.1,Pseudomonas atacamensis,28.879518072289155,52.5,28.448673,4.7056038455436404e-05
WP_476303578.1,Pseudomonas mohnii,28.879518072289155,52.5,29.174282,0.00090244943987136
WP_476249660.1,Pseudomonas sp. TE9122,28.879518072289155,52.5,28.888966,4.512020471125193e-05
WP_101158858.1,Pseudomonas,28.879518072289155,52.5,28.697542,1.4115195316990686e-05
P07982.1,Trichoderma reesei (Hypocrea jecorina),,52.38461538461539,29.253946,0.005331018887855089
P10475.1,Bacillus subtilis subsp. subtilis str. 168,29.0,53.333333333333336,36.62994,0.12351121614164655
P16216.1,Hominimerdicola alba,,,25.491806,0.9889541022859706
WP_474320660.1,Pseudomonas atacamensis,28.879518072289155,52.5,28.247433,3.937994576654524e-05
WP_472510166.1,Pseudomonas moraviensis,31.5,52.5,29.72973,9.114820518835676e-06
WP_472508925.1,Pseudomonas moraviensis,31.5,52.5,30.542957,1.8121750327602755e-05
WP_122508323.1,Pseudomonas,28.879518072289155,52.5,29.270683,3.0258561257959193e-05
WP_471877530.1,Pseudomonas koreensis,28.879518072289155,52.5,29.966188,2.319133198321694e-05
WP_223526411.1,unclassified Pseudomonas,,,28.797497,0.0026375802722850895
YDE66953.1,Coptotermes formosanus (Formosan subterranean termite),,37.0,45.528942,0.021409388544296817
WP_463552681.1,Pseudomonas sp. AC193,28.879518072289155,52.5,27.97657,5.484690278498167e-09
WP_463549214.1,Pseudomonas sp. AC252,28.879518072289155,52.5,29.804228,9.411961736559026e-05
XP_065460616.1,Penicillium solitum,,41.0,38.586166,0.0028865442737548955
XP_057135862.1,Penicillium samsonianum,,41.0,35.272903,0.003299097926687756
XP_057115925.1,Penicillium waksmanii,,41.0,37.857777,0.000622671111053996
XP_056493740.1,Penicillium cosmopolitanum,,41.0,34.683594,0.0008716886984845301
CAN6951768.1,Acetobacter orientalis,30.583333333333332,,30.851221,0.9998569985858095
CAN9029758.1,Acetobacter orientalis,30.583333333333332,,30.851221,0.9998569985858095
WP_462049588.1,Pseudomonas sp. LB3P14,28.879518072289155,52.5,26.969673,0.0007403438427935089
WP_462045413.1,Pseudomonas sp. ZS1P83,28.879518072289155,52.5,29.446259,0.0025168377772405675
WP_462034547.1,Pseudomonas sp. MDT1-17,28.879518072289155,52.5,30.064335,0.000391023814637097
WP_461972774.1,Pseudomonas sp. Hz4,28.879518072289155,52.5,29.256521,0.0005507260591234531
WP_461964564.1,Pseudomonas sp. HLT2-19-2,28.879518072289155,52.5,29.686872,0.0032121231951856523
WP_461960323.1,Pseudomonas sp. LS2P72,28.879518072289155,52.5,28.285814,0.0009746071643567643
WP_460120378.1,unclassified Pseudomonas,,,29.262144,2.0616357221064097e-05
WP_460109419.1,unclassified Pseudomonas,,,29.32729,2.778590729108085e-07
WP_341637066.1,unclassified Pseudomonas,,,29.311565,4.251601002583484e-05
WP_460161110.1,Pseudomonas sp. S2_B10,28.879518072289155,52.5,28.68069,5.4754289809101757e-05
WP_460062167.1,Pseudomonas sp. S2_A05,28.879518072289155,52.5,29.072521,2.8731301925885155e-05
A0A024SH20.1,Trichoderma reesei RUT C-30,,52.38461538461539,28.655922,0.005631027940722002
P19487.2,Xanthomonas campestris pv. campestris str. ATCC 33913,28.0,45.0,29.41103,1.7487688270757847e-06
P23548.2,Paenibacillus polymyxa,31.26502732240437,48.75,31.660381,0.0003244562991873418
P17974.2,Ralstonia solanacearum,,,15.239183,2.041904810685187e-09
P19424.1,Bacillus sp. KSM-635,33.62558139534884,57.5,36.875374,0.012798575481042873
P27035.2,Streptomyces lividans,29.45751633986928,55.0,28.462933,2.2031343017389462e-05
P23549.1,Bacillus subtilis,29.0,53.333333333333336,34.972538,0.08773664749230677
YCP35212.1,Pseudomonas sp. Tul2A7,28.879518072289155,52.5,29.292889,4.7335658685690215e-07
YCP43905.1,Pseudomonas sp. Tul1A2,28.879518072289155,52.5,29.292889,4.7335658685690215e-07
WP_458974158.1,Pseudomonas fluorescens group sp. PF-69,28.879518072289155,35.0,29.906641,0.0008991824174720111
WP_458959941.1,Pseudomonas fluorescens group sp. PF-1,28.879518072289155,35.0,29.042093,0.0008213113843891858
WP_458944853.1,Pseudomonas mohnii,28.879518072289155,52.5,29.017855,0.0004154594414949352
GAL13555.1,Vibrio astriarenae,30.0,,30.126488,0.038128934458135
WP_457373802.1,Pseudomonas sp. TE12234,28.879518072289155,52.5,28.655039,0.00032654697428198147
WP_457262544.1,Pseudomonas sp. PK-RTE-24,28.879518072289155,52.5,28.805798,8.407753180377056e-05
YBZ68765.1,Bacillus subtilis,29.0,53.333333333333336,36.62994,0.12351121614164655
WP_455806953.1,Pseudomonas,28.879518072289155,52.5,30.453478,5.012328728578725e-07
WP_130208870.1,Pseudomonas,28.879518072289155,52.5,29.519384,0.000608151701369415
WP_414955397.1,Caballeronia eucalypticola,28.083333333333332,,30.188423,5.174054158529322e-06
WP_449105812.1,Pseudomonas mohnii,28.879518072289155,52.5,29.16108,0.0004420420428047907
WP_448646956.1,Pseudomonas mohnii,28.879518072289155,52.5,29.288902,0.0004715599158636122
WP_448090787.1,Pseudomonas azerbaijanoccidentalis,28.879518072289155,52.5,30.146587,1.2078215504416696e-06
WP_447798216.1,Pseudomonas moraviensis,31.5,52.5,30.317974,2.4875939443316784e-05
ATL86941.1,Streptomyces malaysiensis subsp. malaysiensis,29.45751633986928,53.888888888888886,30.58025,1.3427661655554112e-14
YAI13659.1,Pseudomonas ceruminis,28.879518072289155,52.5,29.476265,0.007502307048522111
YAC29695.1,Pseudomonas sp. McL0111,28.879518072289155,52.5,30.042818,1.6883594077677145e-05
XZA69765.1,Pseudomonas putida,28.879518072289155,70.0,28.533142,0.9098052567632715
XYT23942.1,Pseudomonas putida,28.879518072289155,70.0,28.472736,0.9052653358021151
XYC46423.1,Pseudomonas guariconensis,28.879518072289155,52.5,27.255117,0.0005016003080243759
WP_436274187.1,Pseudomonas sp. LjRoot277,28.879518072289155,52.5,27.855171,0.0006735090341270358
CAN7570532.1,Pseudomonas sp. LjRoot277,28.879518072289155,52.5,27.855171,0.0006735090341270358
XXL57363.1,Pseudomonas putida,28.879518072289155,70.0,28.617249,0.9133636398014149
WP_434766187.1,Pseudomonas triticicola,28.879518072289155,52.5,29.779406,2.922397384211667e-05
XWZ74100.1,Streptomyces lividans,29.45751633986928,55.0,28.195253,2.142215131930703e-05
KAL6983799.1,Sarracenia purpurea var. burkii,,,47.14683,0.002187067708868538
KAL6979532.1,Sarracenia purpurea var. burkii,,,37.19756,5.911744136975818e-06
CAL2067814.1,Streptomyces murinus,29.45751633986928,53.888888888888886,28.419468,6.694823929166148e-10
CAL2074298.1,Streptomyces murinus,29.45751633986928,53.888888888888886,28.610868,5.498742276255864e-10
ABV98267.1,Salinispora arenicola CNS-205,24.0,,31.002935,9.328168408697185e-05
WP_427573553.1,Pseudomonas sp. NPDC089569,28.879518072289155,52.5,28.349834,0.00201032402656396
WP_426619562.1,Pseudomonas rustica,28.879518072289155,52.5,29.274567,8.093525846733568e-09
WP_425643848.1,Pseudomonas atacamensis,28.879518072289155,52.5,28.433064,0.00010094353738536109
XSA48013.1,Pseudomonas rustica,28.879518072289155,52.5,29.274567,8.093525846733568e-09
BCE03288.1,Marinicellulosiphila megalodicopiae,,,19.26428,0.39178086990949945
BCE02488.1,Marinicellulosiphila megalodicopiae,,,38.468876,0.9999988296372417
XRA47969.1,Pseudomonas citronellolis,28.879518072289155,52.5,29.796581,0.004579939138325722
WP_346622937.1,Pseudomonas atacamensis,28.879518072289155,52.5,28.282463,3.1622956322646964e-05
WP_419711135.1,Pseudomonas sp. NFX224,28.879518072289155,52.5,28.492825,1.0292179026052639e-07
XPS02465.1,Pseudomonas sp. NFX224,28.879518072289155,52.5,28.492825,1.0292179026052639e-07
WP_348969897.1,Pseudomonas atacamensis,28.879518072289155,52.5,29.191378,2.133509266601483e-05
XBL93930.1,Pseudomonas atacamensis,28.879518072289155,52.5,29.191378,2.133509266601483e-05
GAA5264582.1,Acidiphilium sp. MT5,29.5,,30.473661,1.02730123394632e-07
WP_415767262.1,Pseudomonas frigoris,28.879518072289155,52.5,29.235626,0.0010634977430084714
CAM3722765.1,Tsukamurella ocularis,30.0,,29.773922,0.00019352919174514367
WP_415263941.1,Pseudomonas serbica,28.879518072289155,52.5,29.607939,0.0007786122095912084
CAM3357822.1,Tsukamurella hominis,30.0,,30.590153,5.809016728316295e-07
CAI8726239.1,Pseudomonas serbica,28.879518072289155,52.5,29.607939,0.0007786122095912084
CAI8894440.1,Pseudomonas sp. IT-P218,28.879518072289155,52.5,30.169643,3.073710446974514e-05
CAI8834081.1,Pseudomonas sp. IT-P100,28.879518072289155,52.5,28.24955,0.0002699951511982248
CAI8840144.1,Pseudomonas sp. IT-P171,28.879518072289155,52.5,29.174196,0.0002764245321343652
CAI8803944.1,Pseudomonas sp. IT-P12,28.879518072289155,52.5,26.906244,0.0023152899198494756
CAI8893189.1,Bacillus sp. IT-79MI2,33.62558139534884,57.5,30.551046,0.0027179820316782025
CAI8821490.1,Chryseobacterium sp. IT-36CA2,28.162295081967216,,27.850912,0.001355369262562663
CAI8792356.1,Bacillus sp. IT-13CA1,33.62558139534884,57.5,35.659542,0.005550147457934375
CAI8768062.1,Bacillus sp. IT-13CA1,33.62558139534884,57.5,34.41804,0.003141426919573492
CAI8892885.1,Bacillus pseudomycoides,28.0,54.078947368421055,30.694094,0.00044928250236634016
CAI8785432.1,Bacillus licheniformis,33.62558139534884,50.0,35.641415,0.005285550227786805
CAI8762520.1,Bacillus licheniformis,33.62558139534884,50.0,32.805008,0.0011907690032815397
CAI8725077.1,Bacillus velezensis,33.62558139534884,55.0,33.791206,0.02601047776702306
CAI8835145.1,Bacillus pseudomycoides,28.0,54.078947368421055,30.694094,0.00044928250236634016
KAL4418084.1,Colletotrichum abscissum,,,53.14898,0.9802089910675013
CAM2146313.1,Paraburkholderia tropica,30.0,,34.488365,0.015225922808821969
XLW97529.1,Pseudomonas promysalinigenes,28.879518072289155,52.5,29.680262,0.01477960707378092
CAM1373522.1,Tenacibaculum xiamenense,29.0,,29.80452,0.09155611854505871
XKS89985.1,Pseudomonas sp. KnCO4,28.879518072289155,52.5,29.833393,0.0018337865825314684
WP_140681206.1,Pseudomonas mandelii,30.0,52.5,27.629337,0.0015635935795656108
XKR13754.1,Pseudomonas siliginis,28.879518072289155,52.5,29.03921,4.2462906810754736e-05
WP_404671274.1,Pseudomonas sp. NPDC089406,28.879518072289155,52.5,28.28134,0.0218499778925066
WP_221733201.1,Pseudomonas,28.879518072289155,52.5,27.939228,1.7975897629307805e-08
WP_403137841.1,Pseudomonas sp. NPDC098740,28.879518072289155,52.5,28.245481,0.0011074353991149253
WP_401387414.1,Pseudomonas sp. NPDC087598,28.879518072289155,52.5,28.49814,5.820863858212377e-08
WP_401315093.1,Pseudomonas sp. NPDC087336,28.879518072289155,52.5,28.859285,0.0003104147179201116
WP_401310601.1,Pseudomonas sp. NPDC087336,28.879518072289155,52.5,28.804977,0.000760692783718727
WP_401239567.1,Pseudomonas sp. NPDC087804,28.879518072289155,52.5,29.283024,1.0850235560860949e-08
WP_400694742.1,Pseudomonas sp. NPDC089401,28.879518072289155,52.5,29.205036,9.629374221150662e-05
WP_400554955.1,Pseudomonas atacamensis,28.879518072289155,52.5,28.551794,6.199131225236938e-05
WP_400502193.1,Pseudomonas atacamensis,28.879518072289155,52.5,29.090752,6.894033092576098e-05
WP_397478716.1,unclassified Pseudomonas,,,28.722939,1.822155146684233e-05
XIH52296.1,Priestia aryabhattai,,,31.192244,0.008305704171125897
XIH42537.1,Priestia aryabhattai,,,46.519344,0.9081300317143316
XIH71839.1,Priestia aryabhattai,,,46.587353,0.20859034857671213
XIG91236.1,Priestia aryabhattai,,,43.57933,0.9651965593216589
XIG89020.1,Priestia aryabhattai,,,37.376804,0.6117218732236682
WP_392887504.1,Pseudomonas migulae,28.879518072289155,52.5,28.79255,0.0012571699419315389
BAA12676.1,Mycothermus thermophilus,,60.0,31.691765,0.9992390282610247
XIE43612.1,Pseudomonas migulae,28.879518072289155,52.5,28.79255,0.0012571699419315389
WP_390955479.1,Pseudomonas moorei,28.879518072289155,52.5,28.346577,0.00030124153825216376
XHO07589.1,Ralstonia syzygii,,,14.511656,2.1026270399016366e-08
XHI67015.1,Xanthomonas euvesicatoria,28.0,57.5,27.295391,2.0624827538976145e-06
XHI67014.1,Xanthomonas euvesicatoria,28.0,57.5,29.14801,6.075991171850888e-05
XHI67013.1,Xanthomonas euvesicatoria,28.0,57.5,27.914265,0.010631411279900907
WP_375122444.1,Pseudomonas sp. LW8,28.879518072289155,52.5,29.383675,5.662362520994888e-05
XGZ18507.1,Pseudomonas sp. LW8,28.879518072289155,52.5,29.383675,5.662362520994888e-05
CDN41871.1,Paenibacillus sp. P22,31.26502732240437,43.333333333333336,32.511917,0.002707724413047217
XDZ54946.1,Flavobacterium tructae,25.0,,28.229122,2.2536218699326585e-05
BES79750.1,Bacillus velezensis,33.62558139534884,55.0,33.511982,0.017302236942995864
XGB13325.1,Pseudomonas putida,28.879518072289155,70.0,28.733988,0.5475628860742281
XET69213.1,Pseudomonas kurunegalensis,28.879518072289155,52.5,27.455486,0.07371788956263778
KAL1565230.1,Salvia divinorum,,,47.11498,0.0001333358458126593
KAL1565229.1,Salvia divinorum,,,45.32987,0.0003721230478489837
KAL1551968.1,Salvia divinorum,,,35.742683,8.794983679873468e-05
KAL1551967.1,Salvia divinorum,,,39.525215,0.00018269598884619823
KAL1551966.1,Salvia divinorum,,,46.205044,0.013735285161837134
KAL1551964.1,Salvia divinorum,,,37.401344,2.004622708595781e-05
KAL1551963.1,Salvia divinorum,,,39.36843,1.1946680603915974e-05
KAL1551962.1,Salvia divinorum,,,35.81433,0.00020227849085185983
KAL1551961.1,Salvia divinorum,,,37.559822,6.852500488571898e-05
KAL1551960.1,Salvia divinorum,,,46.28983,2.4048747384614124e-06
KAL1532747.1,Salvia divinorum,,,34.586258,6.960960647920607e-05
WP_369991810.1,Pseudomonas xanthosomatis,28.879518072289155,52.5,27.999786,0.02085078797586963
AWM35364.1,Hymenobacter nivis,15.0,,18.6298,0.9999998809780599
XP_066732524.1,Apiospora kogelbergensis,,,58.475605,8.85496364331399e-05
XP_066734795.1,Apiospora kogelbergensis,,,41.44439,0.0014973911921088267
XP_066661595.1,Apiospora hydei,,,40.271317,0.0013643608495158381
XDC06972.1,Pseudomonas guariconensis,28.879518072289155,52.5,27.073795,0.0010557386250286062
XDA16208.1,Pseudomonas sp. X4,28.879518072289155,52.5,30.508356,0.009504541947529954
XCG98628.1,Bacillus sp. (in: firmicutes),33.62558139534884,57.5,31.075535,0.0032065711193551647
XCG76920.1,Pseudomonas sp. MYb327,28.879518072289155,52.5,28.534914,0.003964769633116244
WP_073471427.1,Pseudomonas,28.879518072289155,52.5,28.982475,3.859297554915806e-05
WP_350482927.1,Pseudomonas atacamensis,28.879518072289155,52.5,28.846607,5.2147367673309225e-05
XBT46226.1,Pseudomonas viridiflava,28.879518072289155,52.5,29.311422,0.05634559312163822
WP_348122910.1,Pseudomonas sp,28.879518072289155,52.5,27.113098,0.000151616771992228
WP_347804478.1,Pseudomonas rossensis,28.879518072289155,52.5,28.227163,0.0011448573649514007
XAR70241.1,Bertholletia excelsa (Brazil nut),,,46.593277,1.803540348035083e-05
XAR70239.1,Bertholletia excelsa (Brazil nut),,,43.547016,8.351743258805487e-07
XAR64472.1,Bertholletia excelsa (Brazil nut),,,41.66642,9.954620052864494e-07
KAK8123308.1,Apiospora kogelbergensis,,,58.800377,9.706281059647007e-05
KAK8119601.1,Apiospora kogelbergensis,,,41.44439,0.0014973911921088267
KAK8117328.1,Apiospora kogelbergensis,,,58.475605,8.85496364331399e-05
KAK8109319.1,Apiospora sp. TS-2023a,,,55.28135,0.9814668297332755
KAK8105304.1,Apiospora kogelbergensis,,,41.44439,0.0014973911921088267
KAK8062996.1,Apiospora hydei,,,40.271317,0.0013643608495158381
KAK8057012.1,Apiospora saccharicola,,,55.58544,0.9791857159056098
KAK8036289.1,Apiospora rasikravindrae,,,39.323895,0.025402291247314177
KAK7990279.1,Apiospora arundinis,,,60.62764,6.23676331294993e-07
KAK7990253.1,Apiospora arundinis,,,56.285557,0.5770715252098434
AOK31304.1,Burkholderia singularis,32.25,,30.441559,0.001293368280821535
KAK7445545.1,Colletotrichum acutatum,,,54.937943,0.9804177775305155
KAK7253611.1,Aureococcus anophagefferens,,,38.054184,0.9999999999614724
KAK7182785.1,Paraphaeosphaeria sporulosa,,,51.961742,0.6429443347190644
KAK6852268.1,Apiospora arundinis,,,59.904503,5.364904544877578e-07
WWP10139.1,Pseudomonas putida group bacterium ESBL64,28.879518072289155,70.0,28.790487,0.9200789052617867
KAK6450073.1,Trichoderma asperellum,,50.0,32.54141,0.04057091691841211
KAK6445719.1,Trichoderma asperellum,,50.0,60.893578,0.0018216565141994587
WP_333714163.1,Pseudomonas moraviensis,31.5,52.5,30.173122,8.894483877455233e-06
WRK65563.1,Sporocytophaga sp. CX11,,,41.653194,0.9999999210267032
KAK6206750.1,Colletotrichum tabaci (Colletotrichum tabacum),,,54.396603,0.866465654882224
KAK6088924.1,Seiridium cupressi,,,51.251442,0.9603874321432749
KAK6070809.1,Seiridium cupressi,,,50.50418,0.960677813023298
WVX03762.1,Pseudomonas sp. LTR0,28.879518072289155,52.5,28.733988,0.5475628860742281
WVV61605.1,Pseudomonas batumici,28.879518072289155,52.5,29.286646,1.4751886305534403e-05
XP_013326293.1,Rasamsonia emersonii CBS 393.64,,82.5,31.18766,0.9999355790438988
XP_013323622.1,Rasamsonia emersonii CBS 393.64,,82.5,34.836674,0.9451567600635576
WVM64570.1,Pseudomonas putida,28.879518072289155,70.0,28.929947,0.6371184191986289
WP_329696582.1,Pseudomonas sp,28.879518072289155,52.5,25.86391,4.9390622723048434e-08
WP_329517371.1,Pseudomonas moraviensis,31.5,52.5,29.27713,6.090841688521987e-05
WP_325717075.1,Pseudomonas sp,28.879518072289155,52.5,30.663092,2.07744284582598e-05
WP_325322865.1,Pseudomonas sp,28.879518072289155,52.5,29.886799,2.8581988094189748e-05
CAK7258616.1,Shinella sp. WSC3-e,29.666666666666668,,28.82563,0.0027206912991734724
WRW01298.1,Pseudomonas putida,28.879518072289155,70.0,28.96536,0.686118276683239
WRM49288.1,uncultured Saccharophagus sp,,63.0,25.03904,0.980606917290662
KAK4687586.1,Tremellales sp. Uapishka_1,,,45.246662,0.9787124061043814
WCQ93470.1,Sorangium sp. So ce836,32.375,,33.684113,0.9994274419136118
WCQ91245.1,Sorangium sp. So ce836,32.375,,31.906113,3.330948277544718e-06
WP_323164802.1,Pseudomonas atacamensis,28.879518072289155,52.5,30.084118,7.190135179023773e-05
XP_008594636.1,Beauveria bassiana ARSEF 2860,,,52.688873,0.9954327573642492
XP_036531494.1,Fusarium subglutinans,,65.0,40.997314,0.9647171877353578
XP_036537752.1,Fusarium subglutinans,,65.0,65.52546,0.9996550796318441
XP_007817187.1,Metarhizium robertsii ARSEF 23,,,34.858887,0.06839511293077212
WP_322948140.1,Pseudomonas spirodelae,28.879518072289155,52.5,31.257986,0.0010229548453292642
XP_016582695.1,Sporothrix schenckii 1099-18,,37.0,50.080017,0.02042426351458533
CAK4022690.1,Lecanosticta acicola,,,55.65096,0.40840726737585764
CAK4029967.1,Lecanosticta acicola,,,45.35256,0.992518019014284
CAK4032617.1,Lecanosticta acicola,,,63.692223,9.664334855054364e-08
CAK4033692.1,Lecanosticta acicola,,,42.488167,0.9892869661691442
CAQ5375801.1,Thermotoga maritima,80.0,88.57142857142857,79.47339,0.9999999999167102
CAQ5375800.1,Thermotoga maritima,80.0,88.57142857142857,78.510025,0.9995542900765735
XAI72224.1,Thermus sp,66.94117647058823,,66.76712,7.451569961965632e-05
GIO11309.1,Cohnella xylanilytica,31.130434782608695,40.0,30.739117,7.877219696224684e-07
GAE88280.1,Acetivibrio straminisolvens JCM 21531,,60.18181818181818,48.99797,0.9951924658688555
GAE88377.1,Acetivibrio straminisolvens JCM 21531,,60.18181818181818,42.263725,0.9992673426281841
GAE88376.1,Acetivibrio straminisolvens JCM 21531,,60.18181818181818,49.1024,0.9999998498679458
GAE90193.1,Acetivibrio straminisolvens JCM 21531,,60.18181818181818,52.146645,0.9873545185264294
GAE90522.1,Acetivibrio straminisolvens JCM 21531,,60.18181818181818,42.904396,0.9953972667982347
GAE90520.1,Acetivibrio straminisolvens JCM 21531,,60.18181818181818,48.90525,0.9819236001653896
BCS82199.1,Anaerocellum diazotrophicum,,,73.769066,0.9935392084719582
UXF00194.1,Fervidobacterium riparium,65.0,79.9,70.27213,0.9999999811300849
AKE31378.1,Thermotoga maritima,80.0,88.57142857142857,78.510025,0.9995542900765735
AKE31377.1,Thermotoga maritima,80.0,88.57142857142857,79.47339,0.9999999999167102
AKE29507.1,Thermotoga maritima MSB8,80.0,88.57142857142857,78.510025,0.9995542900765735
AKE29506.1,Thermotoga maritima MSB8,80.0,88.57142857142857,79.47339,0.9999999999167102
AKE27634.1,Thermotoga maritima,80.0,88.57142857142857,78.510025,0.9995542900765735
AKE27633.1,Thermotoga maritima,80.0,88.57142857142857,79.47339,0.9999999999167102
KAF2962237.1,Fervidobacterium sp. 2310opik-2,71.85714285714286,79.9,69.16635,0.9999944642149088
TYQ17724.1,Acetivibrio alkalicellulosi,,60.18181818181818,45.214172,0.9999546733326413
TYQ15182.1,Acetivibrio alkalicellulosi,,60.18181818181818,65.59541,0.960120508502484
TYQ14912.1,Acetivibrio alkalicellulosi,,60.18181818181818,49.50254,0.9602770504356514
THF75155.1,Cohnella fermenti,31.130434782608695,40.0,29.785877,1.008081604019447e-11
TCO66343.1,Caldanaerobacter subterraneus,65.0,,64.11661,0.9999008929360976
QAV33433.1,Fervidobacterium changbaicum,77.5,79.9,75.24859,0.9999870922329791
RXE60716.1,Acetivibrio mesophilus,,60.18181818181818,50.121113,0.9831072092958215
RXE60320.1,Acetivibrio mesophilus,,60.18181818181818,55.6651,0.9999035456659919
RXE60218.1,Acetivibrio mesophilus,,60.18181818181818,51.639904,0.9963313523711044
RXE58124.1,Acetivibrio mesophilus,,60.18181818181818,44.414448,0.9721920448989931
AZT91215.1,Caldicellulosiruptor changbaiensis,75.0,85.0,68.796814,0.9997713509547379
AZT90847.1,Caldicellulosiruptor changbaiensis,75.0,85.0,74.05405,0.9999970944715746
AZT89324.1,Caldicellulosiruptor changbaiensis,75.0,85.0,71.2892,0.9992065422640742
RKP53163.1,Cohnella endophytica,31.130434782608695,40.0,33.35361,1.3892691637664812e-06
RKP46756.1,Cohnella endophytica,31.130434782608695,40.0,32.80606,0.00010276956001938805
RBP57376.1,Herbinix hemicellulosilytica,55.0,,56.943325,0.9866262817844726
PYG90198.1,Ruminiclostridium sufflavum DSM 19573,,55.0,39.232162,0.00032915605636746163
PYG87806.1,Ruminiclostridium sufflavum DSM 19573,,55.0,30.77604,0.0008128822880544376
PRX67911.1,Cohnella sp. SGD-V74,31.130434782608695,40.0,27.272697,6.208899002336685e-05
PQQ68369.1,Acetivibrio saccincola,,60.18181818181818,59.955196,0.9989989152045291
PQQ67260.1,Acetivibrio saccincola,,60.18181818181818,57.544247,0.9956471914460493
PQQ66693.1,Acetivibrio saccincola,,60.18181818181818,68.489136,0.9999976814987401
PPS95275.1,Thermobifida fusca,43.75,58.0,43.255775,0.0021814158835076207
PPS91825.1,Thermobifida fusca,43.75,58.0,42.723503,0.00016961158365973929
PNV79222.1,Dictyoglomus turgidum (hot springs metagenome),78.0,70.0,77.26959,0.9999999953945913
PNV79221.1,Dictyoglomus turgidum (hot springs metagenome),78.0,70.0,77.471436,0.999999990544053
PNV79220.1,Dictyoglomus turgidum (hot springs metagenome),78.0,70.0,78.12045,0.999988165353403
PNV79077.1,Dictyoglomus turgidum (hot springs metagenome),78.0,70.0,78.45369,0.999999999926481
PMQ01279.1,Dictyoglomus sp. NZ13-RE01 (hot spring metagenome),78.0,70.0,77.00209,0.9970638000004168
PMQ00777.1,Dictyoglomus sp. NZ13-RE01 (hot spring metagenome),78.0,70.0,77.35854,0.9999999851405899
ODN31056.1,Fervidobacterium thailandense,79.0,79.9,78.52826,0.999999999577257
PHJ14512.1,Fervidobacterium sp. SC_NGM5_G05,71.85714285714286,79.9,68.39339,0.9992907667989884
SOD23701.1,Acetivibrio thermocellus,,60.18181818181818,55.26259,0.9992287355307186
PFH25716.1,Caldicellulosiruptor bescii,79.0,85.0,78.02891,0.9999584498679073
PFH22628.1,Caldicellulosiruptor bescii,79.0,85.0,78.02891,0.9999584498679073
PFH17711.1,Caldicellulosiruptor bescii,79.0,85.0,78.00227,0.9999586855724792
PFH15620.1,Caldicellulosiruptor bescii,79.0,85.0,78.00227,0.9999586855724792
PFH03530.1,Acetivibrio thermocellus AD2,,60.18181818181818,55.26259,0.9992287355307186
PBD09133.1,Caldicellulosiruptor bescii,79.0,85.0,78.00227,0.9999586855724792
PBD05865.1,Caldicellulosiruptor bescii,79.0,85.0,78.00227,0.9999586855724792
PBD04501.1,Caldicellulosiruptor bescii,79.0,85.0,78.00227,0.9999586855724792
PBC90068.1,Caldicellulosiruptor bescii,79.0,85.0,78.00227,0.9999586855724792
PBC87129.1,Caldicellulosiruptor bescii,79.0,85.0,78.00227,0.9999586855724792
AEV70372.1,Acetivibrio clariflavus DSM 19732,,60.18181818181818,52.451973,0.9888511398948434
AEV68583.1,Acetivibrio clariflavus DSM 19732,,60.18181818181818,59.086597,0.999629938679169
AEV67797.1,Acetivibrio clariflavus DSM 19732,,60.18181818181818,48.9895,0.990963462371869
AEV67086.1,Acetivibrio clariflavus DSM 19732,,60.18181818181818,52.87089,0.9776099959204968
ADU75785.1,Acetivibrio thermocellus DSM 1313,,60.18181818181818,56.360718,0.9999762953527029
ADU75267.1,Acetivibrio thermocellus DSM 1313,,60.18181818181818,55.26259,0.9992287355307186
ADU75266.1,Acetivibrio thermocellus DSM 1313,,60.18181818181818,48.298615,0.9942126873099131
ADU74872.1,Acetivibrio thermocellus DSM 1313,,60.18181818181818,56.154236,0.999996835748877
ADU74758.1,Acetivibrio thermocellus DSM 1313,,60.18181818181818,54.78477,0.9977573354983569
ADU74487.1,Acetivibrio thermocellus DSM 1313,,60.18181818181818,47.41376,0.9994807672878997
ADU73502.1,Acetivibrio thermocellus DSM 1313,,60.18181818181818,47.064503,0.9940601293304944
ADU73485.1,Acetivibrio thermocellus DSM 1313,,60.18181818181818,56.98238,0.9999944895578955
ACL76673.1,Ruminiclostridium cellulolyticum H10,,45.0,44.802708,0.014010885421817174
ACL75458.1,Ruminiclostridium cellulolyticum H10,,45.0,41.84902,0.014509244500238624
ACL75216.1,Ruminiclostridium cellulolyticum H10,,45.0,51.80128,0.034443176377045165
ACL75118.1,Ruminiclostridium cellulolyticum H10,,45.0,43.24947,0.008475813086860965
ACL74811.1,Ruminiclostridium cellulolyticum H10,,45.0,48.281902,2.6297972368308084e-05
ABV33417.1,Pseudothermotoga lettingae TMO,65.0,,63.77425,0.9676325051809684
ABN54070.1,Acetivibrio thermocellus ATCC 27405,,60.18181818181818,47.13239,0.9938355281754617
ABN54006.1,Acetivibrio thermocellus ATCC 27405,,60.18181818181818,56.98238,0.9999944895578955
ABN53350.1,Acetivibrio thermocellus ATCC 27405,,60.18181818181818,55.08378,0.9999454282082758
ABN52701.1,Acetivibrio thermocellus ATCC 27405,,60.18181818181818,55.935528,0.9993770286342964
ABN52700.1,Acetivibrio thermocellus ATCC 27405,,60.18181818181818,48.94901,0.9961465028677616
ABN52032.1,Acetivibrio thermocellus ATCC 27405,,60.18181818181818,47.815594,0.9996223089552954
ABN51772.1,Acetivibrio thermocellus ATCC 27405,,60.18181818181818,54.78477,0.9977573354983569
ABN51643.1,Acetivibrio thermocellus ATCC 27405,,60.18181818181818,56.154236,0.999996835748877
OXS58876.1,Cohnella sp. CIP 111063,31.130434782608695,40.0,32.68918,0.0033371296133786693
SMR96764.1,Caldicellulosiruptor bescii,79.0,85.0,78.00227,0.9999586855724792
SMR92453.1,Caldicellulosiruptor bescii,79.0,85.0,78.00227,0.9999586855724792
SMR90007.1,Caldicellulosiruptor bescii,79.0,85.0,78.00227,0.9999586855724792
SMR95244.1,Caldicellulosiruptor bescii,79.0,85.0,78.00227,0.9999586855724792
ARO76321.1,uncultured Dictyoglomus sp,,63.0,84.26068,0.9999999999966382
SLL40035.1,Caldicellulosiruptor bescii,79.0,85.0,78.00227,0.9999586855724792
SKC62770.1,Caldicellulosiruptor bescii,79.0,85.0,78.00227,0.9999586855724792
SKC44333.1,Caldicellulosiruptor bescii,79.0,85.0,78.00227,0.9999586855724792
SKC66892.1,Caldicellulosiruptor bescii,79.0,85.0,78.00227,0.9999586855724792
SHN52027.1,Fervidobacterium gondwanense DSM 13020,66.5,79.9,70.27213,0.9999999811300849
SDH86387.1,Fervidobacterium changbaicum,77.5,79.9,75.24859,0.9999870922329791
ANV77591.1,Acetivibrio thermocellus DSM 2360,,60.18181818181818,56.360718,0.9999762953527029
ANV77007.1,Acetivibrio thermocellus DSM 2360,,60.18181818181818,55.26259,0.9992287355307186
ANV77006.1,Acetivibrio thermocellus DSM 2360,,60.18181818181818,48.298615,0.9942126873099131
ANV76577.1,Acetivibrio thermocellus DSM 2360,,60.18181818181818,56.154236,0.999996835748877
ANV76461.1,Acetivibrio thermocellus DSM 2360,,60.18181818181818,54.78477,0.9977573354983569
ANV76179.1,Acetivibrio thermocellus DSM 2360,,60.18181818181818,47.41376,0.9994807672878997
ANV75163.1,Acetivibrio thermocellus DSM 2360,,60.18181818181818,47.064503,0.9940601293304944
ANV75146.1,Acetivibrio thermocellus DSM 2360,,60.18181818181818,56.98238,0.9999944895578955
ALX09817.1,Acetivibrio thermocellus AD2,,60.18181818181818,56.360718,0.9999762953527029
ALX09255.1,Acetivibrio thermocellus AD2,,60.18181818181818,55.26259,0.9992287355307186
ALX09254.1,Acetivibrio thermocellus AD2,,60.18181818181818,48.298615,0.9942126873099131
ALX08827.1,Acetivibrio thermocellus AD2,,60.18181818181818,56.154236,0.999996835748877
ALX08709.1,Acetivibrio thermocellus AD2,,60.18181818181818,54.78477,0.9977573354983569
ALX08430.1,Acetivibrio thermocellus AD2,,60.18181818181818,47.41376,0.9994807672878997
ALX07424.1,Acetivibrio thermocellus AD2,,60.18181818181818,47.064503,0.9940601293304944
ALX07407.1,Acetivibrio thermocellus AD2,,60.18181818181818,56.98238,0.9999944895578955
ANE42311.1,Fervidobacterium ngatamarikiense,71.85714285714286,79.9,75.85091,0.9999997216591954
KUP98038.1,Thermobifida cellulosilytica TB100,43.75,58.0,43.245285,0.00019076909600501622
KUP95310.1,Thermobifida cellulosilytica TB100,43.75,58.0,40.558014,3.183145840060566e-05
KUK23833.1,Thermotoga petrophila (terestrial metagenome),80.0,95.0,76.194695,0.9992507596555976
KUK23832.1,Thermotoga petrophila (terestrial metagenome),80.0,95.0,79.72664,0.9999999999622504
CAB01405.2,Caldicellulosiruptor bescii DSM 6725,79.0,85.0,78.00227,0.9999586855724792
CUH91792.1,Herbinix luporum,55.0,,52.262665,0.9997329435293749
AHD18355.1,Thermotoga maritima MSB8,80.0,88.57142857142857,78.91666,0.9999999996658215
AHD18354.1,Thermotoga maritima MSB8,80.0,88.57142857142857,78.03926,0.9997265733882162
AFG35892.1,Fervidobacterium pennivorans DSM 9078,80.0,79.9,76.656265,0.9999988057661722
ACY96946.1,Thermomonospora curvata DSM 43183,50.0,,46.575703,7.196153630871527e-08
AFK87329.1,Thermoanaerobacterium saccharolyticum JW/SL-YS485,60.0,,60.384865,0.9999873911062682
AFK85368.1,Thermoanaerobacterium saccharolyticum JW/SL-YS485,60.0,,60.107376,0.9877320351640603
CDZ23707.1,[Clostridium] cellulosi,34.070945945945944,40.75,37.64707,0.00013232393964683197
ERM91588.1,Caldanaerobacter subterraneus subsp. yonseiensis KB-1,65.0,,64.11661,0.9999008929360976
ACI19118.1,Dictyoglomus thermophilum H-6-12,78.0,70.0,79.23567,0.999999343563681
ADQ41479.1,Caldicellulosiruptor acetigenus I77R1B,66.5,85.0,71.30431,0.9998265050693251
ADQ39796.1,Caldicellulosiruptor acetigenus I77R1B,66.5,85.0,69.922775,0.9996711505695619
AAD36817.1,Thermotoga maritima MSB8,80.0,88.57142857142857,78.510025,0.9995542900765735
AAD36816.1,Thermotoga maritima MSB8,80.0,88.57142857142857,79.47339,0.9999999999167102
AAM23649.1,Caldanaerobacter subterraneus subsp. tengcongensis MB4 (Thermoanaerobacter tengcongensis MB4),65.0,,64.11661,0.9999008929360976
ACM60947.1,Caldicellulosiruptor bescii DSM 6725,79.0,85.0,79.31714,0.9935787136104857
ACM59720.1,Caldicellulosiruptor bescii DSM 6725,79.0,85.0,78.00227,0.9999586855724792
ACM59384.1,Caldicellulosiruptor bescii DSM 6725,79.0,85.0,74.6473,0.9999776346833162
ADL69420.1,Thermoanaerobacterium thermosaccharolyticum DSM 571,58.5,,61.211212,0.9999885464806877
AGL50683.1,Thermotoga maritima MSB8,80.0,88.57142857142857,79.47339,0.9999999999167102
ACY46934.1,Rhodothermus marinus DSM 4252,65.0,,66.03914,0.999999997051157
ACK42859.1,Dictyoglomus turgidum DSM 6724,78.0,70.0,75.85887,0.9999999637161359
ACK41956.1,Dictyoglomus turgidum DSM 6724,78.0,70.0,77.47727,0.9999404145274772
ACK41955.1,Dictyoglomus turgidum DSM 6724,78.0,70.0,77.471436,0.999999990544053
ACK41954.1,Dictyoglomus turgidum DSM 6724,78.0,70.0,77.26959,0.9999999953945913
ACK41602.1,Dictyoglomus turgidum DSM 6724,78.0,70.0,78.45369,0.999999999926481
ACB09420.1,Thermotoga sp. RQ2,73.33333333333333,89.375,79.02356,0.999999999877067
ACB09419.1,Thermotoga sp. RQ2,73.33333333333333,89.375,76.194695,0.9992507596555976
ABS61403.1,Fervidobacterium nodosum Rt17-B1,70.0,79.9,68.39339,0.9992907667989884
ABP66297.1,Caldicellulosiruptor saccharolyticus DSM 8903,70.0,85.0,67.35478,0.9997054947468157
CDG36136.1,Acetivibrio thermocellus BC1,,60.18181818181818,48.298615,0.9942126873099131
CDG36664.1,Acetivibrio thermocellus BC1,,60.18181818181818,55.699047,0.9999540526004644
AEN71978.1,Rhodothermus marinus SG0.5JP17-172,65.0,,64.743484,0.9999999981156389
EPR13549.1,Ruminiclostridium papyrosolvens C7,,55.0,42.392292,0.0035709178425338377
EPR12956.1,Ruminiclostridium papyrosolvens C7,,55.0,45.093357,0.008942322683117487
EPR12097.1,Ruminiclostridium papyrosolvens C7,,55.0,42.98531,0.005516216478412578
EPR11470.1,Ruminiclostridium papyrosolvens C7,,55.0,45.90993,1.9613523293204233e-05
EOR72053.1,Thermobifida fusca TM51,43.75,58.0,42.723503,0.00016961158365973929
EOR70177.1,Thermobifida fusca TM51,43.75,58.0,43.255775,0.0021814158835076207
EMS73525.1,Ruminiclostridium cellobioparum subsp. termitidis CT1112,,55.0,41.991226,9.050832656290532e-06
EMS73472.1,Ruminiclostridium cellobioparum subsp. termitidis CT1112,,55.0,39.23328,0.00010341618287756114
EMS72912.1,Ruminiclostridium cellobioparum subsp. termitidis CT1112,,55.0,44.816868,0.009071530075977979
EMS72338.1,Ruminiclostridium cellobioparum subsp. termitidis CT1112,,55.0,32.33091,2.2262618596149262e-08
EMS71779.1,Ruminiclostridium cellobioparum subsp. termitidis CT1112,,55.0,38.321808,0.01105591135451504
EMS69890.1,Ruminiclostridium cellobioparum subsp. termitidis CT1112,,55.0,37.86771,8.051162563838579e-06
ADQ47167.1,Caldicellulosiruptor kronotskyensis 2002,70.0,85.0,72.49298,0.9999629779182003
ADQ46879.1,Caldicellulosiruptor kronotskyensis 2002,70.0,85.0,77.52478,0.9999885250835262
ADQ45732.1,Caldicellulosiruptor kronotskyensis 2002,70.0,85.0,68.89649,0.9969127316583404
AEM74681.1,Caldicellulosiruptor acetigenus 6A,66.5,85.0,69.75991,0.999976788545003
AEM73020.1,Caldicellulosiruptor acetigenus 6A,66.5,85.0,71.43834,0.9998548178709178
ADQ08066.1,Caldicellulosiruptor hydrothermalis 108,65.0,85.0,69.983406,0.9985995459841671
ADQ07774.1,Caldicellulosiruptor hydrothermalis 108,65.0,85.0,70.8262,0.9999146033339235
ADQ04043.1,Caldicellulosiruptor owensensis OL,75.0,85.0,72.62045,0.9874007646955217
ADL41864.1,Caldicellulosiruptor obsidiansis OB47,78.0,85.0,78.64595,0.9991575951536651
EIC05371.1,Acetivibrio thermocellus YS,,60.18181818181818,47.41376,0.9994807672878997
EIC05351.1,Acetivibrio thermocellus YS,,60.18181818181818,54.78477,0.9977573354983569
EIC05168.1,Acetivibrio thermocellus YS,,60.18181818181818,56.154236,0.999996835748877
EIC04722.1,Acetivibrio thermocellus YS,,60.18181818181818,48.298615,0.9942126873099131
EIC04126.1,Acetivibrio thermocellus YS,,60.18181818181818,56.98238,0.9999944895578955
EIC04109.1,Acetivibrio thermocellus YS,,60.18181818181818,47.064503,0.9940601293304944
EIC03668.1,Acetivibrio thermocellus YS,,60.18181818181818,56.360718,0.9999762953527029
EGD49658.1,Ruminiclostridium papyrosolvens DSM 2782,,55.0,45.75233,0.016713085925613012
EGD49416.1,Ruminiclostridium papyrosolvens DSM 2782,,55.0,39.48285,0.0008553509135824526
EGD48151.1,Ruminiclostridium papyrosolvens DSM 2782,,55.0,50.324844,0.0011564163154088826
EGD46605.1,Ruminiclostridium papyrosolvens DSM 2782,,55.0,47.90093,6.369282860976972e-06
EGD45892.1,Ruminiclostridium papyrosolvens DSM 2782,,55.0,42.53535,0.0021328072019188224
ADO21451.1,Geobacillus stearothermophilus,62.111111111111114,66.66666666666667,36.26149,0.1729218283406105
AAA23225.1,Acetivibrio thermocellus,,60.18181818181818,55.935528,0.9993770286342964
AAK60011.1,Thermus caldophilus,66.94117647058823,,65.79468,0.0009923610326501825
AAP56348.1,Thermobifida fusca TM51,43.75,58.0,42.725956,0.0018950919950782518
BAA00793.1,Acetivibrio thermocellus,,60.18181818181818,56.98238,0.9999944895578955
