col,entropy,charge_delta,p,Efrac,fdr,group,esm_entropy
0,0.8256265261578954,,1.0,0.0,1.0,other,
1,0.7964651492837539,0.42689075630252105,9.018714668826026e-05,0.0,0.0004303667350738034,hotspot,
2,2.710456195916051,-0.30431893687707645,0.004758890414840906,0.08461538461538462,0.014878370032606052,other,
3,2.8604751252640828,0.2505952380952381,0.02319977278493905,0.011764705882352941,0.056935973203269354,other,
4,0.10730738860148285,-0.038461538461538464,0.5134990644212778,0.0,0.7551023776206485,active-site core,
5,2.501315624688378,0.4043126684636118,0.00013281151738431132,0.12244897959183673,0.00062284021945746,hotspot,
6,2.4282939483857278,-0.16666666666666666,0.009348708166192552,0.5,0.026488006470878896,other,
7,1.8576157316032806,0.0,1.0,0.0,1.0,other,
13,2.0278652086889437,-0.1891891891891892,0.0018904473330032833,0.0029850746268656717,0.006508881956669532,other,
14,2.100060724566631,0.0,1.0,0.30701754385964913,1.0,other,
15,3.027666290943886,0.41633199464524767,7.131878588724667e-06,0.002793296089385475,4.511327851472348e-05,hotspot,
16,1.7599681348704335,-0.011494252873563218,1.0,0.0,1.0,other,
17,2.8257437842569875,-0.01098901098901099,1.0,0.0,1.0,other,
18,2.340138578148025,0.186231884057971,0.007252870581908631,0.16049382716049382,0.020987029768927103,hotspot,
19,2.75261653886061,-0.010869565217391304,1.0,0.0023923444976076554,1.0,other,0.15889525413513184
20,3.367397717138701,0.09782608695652173,0.030738293548240442,0.13615023474178403,0.07270274647931653,other,3.6362009048461914
33,2.4791197123149025,-0.20212765957446807,9.344426216374652e-06,0.0020242914979757085,5.7765543883043305e-05,other,3.710756778717041
34,2.674876494497026,-0.010638297872340425,1.0,0.004073319755600814,1.0,other,3.679718017578125
35,3.3323580513789754,-0.08215962441314553,0.1650774147112945,0.028985507246376812,0.30338551892886556,other,3.3191943168640137
36,2.4999355862140917,0.0070224719101124045,1.0,0.0399002493765586,1.0,other,2.6817078590393066
37,2.7226845529498735,-0.35404040404040404,1.6894600238795975e-05,0.033942558746736295,9.401436704527925e-05,other,
45,3.3462747837865856,-0.16816816816816815,0.0018512957583610248,0.051001821493624776,0.006455800593258958,other,3.134366273880005
46,3.3776721741607183,0.6551280109074382,1.4365152161890875e-23,0.2144,3.907321388034318e-21,hotspot,3.4627158641815186
47,3.2464655527139117,0.0002785709311232676,1.0,0.12074303405572756,1.0,other,2.0372354984283447
48,2.898913213836184,0.43222591362126245,2.508868869010842e-13,0.10229007633587786,1.1373538872849151e-11,hotspot,3.0032482147216797
49,3.250206194334182,-0.12846133751306163,0.029864114886747672,0.004322766570605188,0.07125473025609971,other,1.8747764825820923
50,2.8187937745879914,0.19382383153569593,0.00025515003352073707,0.010869565217391304,0.0010677047556560074,hotspot,0.9011257886886597
51,3.198550761315294,-0.04780041896781562,0.516356772931767,0.13630229419703105,0.7551023776206485,other,1.5508166551589966
52,3.348266809041245,-0.4101123595505618,2.9097985136215645e-15,0.013477088948787063,1.9786629892626638e-13,other,0.2488449513912201
53,2.5004899707477524,-0.033707865168539325,0.4382746161021006,0.0,0.66972300887512,other,0.5924330353736877
54,2.870963404942149,0.29775280898876405,4.505824087568378e-06,0.08748317631224764,3.063960379546497e-05,hotspot,0.3886358439922333
55,2.743375692150735,0.550561797752809,4.8378640171606584e-18,0.0847913862718708,4.386330042225664e-16,hotspot,1.1169575452804565
56,3.160294979074655,0.033707865168539325,0.3713646877984869,0.0026917900403768506,0.5805241096620025,other,2.5831029415130615
57,0.6017882898769651,0.33707865168539325,6.28895791196112e-11,0.04172274562584118,1.7105965520534244e-09,active-site core,0.6280910968780518
58,2.366304446771007,0.0,1.0,0.0,1.0,other,0.6088235974311829
59,1.2821577985351729,0.09550561797752809,0.02637420700157804,0.004037685060565276,0.06405164557526095,other,0.902971088886261
60,2.989588199891818,0.0,1.0,0.0,1.0,other,1.1589641571044922
61,1.929404662501835,0.0,1.0,0.0,1.0,other,3.837726593017578
62,0.06774516863093369,0.0,1.0,0.0,1.0,active-site core,0.07252422720193863
63,2.2222323652193983,-0.0056179775280898875,1.0,0.004037685060565276,1.0,other,2.2418088912963867
64,2.551270549784491,-0.011235955056179775,0.5538847117794485,0.0013458950201884253,0.7861356717736586,other,2.515794277191162
65,3.010967325420024,0.0,1.0,0.0,1.0,other,0.2601058781147003
66,3.5184114259627157,0.2752808988764045,1.457520820941444e-09,0.0,2.4777853956004548e-08,hotspot,1.1641523838043213
93,2.576974786428403,-0.011428571428571429,1.0,0.0,1.0,other,2.5149693489074707
102,3.3393080872471277,-0.4367977528089888,1.9007659967235573e-12,0.18732394366197183,5.968188879306621e-11,other,3.449784278869629
103,3.471529371334484,-0.11587269948840609,0.008353177738255734,0.06111111111111111,0.023916466787426944,other,2.4477219581604004
104,2.69846260082045,-0.11235955056179775,0.0003142267310237632,0.0,0.0012949950127039938,other,2.828775644302368
105,3.335080000681754,-0.015304145679969003,0.8103974862352024,0.1307277628032345,1.0,other,1.9107598066329956
134,3.693963113327838,0.26724137931034486,0.0008012419733687032,0.06655290102389079,0.0029854495446066747,hotspot,1.8535219430923462
136,2.9596311243634976,0.13811728395061734,0.14413301194059247,0.19444444444444445,0.27037364998511143,other,1.873267412185669
137,3.376919417238012,0.18451143451143454,0.01678258213960504,0.019374068554396422,0.04431905186381137,hotspot,1.1967551708221436
138,3.3039105438331307,-0.27231329690346084,4.6287764043610524e-05,0.02037617554858934,0.00024212061192042426,other,1.5437688827514648
139,2.9485093020102005,-0.04722222222222222,0.48954163984982796,0.02511773940345369,0.7356647847467028,other,3.1930689811706543
140,3.2077837820615676,-0.03305785123966942,0.31091431988382356,0.001579778830963665,0.5033850893357144,other,2.321882486343384
169,3.34938489933804,0.4013605442176871,1.7220153981155441e-06,0.05178571428571429,1.2326004954932315e-05,hotspot,1.1613489389419556
170,2.9978614240908383,-0.009259259259259259,1.0,0.004702194357366771,1.0,other,2.8272125720977783
171,2.815819217578003,0.23531730390224673,0.0003376705699591362,0.015267175572519083,0.0013708417168490305,hotspot,2.9644150733947754
172,3.123817781813361,0.22644603458556944,0.0007845850294574663,0.2619047619047619,0.002963987889061539,hotspot,0.3314799964427948
177,2.978762495348658,-0.0466588166028849,0.499352962689863,0.29608938547486036,0.7422076822494139,other,0.553648054599762
178,3.4057270760656757,-0.06470588235294118,0.017990186929666474,0.013605442176870748,0.047051258123743084,other,2.9317805767059326
179,2.5622868174848787,0.2608964069638227,1.0985937615269037e-06,0.0013351134846461949,9.055075852585388e-06,hotspot,2.3936808109283447
180,2.8193707670485617,0.16637856525496975,0.004501945769268161,0.1375166889185581,0.014238712200476043,hotspot,0.9472978711128235
181,3.2352434408571584,0.2825040128410915,2.440350542053859e-06,0.006675567423230975,1.701988070355512e-05,hotspot,0.0072565022855997086
182,2.5412336052757665,-0.005494505494505495,1.0,0.0,1.0,other,1.5443896055221558
183,2.7067468869147433,-0.03636251389060374,0.5952985517013086,0.03337783711615487,0.8346453920760616,other,0.06331684440374374
184,3.6600451948461545,0.2737992344733917,2.9685450164453587e-05,0.1321762349799733,0.0001583224008770858,hotspot,1.610356092453003
185,2.6515072901274297,-0.027472527472527472,0.1755400527613073,0.0026666666666666666,0.3120712049089907,other,2.1027801036834717
186,2.054101383952747,0.0,1.0,0.0,1.0,other,0.07742151618003845
187,3.074685069130357,-0.008889986418076257,0.8956428674447527,0.22709163346613545,1.0,other,3.432089328765869
188,3.6509321722247243,0.11384121496481046,0.005529503218918774,0.03187250996015936,0.016711387506065628,hotspot,2.772162675857544
189,2.5447058121940214,0.0,1.0,0.0013297872340425532,1.0,other,1.08707857131958
190,2.886571055453855,-0.407642918878874,2.3008635310956642e-10,0.026595744680851064,4.470249146128719e-09,other,2.4697136878967285
191,2.78311449703722,0.3217063835041363,4.42823520882482e-08,0.12749003984063745,4.3017142028583964e-07,hotspot,2.877991199493408
192,3.4541823598372976,-0.34294357328065195,2.5350202230613915e-08,0.0903054448871182,2.873022919469577e-07,other,3.4372050762176514
193,1.1936157834222683,0.34479565378441784,1.9799487676993106e-10,0.00796812749003984,4.1960404287245735e-09,hotspot,3.1332950592041016
194,2.2365924612959756,-0.005494505494505495,1.0,0.0,1.0,other,1.6894975900650024
197,2.0292706830195257,-0.054204222743548594,0.13006664208772406,0.0,0.25270090462757816,other,1.1789671182632446
200,2.0292186702065234,0.0,1.0,0.0,1.0,other,0.4474272131919861
204,2.414832894255253,0.0,1.0,0.0,1.0,other,2.7462406158447266
208,1.5699614032637337,0.0,1.0,0.0,1.0,other,0.8287878632545471
209,1.4063338269596823,-0.1821829855537721,0.005750789123081372,0.006640106241699867,0.017002333059544926,other,0.9468357563018799
210,3.2065303422186213,-0.027472527472527472,0.1755400527613073,0.0,0.3120712049089907,other,2.0345816612243652
212,0.6351574874705768,-0.27472527472527475,2.0054604990227743e-10,0.0,4.1960404287245735e-09,active-site core,3.2907538414001465
213,3.0283671115561384,0.14131374243733794,0.00024800598910434013,0.0,0.0010540254536934455,hotspot,0.7718059420585632
214,3.2611163621665655,-0.13667728237791932,0.018796972320560427,0.039097744360902256,0.04869310924945178,other,1.3501516580581665
250,3.1291010271697624,-0.3355957767722474,0.0002446243019695448,0.05555555555555555,0.0010540254536934455,other,2.9519460201263428
251,3.1614353547412724,0.06550480769230771,0.4105441185143374,0.03536345776031434,0.6308926566999987,other,0.1807054877281189
252,2.0466234911032686,-0.06474820143884892,0.20921485114793065,0.0,0.367138319433788,other,0.8682522773742676
273,3.2657482852327786,-0.2,7.4096078533982e-05,0.0,0.00037322469187487224,other,
274,3.486011992949879,-0.015297638842700356,1.0,0.04433497536945813,1.0,other,
275,3.1948793336016172,-0.04043307463830603,0.6116467101427603,0.06463195691202872,0.8531687444042606,other,
276,2.6730305610254534,0.348106639497368,2.7500000803816246e-08,0.0650887573964497,2.9920000874552077e-07,hotspot,
278,3.2170130054079906,0.4799668874172185,1.811092158498826e-12,0.048458149779735685,5.968188879306621e-11,hotspot,
284,3.362891189112382,-0.010445205479452054,1.0,0.0014727540500736377,1.0,other,
286,3.704901213872799,0.0773955773955774,0.0064754015109577175,0.004316546762589928,0.01893880872022042,hotspot,0.40993136167526245
292,3.3586612945874257,-0.17870485678704856,0.0027667969117083084,0.07391304347826087,0.009290972345489628,other,3.023973226547241
297,3.404528325216202,0.36379310344827587,9.072581599546094e-08,0.13275613275613277,8.50945584509151e-07,hotspot,1.9223629236221313
298,3.554492744017899,-0.09365203761755486,0.09663969565323197,0.013119533527696793,0.2021999785975315,other,1.1118683815002441
299,3.4569932743354617,0.18770736562707363,0.005525034953238852,0.07385524372230429,0.016711387506065628,hotspot,2.9812426567077637
300,3.3875587909100755,0.3652897906393986,3.3536989332945005e-08,0.033478893740902474,3.508485037908093e-07,hotspot,3.4700424671173096
324,3.1257733754975643,-0.016058147396889794,0.7867315079044127,0.13823529411764707,1.0,other,1.3278682231903076
325,3.5896577708402884,0.38356945122944147,1.210250801654767e-08,0.16400580551523947,1.4312531219569418e-07,hotspot,1.8438656330108643
326,2.74421686405511,0.3150527009222662,1.1433339290570564e-06,0.36191860465116277,9.095721490852799e-06,hotspot,2.2410526275634766
327,3.356492607375187,-0.15000000000000002,0.02217457383751643,0.012893982808022923,0.05592424924966403,other,1.4321365356445312
423,1.5455790988401237,0.0,1.0,0.001445086705202312,1.0,other,2.4032444953918457
424,3.1121603296937055,0.27526550188420695,6.330082374144595e-06,0.030303030303030304,4.0994819184936425e-05,hotspot,1.617498755455017
425,3.1463512909855096,0.11653003178852267,0.10065087358822983,0.1504297994269341,0.20898501996945432,other,3.672100067138672
439,2.8968932814026283,-0.02040816326530612,0.5467077816071104,0.0,0.7861356717736586,other,1.517989158630371
440,1.395888923905831,0.0,1.0,0.0,1.0,other,0.9910020232200623
441,2.8828823939558768,0.2585190039318479,0.0017398531415888199,0.28139904610492844,0.006145974733924143,hotspot,1.2269877195358276
442,3.5138296732189254,-0.09253246753246754,0.16760816881595048,0.009523809523809525,0.3059692746170371,other,1.0178825855255127
443,2.227740163814201,0.0,1.0,0.0014347202295552368,1.0,other,3.0689797401428223
444,1.7692897541705905,-0.29962546816479396,1.1390008667949713e-08,0.06743185078909612,1.4082192534919646e-07,other,0.027771998196840286
445,3.0402021923170803,0.054015813566375304,0.49505083172430514,0.09899569583931134,0.739856188071489,other,0.08639044314622879
446,3.308102801484116,0.10844777361631291,0.1182145095254355,0.02442528735632184,0.2381803451179145,other,1.299832820892334
453,1.96315259690036,0.0,1.0,0.0,1.0,other,1.8931455612182617
458,2.8395820351268783,-0.09770395701025891,0.2220434837870671,0.009202453987730062,0.38389946917088397,other,1.715105414390564
459,2.741137439695674,-0.28144697177308853,5.8042634085699905e-09,0.03206997084548105,7.517903081576368e-08,other,1.490667700767517
460,2.8691868324778316,0.16669592696629215,0.010067896553688477,0.11594202898550725,0.028231627449518203,hotspot,3.5181963443756104
461,3.6933246546213323,0.3088601080710181,1.9882826534853092e-07,0.15706051873198848,1.7445576830580776e-06,hotspot,2.8830511569976807
467,2.951968068487663,0.002744660777082082,1.0,0.0,1.0,other,2.481072425842285
468,2.0563847103593598,0.0,1.0,0.0,1.0,other,2.4909536838531494
470,2.5302546099407124,-0.015267175572519083,0.5160232461602324,0.0,0.7551023776206485,other,3.715505361557007
472,2.196959312452698,0.0,1.0,0.0,1.0,other,2.4499404430389404
475,2.1350620043199777,-0.05635131657946657,0.3207836690002351,0.3122302158273381,0.5132538704003762,other,1.7245407104492188
476,1.9123840781263726,0.0,1.0,0.0,1.0,other,1.5404008626937866
477,3.407358346439519,-0.05343511450381679,0.043303270299414665,0.0,0.09897890354151924,other,2.7971012592315674
478,0.04012438915507571,0.0,1.0,0.0,1.0,active-site core,1.8487845659255981
479,0.087228985971488,-0.011235955056179803,0.4045454545454546,0.9899280575539569,0.627344610536261,active-site core,1.2173552513122559
480,1.4650035977580071,-0.007633587786259542,1.0,0.004316546762589928,1.0,other,1.7055896520614624
481,2.9590963781900217,-0.44043228407239043,1.974768379182338e-12,0.0,5.968188879306621e-11,other,2.405245304107666
482,2.9460401155656974,-0.016553735311776313,0.7988178571659066,0.021645021645021644,1.0,other,2.3002023696899414
483,3.2995738749323196,-0.5889694900789418,1.5745826842149459e-19,0.12751677852348994,2.1414324505323264e-17,other,0.21741023659706116
484,3.5230748835974177,0.3697659709044908,2.364332018862409e-09,0.14930555555555555,3.4935327128189996e-08,hotspot,2.480609655380249
485,3.4825653383417934,0.05291005291005291,0.2459581342482554,0.022988505747126436,0.41552044116520825,other,0.2002383917570114
486,3.0818515541071587,-0.08849955076370172,0.22300042694485173,0.0398936170212766,0.38389946917088397,other,0.9992605447769165
520,3.0480964530781525,0.45658263305322133,1.6368032827474135e-09,0.20689655172413793,2.6188852523958616e-08,hotspot,1.0073935985565186
521,3.578047970934433,0.10317460317460317,0.050304388627832625,0.03544776119402985,0.11308093972537582,other,2.0409023761749268
522,1.0309814205478456,-0.024,0.2737525632262474,0.0018315018315018315,0.4458724383086186,active-site core,1.6049801111221313
621,3.632766343838237,0.475765306122449,0.0005545855079734453,0.11555555555555555,0.0021246092699827765,hotspot,
622,3.277538537930987,0.4900343642611684,8.141438672892357e-11,0.10311750599520383,2.0131557445697462e-09,hotspot,
623,3.199387429156577,0.5729166666666667,7.049111513862897e-14,0.02952755905511811,3.834716663541415e-12,hotspot,
624,2.7018168606839144,-0.14285714285714285,0.0008834996456654131,0.025688073394495414,0.0032474581570404375,other,
625,2.9223202005801294,-0.11892312826788298,0.11131222997440143,0.0060790273556231,0.2278457456911063,other,0.3993875980377197
626,3.337783395537504,0.14250750917788407,0.05111750363419694,0.15501519756838905,0.11315048550093576,other,1.0230069160461426
627,2.792532175531954,0.0,1.0,0.0015220700152207,1.0,other,2.3679020404815674
628,2.7805816060130732,-0.04040404040404041,0.12464128693636892,0.0015360983102918587,0.24712503308473677,other,2.905102252960205
629,2.7023802402483996,0.03314606741573034,0.6639262546547905,0.2534351145038168,0.9166900571883401,other,1.5023367404937744
630,3.0798135494774335,0.003146067415730369,1.0,0.11450381679389313,1.0,other,2.9706871509552
631,2.7207265371289218,0.0,1.0,0.0015384615384615385,1.0,other,3.637557029724121
632,2.687623386097633,-0.010309278350515464,1.0,0.03230769230769231,1.0,other,0.9133068323135376
633,3.1515867223196046,0.40229352484651915,3.6927380160700155e-08,0.05855161787365177,3.720091631003868e-07,hotspot,3.0480403900146484
634,2.939827416545613,0.13946484420247884,0.005363691565206532,0.046224961479198766,0.01657868301972928,hotspot,0.821394145488739
635,1.4412590958475548,0.0,1.0,0.0,1.0,other,0.007756227161735296
636,1.2696126298091355,0.2363061797752809,1.7868574014353935e-05,0.0,9.72050426380854e-05,hotspot,1.4953430891036987
637,2.930987918399746,0.09691011235955055,0.23321334364858742,0.08024691358024691,0.3989561602038728,other,1.3221960067749023
638,3.0286371651627753,-0.10416666666666667,0.0016197780051410786,0.004629629629629629,0.005797100228925965,other,0.014713302254676819
639,2.0376656591760245,0.0270365168539326,0.7595118374754849,0.018518518518518517,1.0,other,0.006244671531021595
640,2.5627916506146984,0.05641385767790261,0.3362361946870641,0.0061823802163833074,0.5317223543888456,other,0.11666638404130936
641,2.770781287478314,-0.13861620342992315,0.07549935962370635,0.05124223602484472,0.160436139200376,other,3.122734785079956
650,3.063579587925371,0.32361891385767794,8.950871543455561e-07,0.0,7.608240811937227e-06,hotspot,2.116840362548828
651,2.590337994205574,0.047401685393258425,0.19979564756880838,0.0031007751937984496,0.35288581908257066,other,3.693436622619629
652,1.474849012978905,0.0,1.0,0.0,1.0,other,1.327755331993103
654,2.423221414648906,0.0,1.0,0.0,1.0,other,2.5372023582458496
655,2.0459522422385454,0.0,1.0,0.0,1.0,other,2.8310976028442383
656,2.207176521475091,0.11364700374531839,0.1253796123738738,0.4658385093167702,0.24712503308473677,other,1.8101557493209839
658,1.5711376100458279,0.0008192883895131089,1.0,0.010869565217391304,1.0,other,2.316432237625122
659,2.7825987242360295,-0.03617208077260755,0.4059288656411101,0.0,0.627344610536261,other,0.7847139835357666
660,3.0284906772445783,0.13499716392512762,0.022790777421668795,0.20168067226890757,0.05687239870361387,other,2.3364548683166504
767,1.98121802962543,0.0,1.0,0.0,1.0,other,3.5047101974487305
768,2.325146613421932,-0.07368421052631578,0.014213371681075416,0.00778816199376947,0.03827759502230211,other,2.0702834129333496
769,2.864829104645166,-0.12489651094027202,0.0030429897219129746,0.012422360248447204,0.010093819565369868,other,1.239242434501648
783,2.941212796829193,0.2885662431941924,8.269545736976567e-05,0.013996889580093312,0.00040166365008171894,hotspot,3.845076322555542
784,3.207727243424047,-0.06521739130434782,0.03118560521539636,0.00794912559618442,0.07312486740161905,other,1.9808964729309082
785,2.926695573672032,0.17919780387372275,0.02323490082927536,0.030744336569579287,0.056935973203269354,other,1.9951059818267822
786,3.1458316194821947,-0.23508137432188064,5.494465841367515e-05,0.0210016155088853,0.0002819801337456536,other,2.1556832790374756
787,3.281875333791766,0.5031627372052905,4.898807522946567e-06,0.08355795148247978,3.249940600588942e-05,hotspot,2.8518903255462646
788,2.9359689904946866,0.20386590154032014,0.0004355448158090684,0.015151515151515152,0.0016982120070457795,hotspot,3.143347978591919
789,3.350389601128453,-0.055661192739844434,0.26603131668997304,0.01340033500837521,0.4374260350890029,other,0.33923688530921936
790,3.1711259011575286,0.0008533636751529294,1.0,0.15359477124183007,1.0,other,0.18279820680618286
803,3.225142911502762,0.10902580565501913,0.17182439508519376,0.01567398119122257,0.31157490308781804,other,2.826061964035034
804,0.863599591339973,-0.03143006809848088,0.3711322588470517,0.0,0.5805241096620025,active-site core,3.423034906387329
813,3.1247727176676183,0.13316455696202534,0.04034712360979481,0.024390243902439025,0.09379844121251442,other,1.4081183671951294
814,2.8016992233446487,-0.24800152264940997,0.002367716814002315,0.00963855421686747,0.00805023716760787,other,2.8253347873687744
825,3.2806667692429903,0.4325674325674325,2.4403353508662132e-09,0.16363636363636364,3.4935327128189996e-08,hotspot,2.7157061100006104
826,3.1524632321789876,0.4320520402128918,4.3898058862168426e-09,0.006802721088435374,5.970136005254906e-08,hotspot,0.17982009053230286
827,2.6556483879399284,-0.15150798344175045,0.011634530730739296,0.0,0.032028567446047984,other,2.3582746982574463
828,2.5800599046498376,-0.15647545830869308,0.00043703985475442855,0.0,0.0016982120070457795,other,1.3655720949172974
829,1.9578688912480449,0.0,1.0,0.0,1.0,other,1.7384737730026245
830,1.7599480550073827,-0.010526315789473684,1.0,0.0,1.0,other,1.620593786239624
831,2.5074087383966126,-0.1536369012418687,0.003437226483746593,0.15085536547433903,0.011264163898543051,other,0.6203452348709106
832,3.1700850371562437,0.0,1.0,0.0,1.0,other,2.0072176456451416
834,0.23039078906064225,0.0449438202247191,0.052828892596084455,0.0,0.11588273214624978,active-site core,2.5071861743927
835,3.4184194848029152,-0.14736842105263157,7.970416293785138e-05,0.020186335403726708,0.0003941733148926469,other,3.663214683532715
839,0.16687818665136817,0.0,1.0,0.0,1.0,active-site core,0.8335493803024292
840,3.2045132905880704,0.13140153755174452,0.02220521661383719,0.03881987577639751,0.05592424924966403,other,2.2867207527160645
843,2.6128125095101438,-0.0028687544824288758,1.0,0.02422145328719723,1.0,other,2.289429187774658
844,3.1931979188106174,-0.05050266114725015,0.2150859818354401,0.0031201248049922,0.37502171191820327,other,3.4762420654296875
845,3.2576400909798475,-0.04340626848018925,0.5549192977225825,0.03115264797507788,0.7861356717736586,other,3.642820119857788
846,2.824727571203118,0.17292490118577075,0.015320636345016934,0.013232514177693762,0.04085503025337849,hotspot,3.5578479766845703
847,2.9994525604564455,0.1337995337995338,0.11140986829748947,0.03766478342749529,0.2278457456911063,other,1.3875274658203125
848,2.4657718077943316,0.05454545454545454,0.26389842141386416,0.01125703564727955,0.4374260350890029,other,3.3846592903137207
849,3.0110075582259688,0.06759906759906759,0.4782215868130131,0.022813688212927757,0.722645953406331,other,2.9772558212280273
850,3.0907963756167,0.1832923832923833,0.059977805360502706,0.01532567049808429,0.12947589728616457,other,1.6062841415405273
851,2.7726877070809937,-0.19444444444444445,0.0012115173614454576,0.43846153846153846,0.004393769630842193,other,2.9563608169555664
892,3.177807847717264,-0.06857142857142856,0.5272213460719418,0.06741573033707865,0.7627883304870647,other,2.3225200176239014
893,3.2357953630401943,0.4046895353886235,1.2252070418805978e-05,0.04943820224719101,7.405695897589392e-05,hotspot,0.42172300815582275
894,3.0760951640427807,0.013725490196078438,1.0,0.32827324478178366,1.0,other,3.1446568965911865
895,3.2583697585337563,0.2676923076923077,0.005645773524761333,0.1713747645951036,0.01687527910697893,hotspot,2.6322550773620605
896,3.444639025598883,0.1461339252682205,0.13416391028468164,0.02962962962962963,0.25607865384635403,other,0.7308219075202942
897,2.8261823636529786,0.36108028116907137,0.0002424705009621531,0.24723247232472326,0.0010540254536934455,hotspot,2.94008469581604
898,3.505621029275158,0.3746976294146106,1.6936411710362805e-05,0.033216783216783216,9.401436704527925e-05,hotspot,1.580868124961853
899,3.5494610513799545,0.09026369168356999,0.14719254066881382,0.005119453924914676,0.2742217196021737,other,1.6728843450546265
900,3.239730391316754,0.3426724137931034,1.2527574203940313e-05,0.08603896103896104,7.407609094503837e-05,hotspot,1.078314185142517
901,2.8825158638122192,-0.045561180392641065,0.5527023538650673,0.33174603174603173,0.7861356717736586,other,2.5380122661590576
902,3.8089454396603535,0.19471539696258797,0.003768016327764469,0.0490506329113924,0.012201195727999234,hotspot,1.2565181255340576
903,2.915065949931536,0.0,1.0,0.001579778830963665,1.0,other,2.015702486038208
904,3.13924551574405,-0.11797752808988765,0.13287151465700242,0.04746835443037975,0.25607865384635403,other,0.01945376954972744
905,3.416841188632607,0.11431362970200293,0.13655962778135475,0.15590551181102363,0.2579459635870034,other,0.7102447748184204
906,3.2622058286101723,-0.05148783800469195,0.4424931709781447,0.006309148264984227,0.6723918575757283,other,0.02529125101864338
907,3.335483782920139,0.06638253906754488,0.16222272573056462,0.020634920634920634,0.30016722039941207,other,3.0532360076904297
910,3.231770053422433,0.35930630190522717,1.6336918194610868e-06,0.09606299212598425,1.2009842564686908e-05,hotspot,0.0649304911494255
911,2.6678727270166664,0.11638983878847092,0.05116731513461433,0.009448818897637795,0.11315048550093576,other,0.8608531951904297
912,2.7646021539649266,-0.043478260869565216,0.1210510612467463,0.0015748031496062992,0.2421021224934926,other,3.2210428714752197
915,3.184808653518546,0.17550073277967757,0.013876074208590945,0.02047244094488189,0.03774292184736737,hotspot,0.4041304588317871
916,2.8285313050486347,0.3615046409379579,1.2038454914363998e-06,0.3186119873817035,9.095721490852799e-06,hotspot,0.3137209415435791
917,2.7712742910414807,-0.07449527216969076,0.31748935056022193,0.12599681020733652,0.5109887772330199,other,0.15749074518680573
919,2.026084645356135,-0.006493506493506496,1.0,0.0998389694041868,1.0,other,0.12185106426477432
920,3.007284331264817,-0.04123965921718731,0.5261529037141917,0.0,0.7627883304870647,other,1.2611699104309082
924,2.030424457992596,0.0036638983878847092,1.0,0.015772870662460567,1.0,other,0.777224063873291
928,2.551226749308326,0.0,1.0,0.0,1.0,other,3.3449435234069824
929,2.5477397847547154,0.0,1.0,0.0,1.0,other,0.08991441875696182
930,2.3889023683720527,0.0,1.0,0.0,1.0,other,2.5922651290893555
931,1.3254290720891193,-0.021372740595994137,0.6210088788748624,0.007886435331230283,0.8618082400712377,other,3.0913143157958984
932,-0.0,0.0,1.0,1.0,1.0,active-site core,3.598114490509033
933,2.2682428446809797,0.0,1.0,0.0,1.0,other,3.7607781887054443
934,0.9869301359290984,0.0,1.0,0.0,1.0,other,3.2877511978149414
935,2.6848981768688196,-0.046511627906976744,0.05624875423559897,0.007974481658692184,0.12239728921666335,other,3.4439733028411865
936,3.3006833878001447,-0.1256762380357886,0.0038922991768241873,0.013333333333333334,0.012455357365837399,other,3.5563604831695557
942,3.391861213607907,-0.09090909090909094,0.2414003407198902,0.033277870216306155,0.4103805792238133,other,2.369304895401001
943,3.469939924250309,0.3066232998225902,1.583676721016382e-05,0.11686143572621036,9.165107832265018e-05,hotspot,0.5271334052085876
944,3.2120203720827445,-0.07732111176818451,0.12643575236180415,0.11658456486042693,0.24741384634827865,other,2.6989235877990723
945,2.9667486461398873,0.2449733885274985,0.0001551165594747381,0.11783960720130933,0.0007031950696188127,hotspot,3.317662239074707
956,2.8256812836081826,-0.06521739130434782,0.24784853700516352,0.0,0.41552044116520825,other,
957,2.551107760952754,-0.05698005698005698,0.5730204300106139,0.007712082262210797,0.8075728340045957,other,
958,3.511967152710789,-0.09286833855799374,0.11415879648504676,0.05253623188405797,0.23172531823830386,other,0.2726760804653168
959,3.0060206280064006,0.4227657935285054,1.5772823053353645e-07,0.18588640275387264,1.4300692901707306e-06,hotspot,2.9518728256225586
960,3.420589596262829,0.15815457950289413,0.04320024476353883,0.16750418760469013,0.09897890354151924,other,1.8869602680206299
961,3.1793012119136117,0.3094155844155844,1.1963242447891426e-06,0.013377926421404682,9.095721490852799e-06,hotspot,2.624694347381592
962,3.617548650787962,-0.09123376623376628,0.2669585361204944,0.043478260869565216,0.4374260350890029,other,2.095742702484131
963,3.16366999339468,0.26363636363636367,0.0002014266419965687,0.04,0.0008981646987387981,hotspot,1.3091211318969727
964,2.574465973009529,0.0,1.0,0.10891089108910891,1.0,other,1.5153276920318604
979,2.550496158786417,-0.003521717256414557,1.0,0.0,1.0,other,2.308804512023926
980,2.960396391542467,0.45111521046453124,1.1050615176877089e-09,0.20398009950248755,2.0038448854070455e-08,hotspot,3.4899206161499023
981,2.967032426424227,0.12376320643971156,0.021390923823875953,0.03316749585406302,0.0548899177367383,other,1.8660905361175537
982,2.413196225630335,0.0,1.0,0.0,1.0,other,3.390684127807617
990,3.4298590410192484,0.0387208297320657,0.7433210996366725,0.08818635607321132,1.0,other,3.016606569290161
991,2.7184398507081675,0.1026793431287813,0.2490067349629741,0.275,0.41552044116520825,other,3.380392551422119
992,2.890948575682131,-0.1286084701815039,0.13462958639716407,0.11185308848080133,0.25607865384635403,other,1.5861777067184448
995,2.757928027674491,-0.1502808988764045,0.04820856878108102,0.010033444816053512,0.10927275590378364,other,2.93723726272583
996,2.38186803674961,-0.078125,0.011657456533671876,0.0,0.032028567446047984,other,1.813690423965454
998,2.673363853974077,-0.0625,0.028949350391951834,0.0,0.06968339209390176,other,1.3862831592559814
999,2.23906618923533,-0.03125,0.17337461300309598,0.0,0.3120712049089907,other,2.472649574279785
1001,3.0524984659781933,0.0,1.0,0.0,1.0,other,2.6310224533081055
1002,2.867203991554772,-0.04838709677419355,0.06723854393528603,0.0,0.14400696023935275,other,0.548700749874115
1003,0.9608479630544194,0.0,1.0,0.0,1.0,active-site core,2.546273946762085
1004,3.1157349467246673,0.2468101314035422,0.00039527895708410565,0.04406779661016949,0.0015811158283364226,hotspot,2.5414199829101562
1005,2.7251644830369868,0.0,1.0,0.0,1.0,other,2.0572032928466797
1006,2.6261881121887436,-0.0552365326770577,0.32791128206308057,0.0,0.521589875562327,other,2.7245612144470215
1007,2.5525617742097912,-0.36349848331648127,0.00013719725436313018,0.002398081534772182,0.0006325025963859561,other,
1008,2.0673848818620515,0.18397435897435888,0.07836100705535784,0.0,0.16522630945005684,other,
1009,1.0831794013417961,0.0,1.0,0.0,1.0,other,
