Accession,hmm_from,hmm_to,coverage,score
AEV67086.1,12,271,0.9558823529411765,261.4312744140625
ADU74487.1,13,271,0.9522058823529411,259.9190673828125
ALX08430.1,13,271,0.9522058823529411,259.9190673828125
ANV76179.1,13,271,0.9522058823529411,259.9190673828125
EIC05371.1,13,271,0.9522058823529411,259.9190673828125
ABN52032.1,13,271,0.9522058823529411,259.91455078125
PQQ68369.1,9,271,0.9669117647058824,258.1758117675781
P15704.1,1,272,1.0,256.612060546875
RBP57376.1,11,270,0.9558823529411765,253.93858337402344
ACL74811.1,1,272,1.0,250.93902587890625
EGD49416.1,6,271,0.9779411764705882,250.41131591796875
EMS69890.1,1,272,1.0,249.35592651367188
AZT91215.1,2,272,0.9963235294117647,248.9945831298828
TYQ14912.1,11,270,0.9558823529411765,248.34654235839844
ACL75458.1,9,271,0.9669117647058824,247.35752868652344
ADL41864.1,2,272,0.9963235294117647,247.24839782714844
ABP66297.1,2,272,0.9963235294117647,247.19395446777344
EPR11470.1,1,272,1.0,247.14669799804688
ADQ04043.1,2,272,0.9963235294117647,246.48651123046875
P06564.1,1,272,1.0,246.13992309570312
CUH91792.1,1,271,0.9963235294117647,245.49041748046875
EPR12097.1,9,271,0.9669117647058824,245.48263549804688
EGD46605.1,1,272,1.0,245.46127319335938
ACM59720.1,2,272,0.9963235294117647,245.36831665039062
CAB01405.2,2,272,0.9963235294117647,245.36831665039062
PBC87129.1,2,272,0.9963235294117647,245.36831665039062
PBC90068.1,2,272,0.9963235294117647,245.36831665039062
PBD04501.1,2,272,0.9963235294117647,245.36831665039062
PBD05865.1,2,272,0.9963235294117647,245.36831665039062
PBD09133.1,2,272,0.9963235294117647,245.36831665039062
PFH15620.1,2,272,0.9963235294117647,245.36831665039062
PFH17711.1,2,272,0.9963235294117647,245.36831665039062
SKC44333.1,2,272,0.9963235294117647,245.36831665039062
SKC62770.1,2,272,0.9963235294117647,245.36831665039062
SKC66892.1,2,272,0.9963235294117647,245.36831665039062
SLL40035.1,2,272,0.9963235294117647,245.36831665039062
SMR90007.1,2,272,0.9963235294117647,245.36831665039062
SMR92453.1,2,272,0.9963235294117647,245.36831665039062
SMR95244.1,2,272,0.9963235294117647,245.36831665039062
SMR96764.1,2,272,0.9963235294117647,245.36831665039062
CDZ23707.1,1,272,1.0,245.31094360351562
ADQ41479.1,2,272,0.9963235294117647,243.93739318847656
PFH22628.1,2,272,0.9963235294117647,242.95974731445312
PFH25716.1,2,272,0.9963235294117647,242.95974731445312
AEM73020.1,2,272,0.9963235294117647,242.9205322265625
AFK85368.1,2,272,0.9963235294117647,242.87542724609375
AAM23649.1,2,272,0.9963235294117647,242.5712890625
ERM91588.1,2,272,0.9963235294117647,242.5712890625
TCO66343.1,2,272,0.9963235294117647,242.5712890625
ADQ46879.1,2,272,0.9963235294117647,240.2516326904297
PYG90198.1,12,270,0.9522058823529411,240.0249786376953
ADO21451.1,1,271,0.9963235294117647,239.691162109375
P16216.1,9,269,0.9595588235294118,239.69082641601562
P10475.1,1,271,0.9963235294117647,239.68157958984375
YBZ68765.1,1,271,0.9963235294117647,239.68157958984375
P07983.2,1,271,0.9963235294117647,239.67713928222656
CAI8725077.1,1,271,0.9963235294117647,239.67062377929688
CAM2146313.1,1,271,0.9963235294117647,239.61956787109375
XCG98628.1,1,271,0.9963235294117647,239.25938415527344
ADQ07774.1,2,272,0.9963235294117647,239.18028259277344
CAI8762520.1,1,271,0.9963235294117647,238.60189819335938
CAI8768062.1,1,271,0.9963235294117647,238.550537109375
BES79750.1,1,271,0.9963235294117647,237.81272888183594
CAR1248110.1,1,271,0.9963235294117647,236.8304443359375
CAR1275761.1,1,271,0.9963235294117647,236.8304443359375
P23549.1,1,271,0.9963235294117647,231.54075622558594
PRX67911.1,3,272,0.9926470588235294,229.7230987548828
A0A024SH20.1,19,270,0.9264705882352942,229.2935028076172
RKP46756.1,1,272,1.0,228.61981201171875
P07982.1,19,270,0.9264705882352942,228.30567932128906
P19424.1,3,272,0.9926470588235294,228.0791778564453
EGD48151.1,13,270,0.9485294117647058,224.248291015625
ACL75216.1,13,269,0.9448529411764706,220.5476837158203
BAA12676.1,8,270,0.9669117647058824,219.28782653808594
P58599.1,5,271,0.9816176470588235,217.57972717285156
XP_013326293.1,2,271,0.9926470588235294,216.32339477539062
KAN9025181.1,4,271,0.9852941176470589,215.61453247070312
KAN9099968.1,4,271,0.9852941176470589,215.61453247070312
P17974.2,5,271,0.9816176470588235,215.59254455566406
KAN8840965.1,4,271,0.9852941176470589,213.97032165527344
KAN9064513.1,4,271,0.9852941176470589,213.9623565673828
KAN9140303.1,4,271,0.9852941176470589,213.9623565673828
KAN9015446.1,4,271,0.9852941176470589,213.37588500976562
KAN9110241.1,4,271,0.9852941176470589,213.37588500976562
XHO07589.1,5,271,0.9816176470588235,213.23434448242188
KAN9489277.1,4,271,0.9852941176470589,212.95623779296875
KAN9530829.1,4,271,0.9852941176470589,212.95623779296875
KAN9536477.1,4,271,0.9852941176470589,212.95623779296875
KAN9226919.1,4,271,0.9852941176470589,212.9419708251953
KAN9443757.1,4,271,0.9852941176470589,212.9419708251953
KAN9502697.1,4,271,0.9852941176470589,212.9419708251953
KAN9506094.1,4,271,0.9852941176470589,212.9419708251953
KAN9547710.1,4,271,0.9852941176470589,212.9419708251953
KAN9572388.1,4,271,0.9852941176470589,212.9419708251953
KAN9582749.1,4,271,0.9852941176470589,212.9419708251953
KAN9607936.1,4,271,0.9852941176470589,212.9419708251953
KAN9642994.1,4,271,0.9852941176470589,212.9419708251953
KAN9635657.1,4,271,0.9852941176470589,212.53961181640625
KAN9649204.1,4,271,0.9852941176470589,212.53961181640625
KAN9678469.1,4,271,0.9852941176470589,212.53961181640625
KAN9705069.1,4,271,0.9852941176470589,212.53961181640625
KAN9705292.1,4,271,0.9852941176470589,212.53961181640625
KAN8826142.1,4,271,0.9852941176470589,212.3432159423828
KAN8882919.1,4,271,0.9852941176470589,212.3432159423828
KAN9270616.1,4,271,0.9852941176470589,212.1906280517578
KAN9340920.1,4,271,0.9852941176470589,212.1906280517578
KAN9359343.1,4,271,0.9852941176470589,212.1906280517578
KAN9450776.1,4,271,0.9852941176470589,212.1906280517578
KAN9459484.1,4,271,0.9852941176470589,212.1906280517578
KAN9687854.1,4,271,0.9852941176470589,212.1906280517578
KAN9061885.1,5,271,0.9816176470588235,211.28646850585938
KAN9085592.1,5,271,0.9816176470588235,211.28646850585938
KAN9568022.1,5,271,0.9816176470588235,211.1798095703125
KAN9287883.1,4,271,0.9852941176470589,211.16064453125
KAN9306394.1,4,271,0.9852941176470589,211.16064453125
KAN8903829.1,5,271,0.9816176470588235,210.7000274658203
KAN8921393.1,5,271,0.9816176470588235,210.7000274658203
KAN8943244.1,5,271,0.9816176470588235,210.7000274658203
KAN8953001.1,5,271,0.9816176470588235,210.7000274658203
KAN8993117.1,5,271,0.9816176470588235,210.7000274658203
KAN9000064.1,5,271,0.9816176470588235,210.7000274658203
KAN9035696.1,5,271,0.9816176470588235,210.7000274658203
KAN9361022.1,5,271,0.9816176470588235,210.7000274658203
KAN9393992.1,5,271,0.9816176470588235,210.7000274658203
KAN9403106.1,5,271,0.9816176470588235,210.7000274658203
KAN9421671.1,5,271,0.9816176470588235,210.7000274658203
KAN9583386.1,5,271,0.9816176470588235,210.7000274658203
KAN8852068.1,5,271,0.9816176470588235,210.69949340820312
KAN8854989.1,5,271,0.9816176470588235,210.69949340820312
KAN8894239.1,5,271,0.9816176470588235,210.69949340820312
KAN9042612.1,5,271,0.9816176470588235,210.69949340820312
KAN9057047.1,5,271,0.9816176470588235,210.69949340820312
KAN9117381.1,5,271,0.9816176470588235,210.69949340820312
KAN9132808.1,5,271,0.9816176470588235,210.69949340820312
KAN9149787.1,5,271,0.9816176470588235,210.69949340820312
KAN9181467.1,5,271,0.9816176470588235,210.69949340820312
KAN9195860.1,5,271,0.9816176470588235,210.69949340820312
KAN9265346.1,5,271,0.9816176470588235,210.69949340820312
KAN9269667.1,5,271,0.9816176470588235,210.69949340820312
KAN9279485.1,5,271,0.9816176470588235,210.69949340820312
KAN9303884.1,5,271,0.9816176470588235,210.69949340820312
KAN9601627.1,5,271,0.9816176470588235,210.69949340820312
KAN9614177.1,5,271,0.9816176470588235,210.69949340820312
KAN9644946.1,5,271,0.9816176470588235,210.69949340820312
KAN9673421.1,5,271,0.9816176470588235,210.69949340820312
KAN8795609.1,5,271,0.9816176470588235,210.69619750976562
KAN9112722.1,5,271,0.9816176470588235,210.69619750976562
KAN9173534.1,5,271,0.9816176470588235,210.69619750976562
KAN9224280.1,5,271,0.9816176470588235,210.69619750976562
KAN9363327.1,5,271,0.9816176470588235,210.69619750976562
KAN9382937.1,5,271,0.9816176470588235,210.69619750976562
KAN9449638.1,5,271,0.9816176470588235,210.69619750976562
KAN9469185.1,5,271,0.9816176470588235,210.69619750976562
KAN9472248.1,5,271,0.9816176470588235,210.69619750976562
KAN9496913.1,5,271,0.9816176470588235,210.69619750976562
KAN9510147.1,5,271,0.9816176470588235,210.69619750976562
KAN9513676.1,5,271,0.9816176470588235,210.69619750976562
KAN9537986.1,5,271,0.9816176470588235,210.69619750976562
KAN9544929.1,5,271,0.9816176470588235,210.69619750976562
KAN9559316.1,5,271,0.9816176470588235,210.69619750976562
KAN9636725.1,5,271,0.9816176470588235,210.69619750976562
KAN9661302.1,5,271,0.9816176470588235,210.69619750976562
KAN9683251.1,5,271,0.9816176470588235,210.69619750976562
KAN9715071.1,5,271,0.9816176470588235,210.69569396972656
KAN9722984.1,5,271,0.9816176470588235,210.69569396972656
KAN8798137.1,5,271,0.9816176470588235,210.69476318359375
KAN8808855.1,5,271,0.9816176470588235,210.69476318359375
KAN8860161.1,5,271,0.9816176470588235,210.69476318359375
KAN8879625.1,5,271,0.9816176470588235,210.69476318359375
KAN8960987.1,5,271,0.9816176470588235,210.67384338378906
KAN8985738.1,5,271,0.9816176470588235,210.67384338378906
KAN9327853.1,5,271,0.9816176470588235,210.10098266601562
KAN9333930.1,5,271,0.9816176470588235,210.10098266601562
ADU75267.1,12,270,0.9522058823529411,210.0310516357422
ALX09255.1,12,270,0.9522058823529411,210.0310516357422
ANV77007.1,12,270,0.9522058823529411,210.0310516357422
PFH03530.1,12,270,0.9522058823529411,210.0310516357422
SOD23701.1,12,270,0.9522058823529411,210.0310516357422
WCQ93470.1,1,271,0.9963235294117647,210.00599670410156
KAN9226732.1,5,271,0.9816176470588235,209.51504516601562
KAN9246395.1,5,271,0.9816176470588235,209.51504516601562
AAA23225.1,12,270,0.9522058823529411,208.8223114013672
ABN52701.1,12,270,0.9522058823529411,208.8223114013672
WRM49288.1,7,270,0.9705882352941176,208.34840393066406
EMS72338.1,9,271,0.9669117647058824,208.2356414794922
BCE02488.1,1,271,0.9963235294117647,207.9952392578125
KAN9032459.1,5,271,0.9816176470588235,207.68362426757812
KAN9105238.1,5,271,0.9816176470588235,207.68362426757812
WRK65563.1,2,271,0.9926470588235294,206.9667510986328
PYG87806.1,11,271,0.9595588235294118,203.8988037109375
CAR1272059.1,13,271,0.9522058823529411,202.13961791992188
A0A023VXA2.1,3,270,0.9852941176470589,201.28631591796875
RXE60716.1,13,269,0.9448529411764706,201.13294982910156
ARO76321.1,17,269,0.9301470588235294,200.5569305419922
RKP53163.1,1,272,1.0,199.50808715820312
CAI8785432.1,13,271,0.9522058823529411,199.3447265625
ACK41954.1,7,270,0.9705882352941176,199.25894165039062
PNV79222.1,7,270,0.9705882352941176,199.25894165039062
TYQ17724.1,3,271,0.9889705882352942,198.53256225585938
XWZ74100.1,1,271,0.9963235294117647,198.03616333007812
CAI8792356.1,13,271,0.9522058823529411,197.74322509765625
CAR1294953.1,13,271,0.9522058823529411,197.74288940429688
P23548.2,1,272,1.0,197.7292022705078
KAN5239451.1,7,271,0.9742647058823529,197.0587921142578
XHI67015.1,20,271,0.9264705882352942,196.96514892578125
KAN5242759.1,7,270,0.9705882352941176,196.0146942138672
XHI67013.1,2,271,0.9926470588235294,194.96902465820312
XHI67014.1,17,271,0.9375,194.63705444335938
GIO11309.1,2,272,0.9963235294117647,194.2637481689453
P27035.2,1,271,0.9963235294117647,194.06002807617188
PMQ00777.1,13,269,0.9448529411764706,193.9025421142578
EOR72053.1,1,270,0.9926470588235294,191.74563598632812
PPS91825.1,1,270,0.9926470588235294,191.74563598632812
KUK23832.1,15,269,0.9375,190.95225524902344
KAN5165939.1,7,271,0.9742647058823529,190.86593627929688
ACB09420.1,15,269,0.9375,190.6873779296875
AAD36816.1,15,269,0.9375,190.31002807617188
AGL50683.1,15,269,0.9375,190.31002807617188
AKE27633.1,15,269,0.9375,190.31002807617188
AKE29506.1,15,269,0.9375,190.31002807617188
AKE31377.1,15,269,0.9375,190.31002807617188
CAQ5375801.1,15,269,0.9375,190.31002807617188
AHD18355.1,15,269,0.9375,190.01649475097656
AWM35364.1,1,271,0.9963235294117647,187.88577270507812
ACK41602.1,17,269,0.9301470588235294,187.3153076171875
PNV79077.1,17,269,0.9301470588235294,187.3153076171875
KUP95310.1,1,270,0.9926470588235294,186.63668823242188
SHN52027.1,13,269,0.9448529411764706,186.40493774414062
UXF00194.1,13,269,0.9448529411764706,186.40493774414062
ADU73502.1,3,272,0.9926470588235294,185.5175323486328
ALX07424.1,3,272,0.9926470588235294,185.5175323486328
ANV75163.1,3,272,0.9926470588235294,185.5175323486328
EIC04109.1,3,272,0.9926470588235294,185.5175323486328
ABN54070.1,3,272,0.9926470588235294,185.51210021972656
KAN5251600.1,5,271,0.9816176470588235,185.09922790527344
KAK7253611.1,1,271,0.9963235294117647,185.0475616455078
CAK7258616.1,16,270,0.9375,184.08706665039062
ANE42311.1,13,269,0.9448529411764706,183.51344299316406
CAQ1451020.1,9,256,0.9117647058823529,182.52210998535156
AFG35892.1,13,269,0.9448529411764706,182.1020965576172
ACK42859.1,14,271,0.9485294117647058,180.9623565673828
RXE58124.1,3,272,0.9926470588235294,180.780029296875
ODN31056.1,13,269,0.9448529411764706,180.33372497558594
ABV98267.1,1,270,0.9926470588235294,179.73297119140625
AEV70372.1,1,272,1.0,179.5341796875
EMS73472.1,3,272,0.9926470588235294,179.4117431640625
ABS61403.1,13,269,0.9448529411764706,178.32546997070312
PHJ14512.1,13,269,0.9448529411764706,178.32546997070312
ACK41955.1,13,268,0.9411764705882353,177.90341186523438
PNV79221.1,13,268,0.9411764705882353,177.90341186523438
KAF2962237.1,13,269,0.9448529411764706,177.8766632080078
QAV33433.1,13,269,0.9448529411764706,175.19981384277344
SDH86387.1,13,269,0.9448529411764706,175.19981384277344
AEV67797.1,1,272,1.0,174.68093872070312
ABN51643.1,2,272,0.9963235294117647,174.14602661132812
ADU74872.1,2,272,0.9963235294117647,174.14602661132812
ALX08827.1,2,272,0.9963235294117647,174.14602661132812
ANV76577.1,2,272,0.9963235294117647,174.14602661132812
EIC05168.1,2,272,0.9963235294117647,174.14602661132812
EOR70177.1,1,272,1.0,173.7381134033203
PPS95275.1,1,272,1.0,173.7381134033203
AAP56348.1,1,272,1.0,173.7293701171875
ABN51772.1,1,271,0.9963235294117647,173.5227508544922
ADU74758.1,1,271,0.9963235294117647,173.5227508544922
ALX08709.1,1,271,0.9963235294117647,173.5227508544922
ANV76461.1,1,271,0.9963235294117647,173.5227508544922
EIC05351.1,1,271,0.9963235294117647,173.5227508544922
YDE66953.1,1,272,1.0,173.4854736328125
BCE03288.1,7,272,0.9779411764705882,173.41404724121094
KAN9218114.1,17,270,0.9338235294117647,172.83102416992188
KAN9233944.1,17,270,0.9338235294117647,172.83102416992188
KAN9329253.1,17,270,0.9338235294117647,172.302978515625
ACL75118.1,2,272,0.9963235294117647,172.19866943359375
KAN9009595.1,17,270,0.9338235294117647,172.1975860595703
KAN9087383.1,17,270,0.9338235294117647,172.1975860595703
CAL2074298.1,2,271,0.9926470588235294,172.09559631347656
KAN8905054.1,17,270,0.9338235294117647,171.6541290283203
KAN8922541.1,17,270,0.9338235294117647,171.6541290283203
KAN8943873.1,17,270,0.9338235294117647,171.6541290283203
KAN8950477.1,17,270,0.9338235294117647,171.6541290283203
KAN8988820.1,17,270,0.9338235294117647,171.6541290283203
KAN8989203.1,17,270,0.9338235294117647,171.6541290283203
KAN9041639.1,17,270,0.9338235294117647,171.6541290283203
KAN9582077.1,17,270,0.9338235294117647,171.6541290283203
KAN9607255.1,17,270,0.9338235294117647,171.6541290283203
EPR13549.1,2,272,0.9963235294117647,171.53848266601562
KAN9670160.1,17,270,0.9338235294117647,171.26205444335938
KAN9459572.1,17,270,0.9338235294117647,171.25042724609375
KAN9464467.1,17,270,0.9338235294117647,171.25042724609375
KAN9284644.1,17,270,0.9338235294117647,171.25021362304688
KAN9479233.1,17,270,0.9338235294117647,171.23867797851562
KAN9522415.1,17,270,0.9338235294117647,171.23867797851562
KAN9524123.1,17,270,0.9338235294117647,171.23867797851562
KAN9703269.1,17,270,0.9338235294117647,171.19216918945312
KAN9362837.1,17,270,0.9338235294117647,171.15966796875
KAN9103678.1,17,270,0.9338235294117647,171.1287841796875
KAN9434714.1,17,270,0.9338235294117647,171.1287078857422
KAN9492693.1,17,270,0.9338235294117647,171.1287078857422
KAN9532001.1,17,270,0.9338235294117647,171.1287078857422
KAN9268489.1,17,270,0.9338235294117647,171.12258911132812
KAN9650262.1,17,270,0.9338235294117647,171.03390502929688
KAN9157250.1,17,270,0.9338235294117647,171.01438903808594
KAN9202213.1,17,270,0.9338235294117647,171.01438903808594
KAN9582183.1,17,270,0.9338235294117647,171.01438903808594
KAN9652688.1,17,270,0.9338235294117647,171.01438903808594
KAN8803722.1,17,270,0.9338235294117647,171.00958251953125
KAN9356336.1,17,270,0.9338235294117647,171.00892639160156
KAN9389563.1,17,270,0.9338235294117647,171.00892639160156
KAN9401156.1,17,270,0.9338235294117647,171.00892639160156
KAN9417602.1,17,270,0.9338235294117647,171.00892639160156
KAN9573741.1,17,270,0.9338235294117647,171.00892639160156
KAN8829913.1,17,270,0.9338235294117647,170.93295288085938
KAN8895971.1,17,270,0.9338235294117647,170.93295288085938
KAN9702862.1,17,270,0.9338235294117647,170.89974975585938
KAN9706189.1,17,270,0.9338235294117647,170.89974975585938
KAN9070660.1,17,270,0.9338235294117647,170.67501831054688
KAN9144439.1,17,270,0.9338235294117647,170.67501831054688
RXE60320.1,2,272,0.9963235294117647,170.6359100341797
KUP98038.1,1,272,1.0,170.6356658935547
EGD45892.1,2,272,0.9963235294117647,170.57431030273438
CAL2067814.1,2,271,0.9926470588235294,170.42478942871094
KAN9160386.1,17,270,0.9338235294117647,170.16009521484375
KAN9015224.1,17,270,0.9338235294117647,170.08395385742188
KAN9126604.1,17,270,0.9338235294117647,170.08395385742188
KAN9067921.1,17,270,0.9338235294117647,170.07708740234375
KAN9084974.1,17,270,0.9338235294117647,170.07708740234375
ADU75785.1,3,272,0.9926470588235294,169.71835327148438
ALX09817.1,3,272,0.9926470588235294,169.71835327148438
ANV77591.1,3,272,0.9926470588235294,169.71835327148438
EIC03668.1,3,272,0.9926470588235294,169.71835327148438
ABN53350.1,3,272,0.9926470588235294,169.69850158691406
ACL76673.1,1,271,0.9963235294117647,169.59812927246094
CDG36664.1,3,272,0.9926470588235294,169.25259399414062
KAN8945738.1,26,270,0.9007352941176471,168.9217071533203
PQQ66693.1,3,272,0.9926470588235294,168.89508056640625
GAE88280.1,2,239,0.875,168.20550537109375
WCQ91245.1,26,271,0.9044117647058824,168.19952392578125
KAN9344865.1,17,270,0.9338235294117647,167.88299560546875
KAN9229763.1,17,270,0.9338235294117647,167.80331420898438
KAN9630203.1,26,270,0.9007352941176471,167.0718994140625
KAN9305392.1,26,270,0.9007352941176471,167.05812072753906
AEV68583.1,1,271,0.9963235294117647,166.93505859375
KAN9187182.1,26,270,0.9007352941176471,166.78085327148438
KAN9270248.1,26,270,0.9007352941176471,166.78085327148438
KAN8794480.1,26,270,0.9007352941176471,166.77415466308594
P19487.2,2,272,0.9963235294117647,166.5906982421875
PQQ67260.1,1,271,0.9963235294117647,166.34619140625
EPR12956.1,1,271,0.9963235294117647,166.3438720703125
EGD49658.1,1,271,0.9963235294117647,164.78964233398438
KAN8851977.1,17,239,0.8198529411764706,164.14732360839844
KAN8878244.1,17,239,0.8198529411764706,164.14732360839844
RXE60218.1,1,271,0.9963235294117647,163.89707946777344
EMS73525.1,2,272,0.9963235294117647,162.95977783203125
KAN8868907.1,26,270,0.9007352941176471,162.724365234375
KAK6450073.1,22,270,0.9154411764705882,161.6839599609375
AZT90847.1,11,271,0.9595588235294118,148.56622314453125
ADQ45732.1,12,272,0.9595588235294118,148.09889221191406
ACM60947.1,12,271,0.9558823529411765,147.03152465820312
KAN9334862.1,69,270,0.7426470588235294,132.56724548339844
KAN8806140.1,69,270,0.7426470588235294,130.4765625
ABN54006.1,18,270,0.9301470588235294,130.02085876464844
ADU73485.1,18,270,0.9301470588235294,130.02085876464844
ALX07407.1,18,270,0.9301470588235294,130.02085876464844
ANV75146.1,18,270,0.9301470588235294,130.02085876464844
BAA00793.1,18,270,0.9301470588235294,130.02085876464844
EIC04126.1,18,270,0.9301470588235294,130.02085876464844
KAN9490385.1,69,270,0.7426470588235294,129.35089111328125
EMS72912.1,23,271,0.9154411764705882,126.62875366210938
GAA5264582.1,9,256,0.9117647058823529,124.89044189453125
KAN5240556.1,26,269,0.8970588235294118,121.60467529296875
GAL13555.1,8,210,0.7463235294117647,120.47830963134766
XP_013323622.1,17,270,0.9338235294117647,119.6688003540039
KAN8814360.1,9,270,0.9632352941176471,119.40355682373047
KAN8828900.1,9,270,0.9632352941176471,119.40355682373047
KAN8875137.1,9,270,0.9632352941176471,119.40355682373047
KAN8894640.1,9,270,0.9632352941176471,119.40355682373047
KAN8913245.1,9,270,0.9632352941176471,119.40355682373047
KAN8920830.1,9,270,0.9632352941176471,119.40355682373047
KAN8940967.1,9,270,0.9632352941176471,119.40355682373047
KAN8958632.1,9,270,0.9632352941176471,119.40355682373047
KAN8987137.1,9,270,0.9632352941176471,119.40355682373047
KAN8996042.1,9,270,0.9632352941176471,119.40355682373047
KAN9010335.1,9,270,0.9632352941176471,119.40355682373047
KAN9178742.1,9,270,0.9632352941176471,119.40355682373047
KAN9218271.1,9,270,0.9632352941176471,119.40355682373047
KAN9609556.1,9,270,0.9632352941176471,119.40355682373047
KAN9626244.1,9,270,0.9632352941176471,119.40355682373047
KAN5237069.1,23,269,0.9080882352941176,119.32794952392578
AAK60011.1,7,272,0.9779411764705882,118.8429946899414
ACY46934.1,3,268,0.9779411764705882,118.66732788085938
KAN9291263.1,9,270,0.9632352941176471,118.6187515258789
KAN9311915.1,9,270,0.9632352941176471,118.6187515258789
KAN9476254.1,9,270,0.9632352941176471,118.53373718261719
KAN9476865.1,9,270,0.9632352941176471,118.53373718261719
AEN71978.1,2,268,0.9816176470588235,118.47579193115234
KAN9328072.1,9,270,0.9632352941176471,118.26102447509766
KAN9334335.1,9,270,0.9632352941176471,118.26102447509766
KAN8854191.1,9,270,0.9632352941176471,117.89092254638672
KAN9126397.1,9,270,0.9632352941176471,117.70559692382812
KAN9184753.1,9,270,0.9632352941176471,117.70559692382812
KAN9651980.1,9,270,0.9632352941176471,117.52928924560547
KAN9656629.1,9,270,0.9632352941176471,117.52928924560547
KAN9719353.1,9,270,0.9632352941176471,117.52928924560547
KAN9724460.1,9,270,0.9632352941176471,117.52928924560547
KAN9081417.1,9,270,0.9632352941176471,117.40034484863281
KAN8852885.1,9,270,0.9632352941176471,117.30188751220703
KAN8916882.1,9,270,0.9632352941176471,117.30188751220703
KAN9387016.1,9,270,0.9632352941176471,117.23689270019531
KAN9591866.1,9,270,0.9632352941176471,117.09748840332031
KAN8817307.1,9,270,0.9632352941176471,117.06497192382812
KAN9034757.1,21,270,0.9191176470588235,117.02239227294922
KAN9118974.1,21,270,0.9191176470588235,117.02239227294922
KAN9703652.1,9,270,0.9632352941176471,116.83061218261719
KAN9453219.1,9,270,0.9632352941176471,116.81717681884766
KAN9515741.1,9,270,0.9632352941176471,116.81717681884766
KAN9550642.1,9,270,0.9632352941176471,116.81717681884766
KAN9501710.1,9,270,0.9632352941176471,116.81640625
KAN9538495.1,9,270,0.9632352941176471,116.81640625
KAN9546651.1,9,270,0.9632352941176471,116.81640625
KAN9246927.1,9,270,0.9632352941176471,116.8133773803711
KAN9571734.1,28,269,0.8897058823529411,116.44877624511719
KAN9576474.1,28,269,0.8897058823529411,116.44877624511719
KAN9358672.1,9,270,0.9632352941176471,116.43743133544922
KAN9403641.1,9,270,0.9632352941176471,116.43743133544922
KAN9412276.1,9,270,0.9632352941176471,116.43743133544922
KAN9438116.1,9,270,0.9632352941176471,116.43743133544922
PMQ01279.1,22,269,0.9117647058823529,116.20001220703125
KAN9647141.1,9,270,0.9632352941176471,115.98745727539062
KAN9671610.1,9,270,0.9632352941176471,115.98745727539062
KAN9235151.1,27,269,0.8933823529411765,115.7229232788086
KAN9250925.1,27,269,0.8933823529411765,115.7229232788086
KAN9046499.1,21,270,0.9191176470588235,115.24041748046875
KAN9134385.1,21,270,0.9191176470588235,115.24041748046875
KAN9075496.1,9,270,0.9632352941176471,114.91263580322266
KAN9062182.1,9,270,0.9632352941176471,114.72895812988281
KAN9153434.1,9,270,0.9632352941176471,114.72895812988281
KAN5240282.1,26,269,0.8970588235294118,114.70868682861328
KAN5207344.1,23,269,0.9080882352941176,114.62771606445312
KAN9105627.1,28,269,0.8897058823529411,114.58151245117188
KAN9164241.1,28,269,0.8897058823529411,114.58151245117188
KAN8792524.1,27,269,0.8933823529411765,114.51234436035156
KAN8883671.1,27,269,0.8933823529411765,114.51234436035156
KAN8907048.1,27,269,0.8933823529411765,114.51234436035156
KAN8924148.1,27,269,0.8933823529411765,114.51234436035156
KAN8932430.1,27,269,0.8933823529411765,114.51234436035156
KAN8967678.1,27,269,0.8933823529411765,114.51234436035156
KAN8975764.1,27,269,0.8933823529411765,114.51234436035156
KAN9011888.1,27,269,0.8933823529411765,114.51234436035156
KAN9146033.1,27,269,0.8933823529411765,114.51234436035156
KAN9182114.1,27,269,0.8933823529411765,114.51234436035156
KAN9196216.1,27,269,0.8933823529411765,114.51234436035156
KAN9262159.1,27,269,0.8933823529411765,114.51234436035156
KAN9595482.1,27,269,0.8933823529411765,114.51234436035156
KAN9613407.1,27,269,0.8933823529411765,114.51234436035156
KAN8793163.1,27,269,0.8933823529411765,114.51140594482422
KAN8836086.1,27,269,0.8933823529411765,114.51140594482422
KAN8866467.1,27,269,0.8933823529411765,114.51140594482422
KAN9355212.1,27,269,0.8933823529411765,114.51140594482422
KAN9379995.1,27,269,0.8933823529411765,114.51140594482422
KAN9388420.1,27,269,0.8933823529411765,114.51140594482422
KAN9416672.1,27,269,0.8933823529411765,114.51140594482422
KAN5186108.1,23,269,0.9080882352941176,114.39247131347656
KAN9341339.1,28,269,0.8897058823529411,114.3156509399414
KAN9360230.1,28,269,0.8897058823529411,114.3156509399414
KAN9618320.1,28,269,0.8897058823529411,114.30510711669922
KAN9663494.1,28,269,0.8897058823529411,114.30510711669922
KAN9252361.1,28,269,0.8897058823529411,114.30048370361328
KAN9480911.1,28,269,0.8897058823529411,114.28534698486328
KAN9525690.1,28,269,0.8897058823529411,114.28534698486328
KAN9528483.1,28,269,0.8897058823529411,114.28534698486328
KAN9426404.1,28,269,0.8897058823529411,114.28349304199219
KAN9483453.1,28,269,0.8897058823529411,114.28349304199219
KAN9484701.1,28,269,0.8897058823529411,114.28349304199219
KAN9522329.1,28,269,0.8897058823529411,114.28349304199219
KAN9201062.1,28,269,0.8897058823529411,114.28230285644531
KAN9447846.1,28,269,0.8897058823529411,114.16962432861328
KAN9449261.1,28,269,0.8897058823529411,114.16962432861328
KAN9671093.1,28,269,0.8897058823529411,114.16962432861328
KAN9631596.1,28,269,0.8897058823529411,114.15916442871094
KAN9640928.1,28,269,0.8897058823529411,114.15916442871094
KAN5168905.1,23,269,0.9080882352941176,113.92399597167969
KAN9012337.1,28,269,0.8897058823529411,113.91194915771484
KAN9112533.1,28,269,0.8897058823529411,113.91194915771484
KAN9242750.1,21,270,0.9191176470588235,113.88285827636719
KAN9260649.1,21,270,0.9191176470588235,113.88285827636719
KAN9277015.1,28,269,0.8897058823529411,113.82489013671875
KAN9301802.1,28,269,0.8897058823529411,113.82489013671875
KAN5213628.1,23,269,0.9080882352941176,113.7078628540039
KAN5257714.1,23,269,0.9080882352941176,113.70134735107422
CAN6951768.1,21,267,0.9080882352941176,113.54370880126953
CAN9029758.1,21,267,0.9080882352941176,113.54370880126953
KAN9076608.1,27,269,0.8933823529411765,113.4402084350586
KAN9062277.1,27,269,0.8933823529411765,113.33689880371094
KAN8943000.1,27,269,0.8933823529411765,113.33334350585938
KAN8976467.1,27,269,0.8933823529411765,113.31962585449219
KAN5148457.1,23,269,0.9080882352941176,113.19080352783203
KAN5189123.1,23,269,0.9080882352941176,113.19080352783203
KAN9033446.1,28,269,0.8897058823529411,112.96320343017578
KAN9106279.1,28,269,0.8897058823529411,112.96320343017578
KAN5141004.1,23,269,0.9080882352941176,111.74764251708984
XAI72224.1,8,272,0.9742647058823529,109.90980529785156
KAN5176311.1,26,269,0.8970588235294118,109.09978485107422
KAN5220399.1,25,269,0.9007352941176471,108.46150207519531
KAN5176757.1,14,268,0.9375,107.95305633544922
KAK6445719.1,23,267,0.9007352941176471,107.9054946899414
KAN5225982.1,23,269,0.9080882352941176,107.79940032958984
KAN5167922.1,23,269,0.9080882352941176,107.3714599609375
KAN5192427.1,23,269,0.9080882352941176,107.24960327148438
KAN5208176.1,23,269,0.9080882352941176,107.24164581298828
CDN41871.1,17,270,0.9338235294117647,106.4350357055664
CAQ8760408.1,21,268,0.9117647058823529,105.98346710205078
KAN5220487.1,15,268,0.9338235294117647,105.89614868164062
KAN5241082.1,16,268,0.9301470588235294,105.8216552734375
CAI8821490.1,12,268,0.9448529411764706,105.73989868164062
CAK4029967.1,3,270,0.9852941176470589,104.25189971923828
KAN5143765.1,16,268,0.9301470588235294,103.79163360595703
KAN5179232.1,25,269,0.9007352941176471,103.64205932617188
KAN5158476.1,16,268,0.9301470588235294,103.57772827148438
KAN5235007.1,16,268,0.9301470588235294,103.57772827148438
EMS71779.1,21,270,0.9191176470588235,103.15869140625
KAN5223967.1,16,268,0.9301470588235294,103.149658203125
KAN5261177.1,16,268,0.9301470588235294,103.149658203125
KAN5155002.1,23,269,0.9080882352941176,102.66863250732422
OXS58876.1,1,150,0.5514705882352942,101.92267608642578
KAN5251310.1,14,268,0.9375,98.63905334472656
KAN5249353.1,16,268,0.9301470588235294,97.33145141601562
KAN9258690.1,9,270,0.9632352941176471,96.4522933959961
KAN9349209.1,9,270,0.9632352941176471,96.03691864013672
ATL86941.1,23,266,0.8970588235294118,94.66896057128906
ACB09419.1,23,268,0.9044117647058824,93.46758270263672
KUK23833.1,23,268,0.9044117647058824,93.46758270263672
AHD18354.1,23,268,0.9044117647058824,93.40354919433594
AAD36817.1,23,268,0.9044117647058824,93.31151580810547
AKE27634.1,23,268,0.9044117647058824,93.31151580810547
AKE29507.1,23,268,0.9044117647058824,93.31151580810547
AKE31378.1,23,268,0.9044117647058824,93.31151580810547
CAQ5375800.1,23,268,0.9044117647058824,93.31151580810547
KAK4687586.1,14,269,0.9411764705882353,91.35787200927734
CAQ9736511.1,55,268,0.7867647058823529,90.73756408691406
PNV79220.1,9,269,0.9595588235294118,90.7176284790039
CAM3722765.1,23,266,0.8970588235294118,90.68256378173828
BCS82199.1,26,268,0.8933823529411765,90.2970962524414
AZT89324.1,26,268,0.8933823529411765,90.15636444091797
ACK41956.1,9,269,0.9595588235294118,90.05683135986328
XAR70239.1,22,269,0.9117647058823529,88.4488525390625
ADQ47167.1,26,268,0.8933823529411765,88.24822998046875
ACM59384.1,26,268,0.8933823529411765,88.16629028320312
KAL1565230.1,21,269,0.9154411764705882,87.9209213256836
KAL6983799.1,29,268,0.8823529411764706,87.55668640136719
ACI19118.1,9,269,0.9595588235294118,86.9160385131836
KAL6979532.1,24,269,0.9044117647058824,86.45394134521484
AEM74681.1,27,268,0.8897058823529411,83.6298828125
KAN5224046.1,25,166,0.5220588235294118,81.95087432861328
XAR70241.1,21,269,0.9154411764705882,81.6742935180664
GAE90520.1,1,151,0.5551470588235294,80.37605285644531
ADQ08066.1,26,268,0.8933823529411765,79.5349349975586
ADQ39796.1,29,268,0.8823529411764706,78.89158630371094
KAL1532747.1,22,269,0.9117647058823529,78.42192077636719
KAL1565229.1,46,269,0.8235294117647058,78.05686950683594
KAL1551964.1,21,269,0.9154411764705882,76.17845153808594
KAL1551963.1,21,269,0.9154411764705882,76.14147186279297
AFK87329.1,22,268,0.9080882352941176,75.66448211669922
KAL1551968.1,22,269,0.9117647058823529,74.05542755126953
KAL1551962.1,21,269,0.9154411764705882,73.89634704589844
KAL1551961.1,21,269,0.9154411764705882,73.85818481445312
KAN9205908.1,118,270,0.5625,73.57311248779297
KAN9296861.1,118,270,0.5625,73.57311248779297
KAL1551960.1,25,269,0.9007352941176471,73.27656555175781
ADU75266.1,22,270,0.9154411764705882,73.26904296875
ALX09254.1,22,270,0.9154411764705882,73.26904296875
ANV77006.1,22,270,0.9154411764705882,73.26904296875
CDG36136.1,22,270,0.9154411764705882,73.26904296875
EIC04722.1,22,270,0.9154411764705882,73.26904296875
ABN52700.1,22,270,0.9154411764705882,73.26891326904297
CAI8893189.1,47,268,0.8161764705882353,72.34378051757812
TYQ15182.1,25,143,0.4375,72.13834381103516
CAI8835145.1,47,267,0.8125,70.44864654541016
CAI8892885.1,47,267,0.8125,70.44864654541016
KAN9596518.1,9,175,0.6139705882352942,70.33274841308594
XAR64472.1,44,268,0.8272058823529411,70.03784942626953
ADL69420.1,22,268,0.9080882352941176,69.90791320800781
GAE88377.1,170,272,0.3786764705882353,69.83610534667969
KAL1551967.1,22,269,0.9117647058823529,69.24928283691406
THF75155.1,24,236,0.7830882352941176,68.58662414550781
CAM1373522.1,27,269,0.8933823529411765,66.20633697509766
XIG89020.1,27,258,0.8529411764705882,64.78009796142578
GAE88376.1,2,131,0.47794117647058826,64.35484313964844
CAQ9727366.1,22,269,0.9117647058823529,64.20291137695312
CAQ2034896.1,30,237,0.7647058823529411,61.13179016113281
GAE90522.1,167,271,0.3860294117647059,60.770015716552734
KAK6088924.1,27,88,0.22794117647058823,58.1949462890625
CAM3357822.1,30,238,0.7683823529411765,58.02708435058594
KAK6070809.1,27,88,0.22794117647058823,57.80535125732422
CAR1604122.1,9,244,0.8676470588235294,57.47552490234375
XIH52296.1,23,267,0.9007352941176471,57.433509826660156
XP_057115925.1,9,269,0.9595588235294118,57.09327697753906
XDZ54946.1,17,269,0.9301470588235294,56.9984130859375
CAR3389117.1,22,88,0.24632352941176472,56.44425964355469
KAK8036289.1,11,161,0.5551470588235294,56.373779296875
XP_056493740.1,13,269,0.9448529411764706,55.52593231201172
KAK8105304.1,11,202,0.7058823529411765,54.67237854003906
KAK8119601.1,11,202,0.7058823529411765,54.67237854003906
XP_066734795.1,11,202,0.7058823529411765,54.67237854003906
XP_007817187.1,11,205,0.7169117647058824,52.91098403930664
KAK8062996.1,11,158,0.5441176470588235,52.805564880371094
XP_066661595.1,11,158,0.5441176470588235,52.805564880371094
XP_057135862.1,14,269,0.9411764705882353,52.74174118041992
XIG91236.1,27,257,0.8492647058823529,52.61276626586914
XIH71839.1,22,256,0.8639705882352942,51.820396423339844
XP_065460616.1,13,205,0.7095588235294118,50.568729400634766
CAR3355026.1,21,88,0.25,50.194515228271484
KAK7182785.1,23,88,0.2426470588235294,48.362403869628906
XIH42537.1,23,266,0.8970588235294118,47.1895637512207
XP_016582695.1,27,88,0.22794117647058823,46.77265930175781
KAL1551966.1,21,167,0.5404411764705882,45.8638916015625
KAK8057012.1,27,124,0.3602941176470588,44.31446075439453
KAK8109319.1,27,124,0.3602941176470588,44.270606994628906
GAE90193.1,141,270,0.47794117647058826,43.95036697387695
KAK7990253.1,27,132,0.3897058823529412,43.431583404541016
XP_008594636.1,22,88,0.24632352941176472,42.659934997558594
ACY96946.1,7,243,0.8713235294117647,42.454647064208984
AOK31304.1,20,237,0.8014705882352942,41.481109619140625
CAK4033692.1,11,157,0.5404411764705882,40.99725341796875
ABV33417.1,17,271,0.9375,40.613990783691406
XP_036537752.1,169,272,0.38235294117647056,39.76179885864258
XP_036531494.1,18,268,0.9227941176470589,39.68803787231445
CAK4022690.1,27,88,0.22794117647058823,39.48305892944336
KAL4418084.1,25,88,0.23529411764705882,38.36040496826172
KAN5231938.1,68,196,0.4742647058823529,38.10094451904297
KAK8123308.1,170,271,0.375,37.92655944824219
KAK8117328.1,184,271,0.3235294117647059,37.6298942565918
XP_066732524.1,184,271,0.3235294117647059,37.6298942565918
KAK6852268.1,28,88,0.22426470588235295,37.483097076416016
KAK6206750.1,25,105,0.2977941176470588,36.99951171875
KAK7445545.1,26,88,0.23161764705882354,36.69388198852539
KAK7990279.1,28,88,0.22426470588235295,34.87712478637695
XYC46423.1,5,86,0.3014705882352941,34.66324234008789
XDC06972.1,5,86,0.3014705882352941,34.65232467651367
WP_325322865.1,9,86,0.2867647058823529,33.57107925415039
WP_369991810.1,4,86,0.30514705882352944,33.3993034362793
XET69213.1,9,95,0.31985294117647056,32.908790588378906
CAI8834081.1,14,93,0.29411764705882354,31.8447265625
CAI8840144.1,14,93,0.29411764705882354,31.329675674438477
WP_404671274.1,4,86,0.30514705882352944,30.984037399291992
CAI8803944.1,22,98,0.28308823529411764,30.70096206665039
XKS89985.1,13,95,0.30514705882352944,30.48851776123047
WWP10139.1,9,86,0.2867647058823529,29.888853073120117
XZA69765.1,9,86,0.2867647058823529,29.724592208862305
XXL57363.1,9,86,0.2867647058823529,29.637645721435547
XYT23942.1,9,86,0.2867647058823529,29.321990966796875
XBT46226.1,8,86,0.29044117647058826,29.313026428222656
WP_427573553.1,26,93,0.25,29.221200942993164
CAI8726239.1,26,93,0.25,28.816455841064453
WP_415263941.1,26,93,0.25,28.816455841064453
WP_401310601.1,24,93,0.25735294117647056,28.77968406677246
WP_462034547.1,9,93,0.3125,28.6259708404541
WP_390955479.1,4,116,0.41544117647058826,28.238842010498047
WP_457373802.1,4,116,0.41544117647058826,28.223949432373047
WP_462045413.1,26,100,0.2757352941176471,28.054227828979492
CAI8894440.1,26,93,0.25,27.9914608001709
WVV61605.1,25,95,0.2610294117647059,27.956714630126953
XRA47969.1,4,88,0.3125,27.85704231262207
WP_488448946.1,4,88,0.3125,27.856935501098633
WP_488431491.1,4,88,0.3125,27.85638999938965
WP_488420868.1,4,88,0.3125,27.85480499267578
WP_488401696.1,4,88,0.3125,27.853635787963867
WP_471877530.1,23,139,0.43014705882352944,27.642805099487305
WP_489984873.1,24,139,0.4264705882352941,27.54743194580078
WP_323164802.1,23,149,0.46691176470588236,27.517271041870117
YCP35212.1,23,139,0.43014705882352944,27.49956703186035
YCP43905.1,23,139,0.43014705882352944,27.49956703186035
WP_401315093.1,23,93,0.2610294117647059,27.420902252197266
WP_348122910.1,9,92,0.3088235294117647,27.31699562072754
WP_392887504.1,22,99,0.2867647058823529,27.25367546081543
XIE43612.1,22,99,0.2867647058823529,27.25367546081543
YFQ25161.1,24,92,0.2536764705882353,27.215129852294922
YAI13659.1,6,86,0.2977941176470588,27.18648338317871
CAK4032617.1,4,225,0.8161764705882353,27.158817291259766
WP_458959941.1,12,97,0.3161764705882353,27.139965057373047
XDA16208.1,8,86,0.29044117647058826,27.125829696655273
WP_474320660.1,23,139,0.43014705882352944,27.090747833251953
WP_425643848.1,23,139,0.43014705882352944,27.0897274017334
WP_476308614.1,23,139,0.43014705882352944,27.06951332092285
WP_490833183.1,23,139,0.43014705882352944,27.064098358154297
WP_461972774.1,23,94,0.2647058823529412,27.058086395263672
WRW01298.1,12,86,0.2757352941176471,27.0366268157959
WP_461964564.1,23,93,0.2610294117647059,26.975969314575195
WVX03762.1,12,86,0.2757352941176471,26.883825302124023
XGB13325.1,12,86,0.2757352941176471,26.883825302124023
WVM64570.1,12,86,0.2757352941176471,26.882490158081055
WP_400554955.1,23,139,0.43014705882352944,26.843257904052734
XCG76920.1,13,96,0.3088235294117647,26.81696319580078
WP_476303578.1,12,97,0.3161764705882353,26.815738677978516
YFC78294.1,12,97,0.3161764705882353,26.815738677978516
WP_400502193.1,23,139,0.43014705882352944,26.624923706054688
WP_489060366.1,4,116,0.41544117647058826,26.559812545776367
WP_350482927.1,23,139,0.43014705882352944,26.500877380371094
WP_460120378.1,23,139,0.43014705882352944,26.27960205078125
WP_348969897.1,23,139,0.43014705882352944,26.276235580444336
XBL93930.1,23,139,0.43014705882352944,26.276235580444336
WP_102614236.1,9,93,0.3125,26.224567413330078
WP_462049588.1,23,94,0.2647058823529412,26.060033798217773
WP_472510166.1,23,139,0.43014705882352944,25.960115432739258
WP_460109419.1,23,240,0.8014705882352942,25.730653762817383
WP_415767262.1,26,94,0.2536764705882353,25.660573959350586
WP_346622937.1,23,139,0.43014705882352944,25.595016479492188
WP_223526411.1,26,93,0.25,25.1492862701416
WP_481395440.1,23,152,0.47794117647058826,25.075361251831055
WP_322948140.1,12,94,0.30514705882352944,25.00782585144043
WP_455806953.1,23,239,0.7977941176470589,24.99225425720215
WP_426619562.1,23,243,0.8125,24.908374786376953
XSA48013.1,23,243,0.8125,24.908374786376953
WP_140681206.1,22,93,0.2647058823529412,24.83334732055664
XLW97529.1,9,88,0.29411764705882354,24.816661834716797
WP_460062167.1,23,139,0.43014705882352944,24.801372528076172
WP_476249660.1,23,139,0.43014705882352944,24.771926879882812
WP_460161110.1,23,139,0.43014705882352944,24.76657485961914
XKR13754.1,23,139,0.43014705882352944,24.760818481445312
WP_419711135.1,24,139,0.4264705882352941,24.754060745239258
XPS02465.1,24,139,0.4264705882352941,24.754060745239258
WP_457262544.1,23,139,0.43014705882352944,24.717880249023438
WP_472508925.1,23,139,0.43014705882352944,24.701160430908203
WP_333714163.1,23,139,0.43014705882352944,24.67203712463379
WP_341637066.1,23,139,0.43014705882352944,24.662334442138672
WP_329517371.1,23,139,0.43014705882352944,24.600866317749023
WP_073471427.1,23,139,0.43014705882352944,24.592050552368164
WP_101158858.1,23,139,0.43014705882352944,24.584075927734375
WP_375122444.1,23,139,0.43014705882352944,24.583829879760742
XGZ18507.1,23,139,0.43014705882352944,24.583829879760742
WP_397478716.1,23,139,0.43014705882352944,24.575725555419922
WP_447798216.1,23,139,0.43014705882352944,24.56626319885254
WP_434766187.1,23,139,0.43014705882352944,24.511592864990234
CAN7570532.1,9,93,0.3125,24.307504653930664
WP_436274187.1,9,93,0.3125,24.307504653930664
WP_401387414.1,22,252,0.8492647058823529,24.292102813720703
YAC29695.1,24,140,0.43014705882352944,24.285137176513672
WP_493066509.1,27,261,0.8639705882352942,24.265378952026367
WP_122508323.1,23,139,0.43014705882352944,24.249561309814453
WP_448090787.1,25,139,0.4227941176470588,24.061443328857422
WP_414955397.1,24,169,0.5367647058823529,24.045616149902344
WP_347804478.1,9,93,0.3125,24.019865036010742
WP_461960323.1,9,93,0.3125,23.980600357055664
WP_403137841.1,9,93,0.3125,23.971363067626953
WP_400694742.1,9,93,0.3125,23.937957763671875
WP_492605814.1,25,139,0.4227941176470588,23.927505493164062
YFQ17076.1,25,139,0.4227941176470588,23.927505493164062
WP_458944853.1,22,97,0.27941176470588236,23.90872573852539
WP_448646956.1,22,97,0.27941176470588236,23.90866470336914
WP_449105812.1,22,97,0.27941176470588236,23.908573150634766
WP_458974158.1,22,97,0.27941176470588236,23.908573150634766
WP_130208870.1,22,97,0.27941176470588236,23.9070987701416
WP_463552681.1,23,243,0.8125,23.823713302612305
WP_325717075.1,23,139,0.43014705882352944,23.79023551940918
WP_401239567.1,23,243,0.8125,23.778947830200195
WP_463549214.1,23,139,0.43014705882352944,23.62693214416504
WP_329696582.1,24,259,0.8676470588235294,23.582592010498047
WP_221733201.1,24,139,0.4264705882352941,23.578584671020508
