Accession,Organism
P07529,Naganishia albida (Cryptococcus albidus)
A0A2U1N5T7,Artemisia annua (Sweet wormwood)
A0A4R0R771,Steccherinum ochraceum
A0A067M5X3,Botryobasidium botryosum (strain FD-172 SS1)
A0A074KZY4,Anditalea andensis
A0A0D2IJF3,Rhinocladiella mackenziei CBS 650.93
A0A0L0V3G4,Puccinia striiformis f. sp. tritici PST-78
A0A101JD86,Streptomyces regalis
A0A1E1K292,Rhynchosporium graminicola
A0A1E1MWE1,Rhynchosporium secalis (Barley scald fungus)
A0A1G9ZQ11,Halogranum gelatinilyticum
A0A1H9K997,Lentzea xinjiangensis
A0A1H9LLP7,Lentzea xinjiangensis
A0A1H9UIK4,Lentzea xinjiangensis
A0A1I6LCV5,Halomicrobium zhouii
A0A1M2V4G0,Trametes pubescens (White-rot fungus)
A0A1Y1WWJ1,Anaeromyces robustus
A0A226D2D3,Folsomia candida (Springtail)
A0A238WB75,Lutibacter agarilyticus
A0A2G8RZ16,Ganoderma sinense ZZ0214-1
A0A2P4XP65,Phytophthora palmivora
A0A2T4H4D8,Fusarium culmorum
A0A369JWD2,Hypsizygus marmoreus (White beech mushroom) (Agaricus marmoreus)
A0A369JZE6,Hypsizygus marmoreus (White beech mushroom) (Agaricus marmoreus)
A0A397GXP8,Aspergillus thermomutatus (Neosartorya pseudofischeri)
A0A420Y3C4,Coniochaeta pulveracea
A0A518DBV9,Pirellulimonas nuda
A0A5B0MLU6,Puccinia graminis f. sp. tritici
A0A5C5Y9D0,Crateriforma conspicua
A0A5C6A1A2,Neorhodopirellula pilleata
A0A5R8YGS2,Microbispora triticiradicis
D0MH05,Rhodothermus marinus (strain ATCC 43812 / DSM 4252 / R-10) (Rhodothermus obamensis)
A0A494XWL8,Cohnella endophytica
A0A7X0VHK2,Cohnella nanjingensis
A0ABW0R5W0,Cohnella yongneupensis
A0A841U4J0,Cohnella xylanilytica
