Accession,subf,pident,evalue
ACM60947.1,GH5_8,100.0,0.0
P19424.1,GH5_2,100.0,0.0
ACL74811.1,GH5_2,100.0,0.0
ABN52701.1,GH5_25,100.0,0.0
AAA23225.1,GH5_25,100.0,0.0
XAI72224.1,GH5_1,100.0,0.0
PFH03530.1,GH5_25,99.3,0.0
ADU75267.1,GH5_25,99.3,0.0
ANV77007.1,GH5_25,99.3,0.0
ALX09255.1,GH5_25,99.3,0.0
SOD23701.1,GH5_25,99.3,0.0
EPR11470.1,GH5_2,93.2,0.0
AZT90847.1,GH5_8,68.1,0.0
EGD46605.1,GH5_2,88.9,0.0
P06564.1,GH5_2,100.0,0.0
ABN52032.1,GH5_4,99.9,0.0
ALX08430.1,GH5_4,99.8,0.0
EIC05371.1,GH5_4,99.8,0.0
ADU74487.1,GH5_4,99.8,0.0
ANV76179.1,GH5_4,99.8,0.0
ABP66297.1,GH5_2,100.0,0.0
PFH17711.1,GH5_2,100.0,0.0
CAB01405.2,GH5_2,100.0,0.0
ACM59720.1,GH5_2,100.0,0.0
PBD04501.1,GH5_2,100.0,0.0
PFH15620.1,GH5_2,100.0,0.0
SKC66892.1,GH5_2,100.0,0.0
SLL40035.1,GH5_2,100.0,0.0
SMR95244.1,GH5_2,100.0,0.0
PBC87129.1,GH5_2,100.0,0.0
PBC90068.1,GH5_2,100.0,0.0
SMR96764.1,GH5_2,100.0,0.0
SMR92453.1,GH5_2,100.0,0.0
SMR90007.1,GH5_2,100.0,0.0
PBD09133.1,GH5_2,100.0,0.0
SKC62770.1,GH5_2,100.0,0.0
ADQ46879.1,GH5_2,100.0,0.0
SKC44333.1,GH5_2,100.0,0.0
PBD05865.1,GH5_2,100.0,0.0
PFH25716.1,GH5_2,99.9,0.0
PFH22628.1,GH5_2,99.9,0.0
AZT91215.1,GH5_2,98.0,0.0
RXE60716.1,GH5_25,81.7,0.0
ADQ07774.1,GH5_2,90.1,0.0
ADQ41479.1,GH5_2,89.4,0.0
AEM73020.1,GH5_2,89.3,0.0
ALX09817.1,GH5_1,99.5,0.0
ANV77591.1,GH5_1,99.5,0.0
ADU75785.1,GH5_1,99.5,0.0
EIC03668.1,GH5_1,99.5,0.0
CDG36664.1,GH5_1,99.2,0.0
ABN53350.1,GH5_1,99.1,0.0
AAP56348.1,GH5_1,100.0,0.0
PPS95275.1,GH5_1,100.0,0.0
EOR70177.1,GH5_1,100.0,0.0
AEV67086.1,GH5_4,75.5,0.0
EMS69890.1,GH5_2,51.9,0.0
ACL75216.1,GH5_25,100.0,0.0
ABN54070.1,GH5_1,100.0,0.0
CAR1294953.1,GH5_4,99.8,0.0
CAI8792356.1,GH5_4,100.0,0.0
ANV75163.1,GH5_1,99.8,0.0
EIC04109.1,GH5_1,99.8,0.0
ADU73502.1,GH5_1,99.8,0.0
ALX07424.1,GH5_1,99.8,0.0
CAI8785432.1,GH5_4,99.5,0.0
CAR1272059.1,GH5_4,96.6,0.0
EIC05351.1,GH5_1,100.0,0.0
ALX08709.1,GH5_1,100.0,0.0
ANV76461.1,GH5_1,100.0,0.0
ABN51772.1,GH5_1,100.0,0.0
ADU74758.1,GH5_1,100.0,0.0
ACL76673.1,GH5_1,100.0,0.0
ACL75118.1,GH5_1,100.0,0.0
ADU74872.1,GH5_1,100.0,0.0
EIC05168.1,GH5_1,100.0,0.0
ABN51643.1,GH5_1,100.0,0.0
ANV76577.1,GH5_1,100.0,0.0
ALX08827.1,GH5_1,100.0,0.0
EGD48151.1,GH5_25,93.3,0.0
CAI8768062.1,GH5_2,100.0,0.0
RKP46756.1,GH5_2,59.7,0.0
EPR13549.1,GH5_1,94.9,0.0
EPR12956.1,GH5_1,94.8,0.0
CAI8762520.1,GH5_2,100.0,0.0
KUP98038.1,GH5_1,81.6,0.0
EGD49658.1,GH5_1,94.1,0.0
P07983.2,GH5_2,100.0,0.0
CAI8725077.1,GH5_2,99.8,0.0
YBZ68765.1,GH5_2,100.0,0.0
P10475.1,GH5_2,100.0,0.0
PRX67911.1,GH5_2,64.9,0.0
P23549.1,GH5_2,100.0,0.0
ADO21451.1,GH5_2,99.6,0.0
RXE58124.1,GH5_1,86.5,0.0
BES79750.1,GH5_2,98.4,0.0
EGD45892.1,GH5_1,91.8,0.0
ACK42859.1,GH5_4,83.9,0.0
THF75155.1,GH5_35,88.2,0.0
CAR1248110.1,GH5_2,96.6,0.0
CAR1275761.1,GH5_2,96.6,0.0
CDZ23707.1,GH5_2,63.3,0.0
ADQ45732.1,GH5_8,93.6,0.0
CAM2146313.1,GH5_2,98.4,0.0
RXE60218.1,GH5_1,86.4,0.0
RXE60320.1,GH5_1,87.6,0.0
KAK7182785.1,GH5_12,58.6,0.0
KAK8057012.1,GH5_12,59.1,0.0
KAK8109319.1,GH5_12,59.0,0.0
CAK4022690.1,GH5_12,58.5,0.0
ACL75458.1,GH5_4,100.0,0.0
XP_008594636.1,GH5_12,56.5,0.0
ADQ04043.1,GH5_2,64.5,0.0
PPS91825.1,GH5_2,100.0,0.0
EOR72053.1,GH5_2,100.0,0.0
KAL4418084.1,GH5_12,56.3,0.0
KAK7445545.1,GH5_12,56.3,0.0
P19487.2,GH5_1,100.0,0.0
KAK6206750.1,GH5_12,56.3,0.0
XCG98628.1,GH5_2,96.7,0.0
EPR12097.1,GH5_4,95.8,0.0
AAK60011.1,GH5_1,100.0,0.0
KAK7990253.1,GH5_12,60.3,0.0
EMS73525.1,GH5_1,80.7,0.0
AEV70372.1,GH5_1,78.5,0.0
XP_016582695.1,GH5_12,51.4,2.27e-319
AEV68583.1,GH5_1,79.3,0.0
ADL41864.1,GH5_2,61.6,3.59e-319
XP_013323622.1,GH5_4,67.0,1.46e-315
EGD49416.1,GH5_4,90.3,1.41e-320
PQQ66693.1,GH5_1,74.1,3.2e-309
P23548.2,GH5_1,100.0,2.39e-314
P17974.2,GH5_5,100.0,5.059999999999998e-308
P16216.1,GH5_4,100.0,9.69e-305
PQQ67260.1,GH5_1,73.2,2.12e-298
A0A024SH20.1,GH5_5,100.0,7.95e-301
P07982.1,GH5_5,100.0,7.95e-301
BAA12676.1,GH5_5,100.0,4.32e-292
ERM91588.1,GH5_2,100.0,4.6499999999999995e-292
AAM23649.1,GH5_2,100.0,4.6499999999999995e-292
TCO66343.1,GH5_2,100.0,4.6499999999999995e-292
GAE88280.1,GH5_1,94.8,4.2e-288
AFK85368.1,GH5_2,95.3,5.5799999999999994e-282
P58599.1,GH5_5,90.6,5.1e-280
KUP95310.1,GH5_2,79.4,6.21e-278
AFG35892.1,GH5_25,100.0,2.53e-279
AEV67797.1,GH5_1,70.6,1.59e-272
XP_007817187.1,GH5_15,80.7,3.83e-275
XHO07589.1,GH5_5,86.3,1.08e-269
ABS61403.1,GH5_25,100.0,6.320000000000001e-269
PHJ14512.1,GH5_25,100.0,6.320000000000001e-269
ACK41956.1,GH5_36,100.0,1.37e-266
AAD36817.1,GH5_36,100.0,9.61e-266
PNV79220.1,GH5_36,99.7,1.12e-265
XP_056493740.1,GH5_15,79.6,1.27e-262
AKE27634.1,GH5_36,100.0,9.61e-266
AKE29507.1,GH5_36,100.0,9.61e-266
AKE31378.1,GH5_36,100.0,9.61e-266
CAQ5375800.1,GH5_36,100.0,9.61e-266
XP_057135862.1,GH5_15,77.6,1.08e-261
AHD18354.1,GH5_36,99.7,6.030000000000001e-265
EIC04126.1,GH5_37,99.1,3.93e-263
ALX07407.1,GH5_37,99.1,3.93e-263
ANV75146.1,GH5_37,99.1,3.93e-263
ABN54006.1,GH5_37,99.1,3.93e-263
ADU73485.1,GH5_37,99.1,3.93e-263
BAA00793.1,GH5_37,99.1,3.93e-263
KUK23833.1,GH5_36,98.8,2.54e-261
ACB09419.1,GH5_36,98.8,2.54e-261
RKP53163.1,GH5_1,55.7,7.62e-251
XP_057115925.1,GH5_15,77.5,7.47e-256
XP_013326293.1,GH5_5,99.7,5.320000000000001e-257
GIO11309.1,GH5_1,56.3,1.9900000000000003e-247
KAK8036289.1,GH5_15,76.1,1.27e-252
KAF2962237.1,GH5_25,97.5,7.939999999999999e-254
KAK8119601.1,GH5_15,77.7,1.7799999999999998e-250
KAK8105304.1,GH5_15,77.7,1.7799999999999998e-250
XP_066734795.1,GH5_15,77.7,1.7799999999999998e-250
AAD36816.1,GH5_25,100.0,5.46e-250
AGL50683.1,GH5_25,100.0,5.46e-250
CAQ5375801.1,GH5_25,100.0,5.46e-250
AKE27633.1,GH5_25,100.0,5.46e-250
AHD18355.1,GH5_25,100.0,1.2299999999999999e-249
AKE31377.1,GH5_25,100.0,5.46e-250
AKE29506.1,GH5_25,100.0,5.46e-250
KUK23832.1,GH5_25,99.4,9.07e-249
ACB09420.1,GH5_25,99.4,1.88e-248
KAK6450073.1,GH5_5,80.6,4.18e-243
ANE42311.1,GH5_25,97.8,2.76e-246
ACI19118.1,GH5_36,89.7,1.83e-246
KAK6445719.1,GH5_22,63.1,3.38e-232
ARO76321.1,GH5_25,100.0,6.34e-245
PNV79221.1,GH5_25,100.0,3.2699999999999997e-244
ACK41955.1,GH5_25,100.0,3.2699999999999997e-244
PNV79077.1,GH5_25,89.9,3.13e-240
ACK41602.1,GH5_25,89.9,3.13e-240
ACK41954.1,GH5_25,88.6,2.04e-239
PNV79222.1,GH5_25,88.6,2.04e-239
KAL1565230.1,GH5_11,57.9,7.79e-224
XAR64472.1,GH5_11,57.4,4.08e-223
CAL2067814.1,GH5_1,75.5,1.07e-218
ADL69420.1,GH5_36,81.5,2.72e-227
CAL2074298.1,GH5_1,75.5,4.17e-218
KAK8062996.1,GH5_15,68.1,2.38e-223
XP_066661595.1,GH5_15,68.1,2.38e-223
QAV33433.1,GH5_25,79.1,1.07e-224
SDH86387.1,GH5_25,79.1,1.07e-224
AFK87329.1,GH5_36,81.2,1.8399999999999994e-225
XP_065460616.1,GH5_15,74.4,2.93e-220
PYG90198.1,GH5_4,67.2,6.07e-218
CAK7258616.1,GH5_5,86.9,1.76e-220
EMS72338.1,GH5_4,70.0,1.82e-214
SHN52027.1,GH5_25,76.0,6.39e-212
UXF00194.1,GH5_25,76.0,6.39e-212
KAN5220399.1,GH5_22,61.2,2.6e-207
CAQ2034896.1,GH5_21,47.7,2.17e-200
EMS73472.1,GH5_1,59.6,3.31e-205
KAN5179232.1,GH5_22,60.9,2.63e-204
ABV33417.1,GH5_19,64.5,2.69e-203
KAN5240556.1,GH5_22,59.1,4.3900000000000007e-200
ACY96946.1,GH5_43,50.8,1.2700000000000001e-195
PQQ68369.1,GH5_4,69.0,1.99e-194
KAN5176311.1,GH5_22,58.5,1.36e-197
KAN5240282.1,GH5_22,59.0,1.15e-196
KAN5168905.1,GH5_22,58.5,6.54e-194
KAN5148457.1,GH5_22,58.5,1.87e-193
KAL1565229.1,GH5_11,51.1,1.73e-192
KAN5189123.1,GH5_22,58.5,1.87e-193
KAN5257714.1,GH5_22,58.1,3.43e-193
KAN5186108.1,GH5_22,58.3,2.65e-193
KAN5207344.1,GH5_22,58.3,5.32e-193
KAN5213628.1,GH5_22,58.1,1.96e-192
KAN5237069.1,GH5_22,57.0,2.4799999999999994e-191
KAN5225982.1,GH5_22,57.9,1.3e-190
EMS72912.1,GH5_22,51.1,1.42e-188
KAN5167922.1,GH5_22,56.9,5.0999999999999995e-188
KAN5141004.1,GH5_22,57.0,7.779999999999999e-188
KAN5208176.1,GH5_22,56.9,2.92e-187
KAN5192427.1,GH5_22,56.7,5.87e-187
KAN5155002.1,GH5_22,57.5,1.5e-186
PYG87806.1,GH5_4,65.8,2.88e-184
ABV98267.1,GH5_2,59.9,7.87e-182
KAN9164241.1,GH5_22,52.2,3.76e-180
KAN9105627.1,GH5_22,52.2,3.76e-180
KAN9301802.1,GH5_22,52.2,7.54e-180
KAN9012337.1,GH5_22,52.4,7.54e-180
KAN9631596.1,GH5_22,52.2,7.54e-180
KAN9112533.1,GH5_22,52.4,7.54e-180
KAN9235151.1,GH5_22,52.2,7.54e-180
KAN9671093.1,GH5_22,52.2,7.54e-180
KAN9360230.1,GH5_22,52.0,1.5200000000000002e-179
KAN8976467.1,GH5_22,52.0,7.54e-180
KAN9640928.1,GH5_22,52.2,7.54e-180
KAN9341339.1,GH5_22,52.0,1.5200000000000002e-179
KAN9277015.1,GH5_22,52.2,7.54e-180
ODN31056.1,GH5_25,73.2,1.22e-184
KAN9449261.1,GH5_22,52.2,7.54e-180
KAN8943000.1,GH5_22,52.0,1.5200000000000002e-179
KAN9250925.1,GH5_22,52.2,7.54e-180
KAN9447846.1,GH5_22,52.2,7.54e-180
KAN9480911.1,GH5_22,51.8,4.31e-179
KAN9528483.1,GH5_22,51.8,4.31e-179
KAN9525690.1,GH5_22,51.8,4.31e-179
KAN9201062.1,GH5_22,51.8,4.31e-179
KAN9522329.1,GH5_22,52.0,2.15e-179
KAN9252361.1,GH5_22,52.0,2.15e-179
KAN9426404.1,GH5_22,52.0,2.15e-179
KAN9484701.1,GH5_22,52.0,2.15e-179
KAN9618320.1,GH5_22,52.0,4.31e-179
KAN9062277.1,GH5_22,52.2,3.3900000000000004e-179
KAN9483453.1,GH5_22,52.0,2.15e-179
KAN9663494.1,GH5_22,52.0,4.31e-179
KAN9576474.1,GH5_22,51.6,8.670000000000001e-179
KAN9076608.1,GH5_22,51.9,9.650000000000001e-179
KAN9571734.1,GH5_22,51.6,8.670000000000001e-179
KAN9182114.1,GH5_22,51.6,2.47e-178
KAN9355212.1,GH5_22,51.6,2.47e-178
KAN9196216.1,GH5_22,51.6,2.47e-178
KAN9388420.1,GH5_22,51.6,2.47e-178
KAN8793163.1,GH5_22,51.6,2.47e-178
KAN8792524.1,GH5_22,51.6,2.47e-178
KAN8883671.1,GH5_22,51.6,2.47e-178
KAN9416672.1,GH5_22,51.6,2.47e-178
KAN8836086.1,GH5_22,51.6,2.47e-178
KAN9379995.1,GH5_22,51.6,2.47e-178
KAN9146033.1,GH5_22,51.6,2.47e-178
KAN9595482.1,GH5_22,51.6,2.47e-178
KAN8866467.1,GH5_22,51.6,2.47e-178
KAN9262159.1,GH5_22,51.6,2.47e-178
KAN8907048.1,GH5_22,51.6,2.47e-178
KAN8924148.1,GH5_22,51.6,2.47e-178
KAN8932430.1,GH5_22,51.6,2.47e-178
KAN8967678.1,GH5_22,51.6,2.47e-178
KAN8975764.1,GH5_22,51.6,2.47e-178
KAN9613407.1,GH5_22,51.6,2.47e-178
KAN9011888.1,GH5_22,51.6,2.47e-178
KAN9106279.1,GH5_22,51.8,4.96e-178
KAL6983799.1,GH5_11,59.2,9.430000000000001e-179
KAN9033446.1,GH5_22,51.8,4.96e-178
KAN5224046.1,GH5_22,53.8,1.66e-178
A0A023VXA2.1,GH5_5,70.0,1.35e-181
XP_036537752.1,GH5_12,40.3,2.54e-169
GAE88377.1,GH5_1,86.0,1.43e-178
PMQ00777.1,GH5_25,67.8,2.1999999999999997e-180
YDE66953.1,GH5_1,54.7,2.88e-175
TYQ14912.1,GH5_4,61.1,2.87e-174
KAN9218114.1,GH5_5,67.3,9.75e-175
KAN9233944.1,GH5_5,67.3,9.75e-175
KAN9009595.1,GH5_5,67.3,1.96e-174
KAN9087383.1,GH5_5,67.3,1.96e-174
KAN9459572.1,GH5_5,67.3,7.64e-174
KAN9434714.1,GH5_5,67.3,7.64e-174
KAN9268489.1,GH5_5,67.3,5.39e-174
KAN9464467.1,GH5_5,67.3,7.64e-174
KAN9532001.1,GH5_5,67.3,7.64e-174
KAN9492693.1,GH5_5,67.3,7.64e-174
KAK6852268.1,GH5_12,38.1,1.21e-163
KAN9344865.1,GH5_5,67.3,1.3000000000000002e-161
KAN9362837.1,GH5_5,67.3,2.18e-173
KAN8989203.1,GH5_5,67.1,2.18e-173
KAN8988820.1,GH5_5,67.1,2.18e-173
KAN9041639.1,GH5_5,67.1,2.18e-173
KAN8950477.1,GH5_5,67.1,2.18e-173
KAN8943873.1,GH5_5,67.1,2.18e-173
KAN8922541.1,GH5_5,67.1,2.18e-173
KAN9582077.1,GH5_5,67.1,2.18e-173
KAN8905054.1,GH5_5,67.1,2.18e-173
KAN9015224.1,GH5_5,67.1,2.0799999999999997e-170
KAN9607255.1,GH5_5,67.1,2.18e-173
KAN9126604.1,GH5_5,67.1,2.0799999999999997e-170
KAN9703269.1,GH5_5,67.1,6.21e-173
KAN9573741.1,GH5_5,67.1,3.0900000000000003e-173
KAN9702862.1,GH5_5,67.1,6.21e-173
KAN9706189.1,GH5_5,67.1,6.21e-173
KAN9067921.1,GH5_5,67.1,3.21e-173
KAN9084974.1,GH5_5,67.1,3.21e-173
KAN9103678.1,GH5_5,67.1,6.21e-173
KAN9417602.1,GH5_5,67.1,3.0900000000000003e-173
KAN9356336.1,GH5_5,67.1,3.0900000000000003e-173
KAN9670160.1,GH5_5,67.1,3.0900000000000003e-173
KAN9157250.1,GH5_5,67.1,3.0900000000000003e-173
KAN9160386.1,GH5_5,67.1,4.52e-170
KAN9582183.1,GH5_5,67.1,3.0900000000000003e-173
KAN9652688.1,GH5_5,67.1,3.0900000000000003e-173
KAN9522415.1,GH5_5,67.1,3.0900000000000003e-173
KAN9284644.1,GH5_5,67.1,3.0900000000000003e-173
KAK8117328.1,GH5_12,38.9,1.1e-163
XP_066732524.1,GH5_12,38.9,1.1e-163
KAN8895971.1,GH5_5,67.1,3.0900000000000003e-173
KAN9650262.1,GH5_5,67.1,3.0900000000000003e-173
KAN9524123.1,GH5_5,67.1,3.0900000000000003e-173
KAN9389563.1,GH5_5,67.1,3.0900000000000003e-173
KAN9401156.1,GH5_5,67.1,3.0900000000000003e-173
KAN9202213.1,GH5_5,67.1,3.0900000000000003e-173
KAN8829913.1,GH5_5,67.1,3.0900000000000003e-173
KAN9479233.1,GH5_5,67.1,3.0900000000000003e-173
KAN8803722.1,GH5_5,67.1,3.0900000000000003e-173
KAN9144439.1,GH5_5,66.8,1.1999999999999999e-172
KAN9070660.1,GH5_5,66.8,1.1999999999999999e-172
KAK7990279.1,GH5_12,37.5,1.6000000000000002e-156
KAN9229763.1,GH5_5,66.8,2.51e-172
KAN9649204.1,GH5_5,63.7,1.01e-173
KAN9678469.1,GH5_5,63.7,1.01e-173
KAN9015446.1,GH5_5,63.7,1.01e-173
KAN9110241.1,GH5_5,63.7,1.01e-173
KAN9705069.1,GH5_5,63.7,1.01e-173
KAN9705292.1,GH5_5,63.7,1.01e-173
KAN9635657.1,GH5_5,63.7,1.01e-173
KAN9270616.1,GH5_5,63.7,1.43e-173
KAN9340920.1,GH5_5,63.7,1.43e-173
KAN9359343.1,GH5_5,63.7,1.43e-173
KAN9450776.1,GH5_5,63.7,1.43e-173
KAN8826142.1,GH5_5,63.7,1.43e-173
KAN9459484.1,GH5_5,63.7,1.43e-173
KAN9687854.1,GH5_5,63.7,1.43e-173
KAN8882919.1,GH5_5,63.7,1.43e-173
KAN9607936.1,GH5_5,63.4,8.24e-173
KAN9025181.1,GH5_5,63.7,8.24e-173
KAN9226919.1,GH5_5,63.4,8.24e-173
KAN9099968.1,GH5_5,63.7,8.24e-173
KAN9502697.1,GH5_5,63.4,8.24e-173
KAN9582749.1,GH5_5,63.4,8.24e-173
KAN9642994.1,GH5_5,63.4,8.24e-173
KAN9443757.1,GH5_5,63.4,8.24e-173
KAN9506094.1,GH5_5,63.4,8.24e-173
KAN9547710.1,GH5_5,63.4,8.24e-173
KAN9572388.1,GH5_5,63.4,8.24e-173
KAN9536477.1,GH5_5,63.4,1.17e-172
KAK8123308.1,GH5_12,38.7,1.5600000000000002e-161
KAN9489277.1,GH5_5,63.4,1.17e-172
KAN9530829.1,GH5_5,63.4,1.17e-172
KAN9287883.1,GH5_5,63.4,4.74e-172
KAN9306394.1,GH5_5,63.4,4.74e-172
KAN8840965.1,GH5_5,63.4,9.19e-172
KAN9140303.1,GH5_5,63.4,1.92e-171
KAN9064513.1,GH5_5,63.4,1.92e-171
RBP57376.1,GH5_4,64.9,1.38e-170
KAK6070809.1,GH5_12,37.9,1.19e-158
KAK6088924.1,GH5_12,37.8,2.36e-158
KAN9329253.1,GH5_5,67.2,1.83e-168
GAE90520.1,GH5_1,92.0,4.34e-165
GAE90522.1,GH5_1,84.4,6.43e-162
TYQ15182.1,GH5_12,39.8,5.51e-154
WRK65563.1,GH5_2,65.1,7.200000000000001e-163
KAL1551962.1,GH5_11,42.2,3.43e-152
KAL1551961.1,GH5_11,42.2,4.07e-152
XWZ74100.1,GH5_2,50.1,1.47e-153
KAN8960987.1,GH5_5,64.6,2.62e-157
KAN8985738.1,GH5_5,64.6,2.62e-157
KAN9105238.1,GH5_5,64.0,2.14e-156
KAN9032459.1,GH5_5,64.0,2.14e-156
KAL1551960.1,GH5_11,42.1,9.14e-150
KAN9061885.1,GH5_5,63.7,2.4800000000000002e-155
KAN9085592.1,GH5_5,63.7,2.4800000000000002e-155
KAN9226732.1,GH5_5,64.3,3.52e-155
KAL1551963.1,GH5_11,42.9,8.39e-149
KAL1551964.1,GH5_11,42.9,7.0799999999999995e-149
KAN9246395.1,GH5_5,64.3,3.52e-155
KAN9035696.1,GH5_5,63.4,7.09e-155
KAN8953001.1,GH5_5,63.4,7.09e-155
KAN9195860.1,GH5_5,63.4,5e-155
KAN9601627.1,GH5_5,63.4,5e-155
KAN9544929.1,GH5_5,63.4,7.09e-155
KAN8921393.1,GH5_5,63.4,7.09e-155
KAN9181467.1,GH5_5,63.4,5e-155
KAN8943244.1,GH5_5,63.4,7.09e-155
KAN9303884.1,GH5_5,63.4,5e-155
KAN9173534.1,GH5_5,63.4,7.09e-155
KAN9614177.1,GH5_5,63.4,5e-155
KAN9559316.1,GH5_5,63.4,7.09e-155
KAN9042612.1,GH5_5,63.4,5e-155
KAN9149787.1,GH5_5,63.4,5e-155
KAN9132808.1,GH5_5,63.4,5e-155
KAN9583386.1,GH5_5,63.4,7.09e-155
KAN8993117.1,GH5_5,63.4,7.09e-155
KAN9000064.1,GH5_5,63.4,7.09e-155
KAN9117381.1,GH5_5,63.4,5e-155
KAN9112722.1,GH5_5,63.4,7.09e-155
KAN8903829.1,GH5_5,63.4,7.09e-155
KAN9057047.1,GH5_5,63.4,5e-155
KAN9361022.1,GH5_5,63.4,7.09e-155
KAN9661302.1,GH5_5,63.4,7.09e-155
KAN8854989.1,GH5_5,63.4,5e-155
KAN8795609.1,GH5_5,63.4,7.09e-155
KAN8852068.1,GH5_5,63.4,5e-155
KAN9469185.1,GH5_5,63.4,7.09e-155
KAN9382937.1,GH5_5,63.4,7.09e-155
KAN9636725.1,GH5_5,63.4,7.09e-155
KAN8808855.1,GH5_5,63.4,7.09e-155
KAN8798137.1,GH5_5,63.4,7.09e-155
KAN9393992.1,GH5_5,63.4,7.09e-155
KAN9403106.1,GH5_5,63.4,7.09e-155
KAN9279485.1,GH5_5,63.4,5e-155
KAN9513676.1,GH5_5,63.4,7.09e-155
KAN9510147.1,GH5_5,63.4,7.09e-155
KAN9472248.1,GH5_5,63.4,7.09e-155
KAN9269667.1,GH5_5,63.4,5e-155
KAN9224280.1,GH5_5,63.4,7.09e-155
KAN9496913.1,GH5_5,63.4,7.09e-155
KAN9644946.1,GH5_5,63.4,5e-155
KAN8860161.1,GH5_5,63.4,7.09e-155
KAN9363327.1,GH5_5,63.4,7.09e-155
KAN9673421.1,GH5_5,63.4,5e-155
KAN9449638.1,GH5_5,63.4,7.09e-155
KAN9715071.1,GH5_5,63.4,7.09e-155
KAN9421671.1,GH5_5,63.4,7.09e-155
KAN8879625.1,GH5_5,63.4,7.09e-155
KAN9722984.1,GH5_5,63.4,7.09e-155
KAN8894239.1,GH5_5,63.4,5e-155
KAN9265346.1,GH5_5,63.4,5e-155
KAN9537986.1,GH5_5,63.4,7.09e-155
KAN9683251.1,GH5_5,63.4,7.09e-155
KAN9568022.1,GH5_5,63.1,2.03e-154
KAN9333930.1,GH5_5,63.1,1.66e-153
KAN9327853.1,GH5_5,63.1,1.66e-153
P27035.2,GH5_2,49.4,1.75e-146
KAL1532747.1,GH5_11,42.7,4.51e-142
XAR70239.1,GH5_11,42.0,1.14e-141
KAN9187182.1,GH5_5,67.6,9.550000000000001e-144
KAN9630203.1,GH5_5,67.6,9.550000000000001e-144
KAN8794480.1,GH5_5,67.6,9.550000000000001e-144
KAN9270248.1,GH5_5,67.6,9.550000000000001e-144
KAN9305392.1,GH5_5,67.6,9.550000000000001e-144
AEM74681.1,GH5_36,57.6,1.77e-146
CAQ9727366.1,GH5_48,61.4,3.65e-145
KAN8868907.1,GH5_5,67.3,3.5800000000000006e-132
XAR70241.1,GH5_11,40.3,5.36e-139
AZT89324.1,GH5_36,57.6,4.14e-145
ADQ39796.1,GH5_36,57.0,5.87e-145
KAL1551967.1,GH5_11,40.9,1.39e-138
KAN5165939.1,GH5_5,57.7,2.91e-140
KAL1551968.1,GH5_11,41.7,2.6499999999999997e-137
KAN8851977.1,GH5_5,67.4,4.94e-141
ACM59384.1,GH5_36,55.8,7.86e-143
KAN8878244.1,GH5_5,67.4,4.94e-141
KAN8945738.1,GH5_5,67.8,1.2e-141
P15704.1,GH5_2,58.6,1.83e-139
ADQ47167.1,GH5_36,55.8,2.25e-142
CUH91792.1,GH5_2,60.9,3.9999999999999997e-138
ADQ08066.1,GH5_36,55.5,1.05e-140
BCS82199.1,GH5_36,55.5,6.05e-140
CAK4033692.1,GH5_9,49.7,2.82e-137
KAN5239451.1,GH5_5,57.5,1.48e-135
AEN71978.1,GH5_26,55.8,1.38e-136
ACY46934.1,GH5_26,55.4,5.7899999999999996e-136
KAL6979532.1,GH5_11,39.4,3.6000000000000006e-129
GAE88376.1,GH5_1,91.9,1.02e-133
KAK4687586.1,GH5_22,48.9,2.3000000000000003e-129
KAN5242759.1,GH5_5,56.7,4.580000000000001e-129
AWM35364.1,GH5_2,57.5,5.2900000000000004e-129
CAQ1451020.1,GH5_4,51.5,2.98e-118
KAN5251600.1,GH5_5,54.3,3.05e-122
TYQ17724.1,GH5_2,42.9,6.56e-118
KAN9490385.1,GH5_5,69.5,9.87e-120
KAN8806140.1,GH5_5,69.5,1.26e-122
PMQ01279.1,GH5_22,40.7,1.43e-119
KAN9334862.1,GH5_5,69.3,2.8500000000000003e-117
WRM49288.1,GH5_2,58.9,2.57e-111
BCE02488.1,GH5_2,50.9,2.63e-109
WCQ91245.1,GH5_5,48.8,6.800000000000001e-106
XHI67015.1,GH5_5,48.2,4.51e-104
XHI67013.1,GH5_5,45.7,5.110000000000001e-103
WCQ93470.1,GH5_2,51.2,1.38e-101
BCE03288.1,GH5_1,41.4,6.279999999999999e-90
XHI67014.1,GH5_5,46.2,3.29e-99
CAR3389117.1,GH5_12,31.4,7.25e-90
CAR3355026.1,GH5_12,31.6,7.81e-90
CDN41871.1,GH5_46,33.8,2.17e-81
CAI8893189.1,GH5_48,41.1,8.14e-83
CAI8835145.1,GH5_48,41.0,6.47e-82
CAI8892885.1,GH5_48,41.0,6.47e-82
KAK7253611.1,GH5_2,43.7,8.889999999999998e-76
EMS71779.1,GH5_46,37.5,1.6e-77
KAL1551966.1,GH5_11,48.9,4.12e-78
CAI8821490.1,GH5_46,34.6,1.9e-63
CAN9029758.1,GH5_5,35.5,7.46e-65
CAN6951768.1,GH5_5,35.5,7.46e-65
CAQ8760408.1,GH5_46,30.0,2.18e-61
KAN5231938.1,GH5_22,41.0,5.77e-62
CAK4029967.1,GH5_1,31.4,2.4899999999999998e-55
KAN9334335.1,GH5_1,33.2,3.43e-55
KAN9328072.1,GH5_1,33.2,3.43e-55
KAN9719353.1,GH5_1,33.2,3.98e-53
KAN9184753.1,GH5_1,33.2,2.06e-53
KAN9656629.1,GH5_1,33.2,3.98e-53
KAN9651980.1,GH5_1,33.2,3.98e-53
KAN9126397.1,GH5_1,33.2,2.06e-53
KAN9724460.1,GH5_1,33.2,3.98e-53
KAN9476254.1,GH5_1,33.3,5.54e-53
KAN9311915.1,GH5_1,32.9,7.699999999999999e-53
KAN9546651.1,GH5_1,33.4,5.54e-53
KAN9387016.1,GH5_1,33.2,7.699999999999999e-53
KAN9453219.1,GH5_1,33.4,5.54e-53
KAN9550642.1,GH5_1,33.4,5.54e-53
KAN9501710.1,GH5_1,33.4,5.54e-53
KAN9291263.1,GH5_1,32.9,7.699999999999999e-53
KAN9703652.1,GH5_1,33.2,5.54e-53
KAN9515741.1,GH5_1,33.4,5.54e-53
KAN9538495.1,GH5_1,33.4,5.54e-53
KAN9476865.1,GH5_1,33.3,5.54e-53
KAN9403641.1,GH5_1,32.9,2.0599999999999997e-52
KAN9358672.1,GH5_1,32.9,2.0599999999999997e-52
KAN9118974.1,GH5_1,32.9,2.0599999999999997e-52
KAN9412276.1,GH5_1,32.9,2.0599999999999997e-52
KAN9034757.1,GH5_1,32.9,2.0599999999999997e-52
KAN9438116.1,GH5_1,32.9,2.0599999999999997e-52
KAN9591866.1,GH5_1,32.9,5.529999999999999e-52
KAN8958632.1,GH5_1,32.9,5.529999999999999e-52
KAN8828900.1,GH5_1,32.9,5.529999999999999e-52
KAN8894640.1,GH5_1,32.9,5.529999999999999e-52
KAN8814360.1,GH5_1,32.9,5.529999999999999e-52
KAN9010335.1,GH5_1,32.9,5.529999999999999e-52
GAL13555.1,GH5_25,41.2,4.850000000000001e-56
KAN8996042.1,GH5_1,32.9,5.529999999999999e-52
KAN8987137.1,GH5_1,32.9,5.529999999999999e-52
KAN9609556.1,GH5_1,32.9,5.529999999999999e-52
KAN9218271.1,GH5_1,32.9,5.529999999999999e-52
KAN8913245.1,GH5_1,32.9,5.529999999999999e-52
KAN9246927.1,GH5_1,33.2,2.87e-52
KAN8940967.1,GH5_1,32.9,5.529999999999999e-52
KAN9178742.1,GH5_1,32.9,5.529999999999999e-52
KAN8920830.1,GH5_1,32.9,5.529999999999999e-52
KAN8854191.1,GH5_1,32.9,5.529999999999999e-52
KAN9626244.1,GH5_1,32.9,5.529999999999999e-52
KAN8875137.1,GH5_1,32.9,5.529999999999999e-52
KAN8916882.1,GH5_1,32.9,1.07e-51
KAN9081417.1,GH5_1,32.1,1.07e-51
KAN8852885.1,GH5_1,32.9,1.07e-51
KAN9242750.1,GH5_1,32.6,1.48e-51
KAN9647141.1,GH5_1,32.9,1.48e-51
KAN9260649.1,GH5_1,32.6,1.48e-51
KAN9671610.1,GH5_1,32.9,1.48e-51
KAN8817307.1,GH5_1,32.3,7.63e-51
KAN9075496.1,GH5_1,32.0,5.8e-52
KAN9153434.1,GH5_1,32.6,7.63e-51
KAN9062182.1,GH5_1,32.6,7.63e-51
KAN9134385.1,GH5_1,32.3,1.06e-50
KAN9046499.1,GH5_1,32.3,1.06e-50
KAN5241082.1,GH5_47,34.6,2.7299999999999998e-40
GAA5264582.1,GH5_1,30.7,5.52e-41
CAQ9736511.1,GH5_46,31.6,1.47e-42
KAN9258690.1,GH5_1,28.4,1.17e-40
KAN9349209.1,GH5_1,30.2,2.12e-40
KAN5249353.1,GH5_47,34.6,1.2100000000000002e-37
KAN5235007.1,GH5_47,33.3,9.45e-38
KAN5158476.1,GH5_47,33.3,9.45e-38
KAN5176757.1,GH5_47,36.0,5.63e-38
KAN5143765.1,GH5_47,32.9,1.32e-37
KAN5261177.1,GH5_47,33.3,6.75e-37
KAN5223967.1,GH5_47,33.3,6.75e-37
KAN5251310.1,GH5_47,31.5,4.03e-36
KAN5220487.1,GH5_47,36.1,2.91e-35
ATL86941.1,GH5_1,27.8,7.83e-31
KAN9596518.1,GH5_1,29.4,6.61e-29
KAN9205908.1,GH5_1,36.5,1.75e-28
KAN9296861.1,GH5_1,36.5,1.75e-28
CAM3357822.1,GH5_26,24.3,2.05e-11
XZA69765.1,GH5_7,28.9,5.29e-09
XXL57363.1,GH5_7,28.9,5.29e-09
XYT23942.1,GH5_7,28.9,5.29e-09
WWP10139.1,GH5_7,28.9,5.29e-09
XDA16208.1,GH5_7,28.4,1.22e-08
WP_392887504.1,GH5_7,26.4,1.33e-08
XIE43612.1,GH5_7,26.4,1.33e-08
OXS58876.1,GH5_12,33.9,1.23e-08
WP_489060366.1,GH5_7,27.7,1.8e-08
WP_457373802.1,GH5_7,27.5,3.15e-08
WP_369991810.1,GH5_7,27.2,3.05e-08
WVM64570.1,GH5_7,28.4,3.68e-08
XGB13325.1,GH5_7,28.4,3.68e-08
WP_390955479.1,GH5_7,27.5,3.15e-08
WRW01298.1,GH5_7,28.4,3.68e-08
WVX03762.1,GH5_7,28.4,3.68e-08
CAM1373522.1,GH5_8,28.7,1.21e-08
XBT46226.1,GH5_7,26.2,4.89e-08
WP_488448946.1,GH5_7,24.8,7.14e-08
WP_404671274.1,GH5_7,27.2,7.06e-08
XRA47969.1,GH5_7,24.8,9.44e-08
WP_488420868.1,GH5_7,24.8,9.44e-08
WP_488401696.1,GH5_7,24.8,9.44e-08
WP_488431491.1,GH5_7,24.8,9.44e-08
WP_348122910.1,GH5_7,26.4,2.21e-07
CAI8894440.1,GH5_7,27.3,8.96e-07
XET69213.1,GH5_7,25.2,8.83e-07
WP_458944853.1,GH5_7,26.9,1.2e-06
WP_130208870.1,GH5_7,26.9,1.2e-06
WP_449105812.1,GH5_7,26.9,1.2e-06
WP_448646956.1,GH5_7,26.9,1.2e-06
WVV61605.1,GH5_7,26.1,1.2e-06
WP_427573553.1,GH5_7,25.2,1.19e-06
YAI13659.1,GH5_7,24.2,1.16e-06
WP_458974158.1,GH5_7,26.9,1.2e-06
WP_462045413.1,GH5_7,25.3,1.56e-06
CAI8803944.1,GH5_7,23.3,2.05e-06
WP_415767262.1,GH5_7,24.7,2.06e-06
XLW97529.1,GH5_7,31.6,2.69e-06
WP_223526411.1,GH5_7,26.5,2.72e-06
WP_102614236.1,GH5_7,25.9,2.72e-06
YFC78294.1,GH5_7,24.9,3.66e-06
WP_476303578.1,GH5_7,24.9,3.66e-06
CAI8834081.1,GH5_7,24.0,3.59e-06
WP_140681206.1,GH5_7,26.3,3.59e-06
WP_458959941.1,GH5_7,24.9,3.66e-06
CAI8840144.1,GH5_7,23.8,4.75e-06
XCG76920.1,GH5_7,24.6,4.75e-06
WP_462049588.1,GH5_7,24.7,4.75e-06
XKS89985.1,GH5_7,24.2,6.24e-06
YFQ25161.1,GH5_7,25.8,8.32e-06
WP_401310601.1,GH5_7,24.9,8.33e-06
WP_461972774.1,GH5_7,24.2,1.45e-05
CAI8726239.1,GH5_7,24.9,1.45e-05
WP_401315093.1,GH5_7,24.3,1.45e-05
WP_415263941.1,GH5_7,24.9,1.45e-05
WP_436274187.1,GH5_7,46.5,3.33e-05
CAN7570532.1,GH5_7,46.5,3.33e-05
WP_403137841.1,GH5_7,46.5,3.32e-05
WP_462034547.1,GH5_7,44.2,4.4e-05
WP_461960323.1,GH5_7,44.2,5.79e-05
WP_347804478.1,GH5_7,44.2,5.79e-05
WP_461964564.1,GH5_7,24.2,7.66e-05
XDC06972.1,GH5_7,28.6,0.000307
XYC46423.1,GH5_7,28.6,0.000407
