PF00150_col,res3AMC,res3AMC_aa,thermo_pref_residue,thermo_charged_%,meso_charged_%,delta_%,RSA,location,active_site,dist_catGlu_A,fdr
879,35.0,K,K,84.1,18.6,65.5,0.52,surface,distal,20.9,3.864225931548645e-21
1456,,-,K,90.6,33.3,57.3,,NA,NA,,3.7924219944582385e-12
888,44.0,E,D,82.0,27.0,55.1,0.85,surface,distal,20.8,4.3379514020540573e-16
1620,180.0,E,E,63.8,13.5,50.3,0.5,surface,distal,15.4,3.214095667494211e-05
1455,,-,K,93.3,44.3,49.0,,NA,NA,,1.990951820916404e-09
1111,,-,D,72.5,24.5,48.0,,NA,NA,,5.902363266667209e-11
1353,144.0,E,D,64.7,19.0,45.7,0.77,surface,distal,14.2,2.5900004885826717e-08
1813,274.0,R,E,89.9,44.8,45.1,0.5,surface,distal,15.3,1.9817436550532913e-08
1658,188.0,E,D,88.3,45.1,43.3,0.02,core,distal,20.6,3.455001102015849e-08
1659,189.0,K,K,67.4,24.2,43.2,0.65,surface,distal,21.8,5.904288916961654e-08
881,37.0,E,E,54.7,11.4,43.2,0.38,surface,distal,22.3,1.1248095429398607e-11
834,,-,D,94.1,51.4,42.7,,NA,NA,,0.00042562004314284225
1792,263.0,E,D,83.0,40.7,42.3,0.59,surface,distal,20.0,1.414296467117377e-06
848,,-,R,77.8,36.1,41.6,,NA,NA,,4.4615705589928735e-05
1726,225.0,P,E,49.0,8.5,40.5,0.67,surface,distal,23.5,7.324015428130686e-05
838,,-,E,85.7,45.3,40.4,,NA,NA,,0.0006159706582134439
1466,155.0,K,K,75.3,35.1,40.2,0.53,surface,distal,19.9,3.6790612086030894e-07
1002,67.0,K,K,59.2,19.0,40.1,0.37,surface,distal,23.3,1.2190056370870562e-05
1158,108.0,K,K,65.2,26.8,38.4,0.37,surface,distal,15.9,1.4154672419353577e-07
1731,230.0,H,K,52.6,15.1,37.5,0.51,surface,distal,18.9,9.297744387933867e-05
1317,141.0,L,E,42.4,5.4,37.0,0.01,core,proximal,9.9,3.455001102015849e-08
1133,106.0,E,K,59.6,23.0,36.5,0.71,surface,distal,18.4,3.469788511754695e-07
1130,103.0,D,E,75.0,38.6,36.4,0.25,surface,distal,14.9,8.415601552682412e-07
1749,244.0,K,E,75.3,39.1,36.2,0.83,surface,distal,22.7,8.995401033233099e-06
1730,229.0,K,K,56.9,20.8,36.1,0.68,surface,distal,20.7,0.0010424001729541796
1743,240.0,E,K,68.5,32.6,35.9,0.61,surface,distal,20.0,1.1877381065811686e-05
1109,,-,G,48.7,13.9,34.8,,NA,NA,,2.959000086490628e-07
1026,87.0,G,D,43.8,9.3,34.5,0.63,surface,distal,21.1,4.149760571054818e-09
1733,232.0,I,D,65.5,31.2,34.3,0.31,surface,distal,17.2,7.325907523608575e-05
890,46.0,G,G,40.4,6.7,33.7,0.69,surface,distal,17.7,1.6917296783175412e-09
1483,164.0,H,R,43.8,11.5,32.4,0.0,core,distal,20.7,7.524326391217331e-06
1024,85.0,K,K,88.8,56.6,32.2,0.77,surface,distal,23.6,4.254268825620988e-07
1159,109.0,E,D,83.0,51.4,31.5,0.58,surface,distal,18.8,8.995401033233099e-06
1294,127.0,E,Y,41.6,10.7,30.9,0.48,surface,distal,21.7,1.7253162380243489e-06
1794,265.0,R,A,35.2,4.3,30.9,0.07,core,distal,14.8,8.995401033233099e-06
1776,259.0,K,K,43.8,13.2,30.7,0.4,surface,distal,17.9,9.064022084115038e-05
887,43.0,K,K,73.0,43.3,29.8,0.39,surface,distal,18.3,3.030166698889734e-05
1616,176.0,I,R,55.2,26.3,28.9,0.19,core,proximal,11.3,0.00039723353629405293
1014,75.0,R,K,85.4,57.1,28.3,0.22,core,distal,23.2,1.6832161431089437e-05
1257,112.0,L,K,40.5,12.9,27.5,0.11,core,distal,16.6,4.05426704439261e-05
899,55.0,R,Y,31.5,3.9,27.5,0.06,core,distal,12.8,2.4504568802078025e-08
1017,78.0,E,E,70.8,43.4,27.4,0.51,surface,distal,23.2,0.0001565761979262356
1728,227.0,D,E,80.8,54.0,26.8,0.29,surface,distal,19.5,0.01687458975734221
967,61.0,Y,D,41.7,14.9,26.7,0.05,core,distal,22.5,0.002993529039391405
1796,267.0,K,K,86.4,60.0,26.4,0.48,surface,distal,16.9,0.000888258470443885
1012,73.0,F,K,37.1,11.0,26.1,0.08,core,distal,22.5,8.955203692446578e-06
1274,116.0,K,K,60.7,34.9,25.9,0.56,surface,distal,20.1,0.006158164409044638
1837,287.0,E,S,31.5,6.8,24.7,0.0,core,proximal,8.0,0.0015636770508180061
1778,261.0,D,G,33.7,9.2,24.5,0.4,surface,distal,19.6,0.0006954392416450758
1469,158.0,R,R,95.5,71.9,23.6,0.05,core,distal,21.6,9.613292819722418e-05
1004,69.0,M,N,43.0,19.5,23.5,0.01,core,distal,23.9,0.0013557221390896662
1005,70.0,D,P,60.5,37.8,22.6,0.68,surface,distal,26.2,0.0029725827172402595
1621,181.0,K,A,25.6,5.2,20.4,0.48,surface,distal,14.2,0.001679481727556304
1735,234.0,E,Y,36.0,16.5,19.5,0.15,core,distal,15.6,0.0122120047249234
883,39.0,F,F,30.7,11.3,19.4,0.01,core,distal,18.5,0.0010559286002627428
1132,105.0,E,Y,44.3,25.5,18.8,0.62,surface,distal,17.2,0.016712768156057867
851,,-,S,31.7,13.0,18.6,,NA,NA,,0.02097873318853142
970,63.0,F,F,46.2,27.7,18.5,0.33,surface,distal,24.4,0.0442599470152329
1748,243.0,K,F,38.2,20.7,17.6,0.71,surface,distal,21.1,0.03770367638495924
1679,203.0,F,F,19.6,2.3,17.3,0.0,core,distal,15.2,0.04080446709712431
1293,126.0,P,D,39.3,22.7,16.7,0.39,surface,distal,23.2,0.028211085134814587
1013,74.0,K,E,82.0,65.4,16.6,0.65,surface,distal,25.4,0.014247334258036886
1046,96.0,H,V,18.0,3.8,14.1,0.35,surface,proximal,8.4,0.0010424001729541796
1467,156.0,V,M,19.1,5.2,13.9,0.16,core,distal,19.8,0.016584287713109852
1021,82.0,G,L,18.0,6.6,11.4,0.09,core,distal,21.5,0.016712768156057867
1119,101.0,M,N,9.1,1.4,7.7,0.02,core,proximal,9.3,0.01893351093964811
