pdb,n_res,salt_bridges,sb_per100,surf_charged_per100,organism,group
1EQP,394,25,6.345177664974619,6.345177664974619,Candida albicans,mesophile
1H4P,408,32,7.8431372549019605,9.068627450980392,Saccharomyces cerevisiae,mesophile
2PC8,394,22,5.583756345177665,6.598984771573604,Candida albicans,mesophile
2PF0,394,24,6.091370558375634,5.583756345177665,Candida albicans,mesophile
3AMC,308,25,8.116883116883116,8.441558441558442,Thermotoga maritima MSB8,thermophile
3AMG,311,28,9.003215434083602,18.64951768488746,Thermotoga maritima MSB8,thermophile
3AOF,308,25,8.116883116883116,8.441558441558442,Thermotoga maritima MSB8,thermophile
3MMU,309,31,10.032362459546926,13.915857605177994,Thermotoga maritima,thermophile
3N9K,394,21,5.32994923857868,4.060913705583756,Candida albicans,mesophile
3O6A,394,25,6.345177664974619,6.598984771573604,Candida albicans,mesophile
3PZT,293,26,8.873720136518772,7.849829351535837,Bacillus subtilis subsp. subtilis str. 168,mesophile
3PZU,297,28,9.427609427609427,7.744107744107744,Bacillus subtilis subsp. subtilis str. 168,mesophile
3PZV,298,24,8.053691275167786,14.429530201342281,Bacillus subtilis subsp. subtilis str. 168,mesophile
3RJY,310,18,5.806451612903226,10.64516129032258,Fervidobacterium nodosum Rt17-B1,thermophile
3ZIZ,345,22,6.3768115942028984,2.028985507246377,Podospora anserina,mesophile
4M81,394,18,4.568527918781726,3.8071065989847717,Candida albicans SC5314,mesophile
4M82,393,20,5.089058524173028,4.071246819338422,Candida albicans SC5314,mesophile
4TUF,346,19,5.491329479768786,6.069364161849711,Xanthomonas campestris pv. campestris str. ATCC 33913,mesophile
4U5K,304,27,8.881578947368421,7.894736842105263,Acetivibrio thermocellus ATCC 27405,thermophile
4V2X,534,32,5.992509363295881,6.5543071161048685,Halalkalibacterium halodurans,mesophile
4YZT,512,30,5.859375,3.3203125,Bacillus licheniformis,mesophile
5A8M,331,21,6.3444108761329305,6.3444108761329305,Saccharophagus degradans 2-40,mesophile
5A8P,336,21,6.25,9.523809523809524,Saccharophagus degradans 2-40,mesophile
5A8O,336,20,5.9523809523809526,9.821428571428571,Saccharophagus degradans 2-40,mesophile
5A8N,336,24,7.142857142857143,10.416666666666666,Saccharophagus degradans 2-40,mesophile
4YZP,509,34,6.679764243614931,4.911591355599215,Bacillus licheniformis,mesophile
4U5I,295,23,7.796610169491525,10.169491525423728,Acetivibrio thermocellus ATCC 27405,thermophile
4U3A,292,26,8.904109589041095,15.41095890410959,Acetivibrio thermocellus ATCC 27405,thermophile
4NF7,363,24,6.6115702479338845,9.366391184573002,Butyrivibrio proteoclasticus B316,mesophile
4M80,393,23,5.852417302798982,6.870229007633588,Candida albicans SC5314,mesophile
4LX4,322,22,6.832298136645963,8.385093167701863,Stutzerimonas stutzeri A1501,mesophile
4IM4,336,25,7.440476190476191,6.845238095238095,Acetivibrio thermocellus,thermophile
3RJX,313,23,7.348242811501597,12.779552715654953,Fervidobacterium nodosum Rt17-B1,thermophile
3NDZ,345,24,6.956521739130435,1.4492753623188406,Clostridium cellulovorans,mesophile
3NDY,345,24,6.956521739130435,2.028985507246377,Clostridium cellulovorans,mesophile
3NCO,310,24,7.741935483870968,6.774193548387097,Fervidobacterium nodosum Rt17-B1,thermophile
3MMW,309,32,10.35598705501618,12.62135922330097,Thermotoga maritima,thermophile
3AZT,311,24,7.717041800643087,11.57556270096463,Thermotoga maritima MSB8,thermophile
3AZS,308,26,8.441558441558442,10.38961038961039,Thermotoga maritima MSB8,thermophile
3AZR,311,27,8.681672025723472,12.218649517684888,Thermotoga maritima MSB8,thermophile
3AMD,311,26,8.360128617363344,15.112540192926046,Thermotoga maritima MSB8,thermophile
2Y8K,481,23,4.781704781704781,1.2474012474012475,Acetivibrio thermocellus,thermophile
2PBO,394,26,6.598984771573604,5.583756345177665,Candida albicans,mesophile
2PB1,394,23,5.83756345177665,6.598984771573604,Candida albicans,mesophile
1VRX,358,21,5.865921787709497,3.631284916201117,Acidothermus cellulolyticus,thermophile
1EQC,394,24,6.091370558375634,6.852791878172589,Candida albicans,mesophile
1EGZ,291,19,6.529209621993127,10.309278350515465,Dickeya chrysanthemi,mesophile
1EDG,380,21,5.526315789473684,4.473684210526316,Ruminiclostridium cellulolyticum H10,mesophile
1ECE,358,21,5.865921787709497,2.793296089385475,Acidothermus cellulolyticus,thermophile
1CZ1,394,25,6.345177664974619,6.345177664974619,Candida albicans,mesophile
5A8Q,336,22,6.5476190476190474,7.440476190476191,Saccharophagus degradans 2-40,mesophile
5A94,335,23,6.865671641791045,8.35820895522388,Saccharophagus degradans 2-40,mesophile
5BYW,319,27,8.463949843260188,12.539184952978056,Acetivibrio thermocellus ATCC 27405,thermophile
5LA0,476,29,6.092436974789916,3.361344537815126,Acetivibrio thermocellus JW20,thermophile
5LA1,474,27,5.69620253164557,2.5316455696202533,Acetivibrio thermocellus JW20,thermophile
5OYC,373,18,4.825737265415549,3.2171581769436997,Cellvibrio japonicus Ueda107,mesophile
5OYD,370,17,4.594594594594595,9.18918918918919,Cellvibrio japonicus Ueda107,mesophile
5OYE,372,18,4.838709677419355,9.67741935483871,Cellvibrio japonicus Ueda107,mesophile
6GL2,331,23,6.948640483383686,4.833836858006042,Zobellia galactanivorans,mesophile
6HA9,370,16,4.324324324324325,8.91891891891892,Cellvibrio japonicus Ueda107,mesophile
6HAA,370,16,4.324324324324325,7.297297297297297,Cellvibrio japonicus Ueda107,mesophile
6PZ7,330,16,4.848484848484849,4.848484848484849,Clostridium acetobutylicum ATCC 824,mesophile
6R2J,326,23,7.0552147239263805,3.6809815950920246,Stutzerimonas stutzeri A1501,mesophile
6WQP,347,17,4.899135446685879,3.170028818443804,Ruminococcus champanellensis,mesophile
6WQV,348,18,5.172413793103448,1.7241379310344827,Ruminococcus champanellensis,mesophile
8BQB,331,29,8.761329305135952,13.293051359516616,Cellvibrio japonicus Ueda107,mesophile
8EXD,670,46,6.865671641791045,14.477611940298507,Aspergillus fumigatus Af293,mesophile
8GHY,362,26,7.18232044198895,9.94475138121547,Piromyces finnis,mesophile
8Z2X,386,28,7.253886010362694,8.808290155440414,Aspergillus oryzae,mesophile
8Z2Y,382,27,7.0680628272251305,4.712041884816754,Aspergillus oryzae,mesophile
9BJX,368,28,7.608695652173913,9.51086956521739,Segatella copri DSM 18205,mesophile
9BMK,366,23,6.284153005464481,12.841530054644808,Segatella copri DSM 18205,mesophile
8OZ1,373,19,5.093833780160858,4.825737265415549,Cellvibrio japonicus Ueda107,mesophile
8GHX,362,25,6.906077348066298,14.917127071823204,Piromyces finnis,mesophile
8BQC,298,16,5.369127516778524,2.348993288590604,Cellvibrio japonicus,mesophile
8B3Y,335,31,9.253731343283581,10.149253731343284,Thermogutta terrifontis,thermophile
6UI3,337,22,6.528189910979228,2.9673590504451037,Clostridium cellulovorans,mesophile
6GL0,331,22,6.646525679758308,9.365558912386707,Zobellia galactanivorans,mesophile
6D2W,687,29,4.2212518195050945,2.6200873362445414,Segatella baroniae B14,mesophile
5LA2,464,25,5.387931034482759,2.586206896551724,Acetivibrio thermocellus,thermophile
5G56,703,37,5.2631578947368425,6.827880512091038,Acetivibrio thermocellus,thermophile
5A95,337,23,6.824925816023739,3.5608308605341246,Saccharophagus degradans 2-40,mesophile
