Feature,Thermo_mean,Meso_mean,Cliffs_delta,p_value
IVYWREL %,42.65617794233446,33.245678811938355,0.8975182121249538,3.5646472390988884e-33
Aromaticity (FWY),0.13076834212821126,0.10055677179384451,0.8704161007531794,2.5325298927889056e-31
Gln+His %,4.2068535523220465,6.150891787521569,-0.8631312507717002,7.682540576847623e-31
Charged (DEKR) %,25.982364187514776,19.102732011449817,0.8477589825904432,8.861516837047686e-30
E+K %,15.653040171885293,9.637708413719137,0.8447339177676256,1.3957636389969278e-29
Aliphatic index,86.11323037624099,78.92008013960867,0.6934189406099518,1.861822239779193e-20
Proline %,4.786392816755223,5.681198946994455,-0.5391406346462526,5.573641828209526e-13
GRAVY,-0.37985640746826754,-0.288069482706527,-0.35522904062229904,2.055698244643932e-06
Arg/(Arg+Lys),0.36943212281689347,0.44246048941633065,-0.3346092110137054,7.69311867982291e-06
Instability index,34.97095906158238,32.5663695871037,0.2636127917026793,0.00042643521863993165
