Accession,signature,_acc,OGT
WP_493066509.1,0.1875,WP_493066509,
WP_492605814.1,0.16129032258064516,WP_492605814,28.879518072289155
YFQ25161.1,0.25,YFQ25161,28.879518072289155
YFQ17076.1,0.16129032258064516,YFQ17076,28.879518072289155
WP_490833183.1,0.16666666666666666,WP_490833183,28.879518072289155
WP_489984873.1,0.20689655172413793,WP_489984873,28.879518072289155
YFC78294.1,0.23076923076923078,YFC78294,28.879518072289155
WP_489060366.1,0.125,WP_489060366,28.879518072289155
WP_488448946.1,0.22727272727272727,WP_488448946,28.879518072289155
WP_488431491.1,0.22727272727272727,WP_488431491,28.879518072289155
WP_488420868.1,0.22727272727272727,WP_488420868,28.879518072289155
WP_488401696.1,0.22727272727272727,WP_488401696,28.879518072289155
KAN9724460.1,0.2903225806451613,KAN9724460,
KAN9722984.1,0.25396825396825395,KAN9722984,
KAN9719353.1,0.2903225806451613,KAN9719353,
KAN9715071.1,0.25396825396825395,KAN9715071,
KAN9706189.1,0.423728813559322,KAN9706189,
KAN9705292.1,0.23809523809523808,KAN9705292,
KAN9705069.1,0.23809523809523808,KAN9705069,
KAN9703652.1,0.27419354838709675,KAN9703652,
KAN9703269.1,0.4067796610169492,KAN9703269,
KAN9702862.1,0.423728813559322,KAN9702862,
KAN9687854.1,0.23809523809523808,KAN9687854,
KAN9683251.1,0.25396825396825395,KAN9683251,
KAN9678469.1,0.23809523809523808,KAN9678469,
KAN9673421.1,0.25396825396825395,KAN9673421,
KAN9671610.1,0.2903225806451613,KAN9671610,
KAN9671093.1,0.38596491228070173,KAN9671093,
KAN9670160.1,0.4067796610169492,KAN9670160,
KAN9663494.1,0.38596491228070173,KAN9663494,
KAN9661302.1,0.25396825396825395,KAN9661302,
KAN9656629.1,0.2903225806451613,KAN9656629,
KAN9652688.1,0.4067796610169492,KAN9652688,
KAN9651980.1,0.2903225806451613,KAN9651980,
KAN9650262.1,0.4067796610169492,KAN9650262,
KAN9649204.1,0.23809523809523808,KAN9649204,
KAN9647141.1,0.2903225806451613,KAN9647141,
KAN9644946.1,0.25396825396825395,KAN9644946,
KAN9642994.1,0.23809523809523808,KAN9642994,
KAN9640928.1,0.38596491228070173,KAN9640928,
KAN9636725.1,0.25396825396825395,KAN9636725,
KAN9635657.1,0.23809523809523808,KAN9635657,
KAN9631596.1,0.38596491228070173,KAN9631596,
KAN9630203.1,0.40350877192982454,KAN9630203,
KAN9626244.1,0.2698412698412698,KAN9626244,
KAN9618320.1,0.38596491228070173,KAN9618320,
KAN9614177.1,0.25396825396825395,KAN9614177,
KAN9613407.1,0.38596491228070173,KAN9613407,
KAN9609556.1,0.2698412698412698,KAN9609556,
KAN9607936.1,0.23809523809523808,KAN9607936,
KAN9607255.1,0.4067796610169492,KAN9607255,
KAN9601627.1,0.25396825396825395,KAN9601627,
KAN9596518.1,0.2857142857142857,KAN9596518,
KAN9595482.1,0.38596491228070173,KAN9595482,
KAN9591866.1,0.2698412698412698,KAN9591866,
KAN9583386.1,0.25396825396825395,KAN9583386,
KAN9582749.1,0.23809523809523808,KAN9582749,
KAN9582183.1,0.4067796610169492,KAN9582183,
KAN9582077.1,0.4067796610169492,KAN9582077,
KAN9576474.1,0.38596491228070173,KAN9576474,
KAN9573741.1,0.4067796610169492,KAN9573741,
KAN9572388.1,0.23809523809523808,KAN9572388,
KAN9571734.1,0.38596491228070173,KAN9571734,
KAN9568022.1,0.25396825396825395,KAN9568022,
KAN9559316.1,0.25396825396825395,KAN9559316,
KAN9550642.1,0.2903225806451613,KAN9550642,
KAN9547710.1,0.23809523809523808,KAN9547710,
KAN9546651.1,0.2903225806451613,KAN9546651,
KAN9544929.1,0.25396825396825395,KAN9544929,
KAN9538495.1,0.2903225806451613,KAN9538495,
KAN9537986.1,0.25396825396825395,KAN9537986,
KAN9536477.1,0.23809523809523808,KAN9536477,
KAN9532001.1,0.4067796610169492,KAN9532001,
KAN9530829.1,0.23809523809523808,KAN9530829,
KAN9528483.1,0.38596491228070173,KAN9528483,
KAN9525690.1,0.38596491228070173,KAN9525690,
KAN9524123.1,0.4067796610169492,KAN9524123,
KAN9522415.1,0.4067796610169492,KAN9522415,
KAN9522329.1,0.38596491228070173,KAN9522329,
KAN9515741.1,0.2903225806451613,KAN9515741,
KAN9513676.1,0.25396825396825395,KAN9513676,
KAN9510147.1,0.25396825396825395,KAN9510147,
KAN9506094.1,0.23809523809523808,KAN9506094,
KAN9502697.1,0.23809523809523808,KAN9502697,
KAN9501710.1,0.2903225806451613,KAN9501710,
KAN9496913.1,0.25396825396825395,KAN9496913,
KAN9492693.1,0.4067796610169492,KAN9492693,
KAN9490385.1,0.3953488372093023,KAN9490385,
KAN9489277.1,0.23809523809523808,KAN9489277,
KAN9484701.1,0.38596491228070173,KAN9484701,
KAN9483453.1,0.38596491228070173,KAN9483453,
KAN9480911.1,0.38596491228070173,KAN9480911,
KAN9479233.1,0.4067796610169492,KAN9479233,
KAN9476865.1,0.2903225806451613,KAN9476865,
KAN9476254.1,0.2903225806451613,KAN9476254,
KAN9472248.1,0.25396825396825395,KAN9472248,
KAN9469185.1,0.25396825396825395,KAN9469185,
KAN9464467.1,0.4067796610169492,KAN9464467,
KAN9459572.1,0.4067796610169492,KAN9459572,
KAN9459484.1,0.23809523809523808,KAN9459484,
KAN9453219.1,0.2903225806451613,KAN9453219,
KAN9450776.1,0.23809523809523808,KAN9450776,
KAN9449638.1,0.25396825396825395,KAN9449638,
KAN9449261.1,0.38596491228070173,KAN9449261,
KAN9447846.1,0.38596491228070173,KAN9447846,
KAN9443757.1,0.23809523809523808,KAN9443757,
KAN9438116.1,0.2698412698412698,KAN9438116,
KAN9434714.1,0.4067796610169492,KAN9434714,
KAN9426404.1,0.38596491228070173,KAN9426404,
KAN9421671.1,0.25396825396825395,KAN9421671,
KAN9417602.1,0.4067796610169492,KAN9417602,
KAN9416672.1,0.38596491228070173,KAN9416672,
KAN9412276.1,0.2698412698412698,KAN9412276,
KAN9403641.1,0.2698412698412698,KAN9403641,
KAN9403106.1,0.25396825396825395,KAN9403106,
KAN9401156.1,0.4067796610169492,KAN9401156,
KAN9393992.1,0.25396825396825395,KAN9393992,
KAN9389563.1,0.4067796610169492,KAN9389563,
KAN9388420.1,0.38596491228070173,KAN9388420,
KAN9387016.1,0.2903225806451613,KAN9387016,
KAN9382937.1,0.25396825396825395,KAN9382937,
KAN9379995.1,0.38596491228070173,KAN9379995,
KAN9363327.1,0.25396825396825395,KAN9363327,
KAN9362837.1,0.4067796610169492,KAN9362837,
KAN9361022.1,0.25396825396825395,KAN9361022,
KAN9360230.1,0.3793103448275862,KAN9360230,
KAN9359343.1,0.23809523809523808,KAN9359343,
KAN9358672.1,0.2698412698412698,KAN9358672,
KAN9356336.1,0.4067796610169492,KAN9356336,
KAN9355212.1,0.38596491228070173,KAN9355212,
KAN9349209.1,0.26785714285714285,KAN9349209,
KAN9344865.1,0.4067796610169492,KAN9344865,
KAN9341339.1,0.3793103448275862,KAN9341339,
KAN9340920.1,0.23809523809523808,KAN9340920,
KAN9334862.1,0.37209302325581395,KAN9334862,
KAN9334335.1,0.2698412698412698,KAN9334335,
KAN9333930.1,0.25396825396825395,KAN9333930,
KAN9329253.1,0.3898305084745763,KAN9329253,
KAN9328072.1,0.2698412698412698,KAN9328072,
KAN9327853.1,0.25396825396825395,KAN9327853,
KAN9311915.1,0.2903225806451613,KAN9311915,
KAN9306394.1,0.23809523809523808,KAN9306394,
KAN9305392.1,0.40350877192982454,KAN9305392,
KAN9303884.1,0.25396825396825395,KAN9303884,
KAN9301802.1,0.38596491228070173,KAN9301802,
KAN9296861.1,0.2903225806451613,KAN9296861,
KAN9291263.1,0.2903225806451613,KAN9291263,
KAN9287883.1,0.23809523809523808,KAN9287883,
KAN9284644.1,0.4067796610169492,KAN9284644,
KAN9279485.1,0.25396825396825395,KAN9279485,
KAN9277015.1,0.38596491228070173,KAN9277015,
KAN9270616.1,0.23809523809523808,KAN9270616,
KAN9270248.1,0.40350877192982454,KAN9270248,
KAN9269667.1,0.25396825396825395,KAN9269667,
KAN9268489.1,0.4067796610169492,KAN9268489,
KAN9265346.1,0.25396825396825395,KAN9265346,
KAN9262159.1,0.38596491228070173,KAN9262159,
KAN9260649.1,0.2786885245901639,KAN9260649,
KAN9258690.1,0.26785714285714285,KAN9258690,
KAN9252361.1,0.38596491228070173,KAN9252361,
KAN9250925.1,0.38596491228070173,KAN9250925,
KAN9246927.1,0.2903225806451613,KAN9246927,
KAN9246395.1,0.2222222222222222,KAN9246395,
KAN9242750.1,0.2786885245901639,KAN9242750,
KAN9235151.1,0.38596491228070173,KAN9235151,
KAN9233944.1,0.4067796610169492,KAN9233944,
KAN9229763.1,0.4067796610169492,KAN9229763,
KAN9226919.1,0.23809523809523808,KAN9226919,
KAN9226732.1,0.2222222222222222,KAN9226732,
KAN9224280.1,0.25396825396825395,KAN9224280,
KAN9218271.1,0.2698412698412698,KAN9218271,
KAN9218114.1,0.4067796610169492,KAN9218114,
KAN9205908.1,0.2903225806451613,KAN9205908,
KAN9202213.1,0.4067796610169492,KAN9202213,
KAN9201062.1,0.38596491228070173,KAN9201062,
KAN9196216.1,0.38596491228070173,KAN9196216,
KAN9195860.1,0.25396825396825395,KAN9195860,
KAN9187182.1,0.40350877192982454,KAN9187182,
KAN9184753.1,0.2903225806451613,KAN9184753,
KAN9182114.1,0.38596491228070173,KAN9182114,
KAN9181467.1,0.25396825396825395,KAN9181467,
KAN9178742.1,0.2698412698412698,KAN9178742,
KAN9173534.1,0.25396825396825395,KAN9173534,
KAN9164241.1,0.38596491228070173,KAN9164241,
KAN9160386.1,0.4067796610169492,KAN9160386,
KAN9157250.1,0.4067796610169492,KAN9157250,
KAN9153434.1,0.2698412698412698,KAN9153434,
KAN9149787.1,0.25396825396825395,KAN9149787,
KAN9146033.1,0.38596491228070173,KAN9146033,
KAN9144439.1,0.4067796610169492,KAN9144439,
KAN9140303.1,0.25,KAN9140303,
KAN9134385.1,0.3,KAN9134385,
KAN9132808.1,0.25396825396825395,KAN9132808,
KAN9126604.1,0.4067796610169492,KAN9126604,
KAN9126397.1,0.2903225806451613,KAN9126397,
KAN9118974.1,0.29508196721311475,KAN9118974,
KAN9117381.1,0.25396825396825395,KAN9117381,
KAN9112722.1,0.25396825396825395,KAN9112722,
KAN9112533.1,0.39285714285714285,KAN9112533,
KAN9110241.1,0.23809523809523808,KAN9110241,
KAN9106279.1,0.38596491228070173,KAN9106279,
KAN9105627.1,0.38596491228070173,KAN9105627,
KAN9105238.1,0.23809523809523808,KAN9105238,
KAN9103678.1,0.4067796610169492,KAN9103678,
KAN9099968.1,0.25396825396825395,KAN9099968,
KAN9087383.1,0.4067796610169492,KAN9087383,
KAN9085592.1,0.23809523809523808,KAN9085592,
KAN9084974.1,0.4067796610169492,KAN9084974,
KAN9081417.1,0.2698412698412698,KAN9081417,
KAN9076608.1,0.38596491228070173,KAN9076608,
KAN9075496.1,0.2857142857142857,KAN9075496,
KAN9070660.1,0.4067796610169492,KAN9070660,
KAN9067921.1,0.4067796610169492,KAN9067921,
KAN9064513.1,0.25,KAN9064513,
KAN9062277.1,0.39285714285714285,KAN9062277,
KAN9062182.1,0.2698412698412698,KAN9062182,
KAN9061885.1,0.23809523809523808,KAN9061885,
KAN9057047.1,0.25396825396825395,KAN9057047,
KAN9046499.1,0.3,KAN9046499,
KAN9042612.1,0.25396825396825395,KAN9042612,
KAN9041639.1,0.4067796610169492,KAN9041639,
KAN9035696.1,0.25396825396825395,KAN9035696,
KAN9034757.1,0.29508196721311475,KAN9034757,
KAN9033446.1,0.38596491228070173,KAN9033446,
KAN9032459.1,0.23809523809523808,KAN9032459,
KAN9025181.1,0.25396825396825395,KAN9025181,
KAN9015446.1,0.23809523809523808,KAN9015446,
KAN9015224.1,0.4067796610169492,KAN9015224,
KAN9012337.1,0.39285714285714285,KAN9012337,
KAN9011888.1,0.38596491228070173,KAN9011888,
KAN9010335.1,0.2698412698412698,KAN9010335,
KAN9009595.1,0.4067796610169492,KAN9009595,
KAN9000064.1,0.25396825396825395,KAN9000064,
KAN8996042.1,0.2698412698412698,KAN8996042,
KAN8993117.1,0.25396825396825395,KAN8993117,
KAN8989203.1,0.4067796610169492,KAN8989203,
KAN8988820.1,0.4067796610169492,KAN8988820,
KAN8987137.1,0.2698412698412698,KAN8987137,
KAN8985738.1,0.23809523809523808,KAN8985738,
KAN8976467.1,0.39285714285714285,KAN8976467,
KAN8975764.1,0.38596491228070173,KAN8975764,
KAN8967678.1,0.38596491228070173,KAN8967678,
KAN8960987.1,0.23809523809523808,KAN8960987,
KAN8958632.1,0.2698412698412698,KAN8958632,
KAN8953001.1,0.25396825396825395,KAN8953001,
KAN8950477.1,0.4067796610169492,KAN8950477,
KAN8945738.1,0.40350877192982454,KAN8945738,
KAN8943873.1,0.4067796610169492,KAN8943873,
KAN8943244.1,0.25396825396825395,KAN8943244,
KAN8943000.1,0.39285714285714285,KAN8943000,
KAN8940967.1,0.2698412698412698,KAN8940967,
KAN8932430.1,0.38596491228070173,KAN8932430,
KAN8924148.1,0.38596491228070173,KAN8924148,
KAN8922541.1,0.4067796610169492,KAN8922541,
KAN8921393.1,0.25396825396825395,KAN8921393,
KAN8920830.1,0.2698412698412698,KAN8920830,
KAN8916882.1,0.2903225806451613,KAN8916882,
KAN8913245.1,0.2698412698412698,KAN8913245,
KAN8907048.1,0.38596491228070173,KAN8907048,
KAN8905054.1,0.4067796610169492,KAN8905054,
KAN8903829.1,0.25396825396825395,KAN8903829,
KAN8895971.1,0.4067796610169492,KAN8895971,
KAN8894640.1,0.2698412698412698,KAN8894640,
KAN8894239.1,0.25396825396825395,KAN8894239,
KAN8883671.1,0.38596491228070173,KAN8883671,
KAN8882919.1,0.25396825396825395,KAN8882919,
KAN8879625.1,0.25396825396825395,KAN8879625,
KAN8878244.1,0.40384615384615385,KAN8878244,
KAN8875137.1,0.2698412698412698,KAN8875137,
KAN8868907.1,0.40350877192982454,KAN8868907,
KAN8866467.1,0.38596491228070173,KAN8866467,
KAN8860161.1,0.25396825396825395,KAN8860161,
KAN8854989.1,0.25396825396825395,KAN8854989,
KAN8854191.1,0.2698412698412698,KAN8854191,
KAN8852885.1,0.2903225806451613,KAN8852885,
KAN8852068.1,0.25396825396825395,KAN8852068,
KAN8851977.1,0.40384615384615385,KAN8851977,
KAN8840965.1,0.25,KAN8840965,
KAN8836086.1,0.38596491228070173,KAN8836086,
KAN8829913.1,0.4067796610169492,KAN8829913,
KAN8828900.1,0.2698412698412698,KAN8828900,
KAN8826142.1,0.25396825396825395,KAN8826142,
KAN8817307.1,0.2903225806451613,KAN8817307,
KAN8814360.1,0.2698412698412698,KAN8814360,
KAN8808855.1,0.25396825396825395,KAN8808855,
KAN8806140.1,0.3953488372093023,KAN8806140,
KAN8803722.1,0.4067796610169492,KAN8803722,
KAN8798137.1,0.25396825396825395,KAN8798137,
KAN8795609.1,0.25396825396825395,KAN8795609,
KAN8794480.1,0.40350877192982454,KAN8794480,
KAN8793163.1,0.38596491228070173,KAN8793163,
KAN8792524.1,0.38596491228070173,KAN8792524,
CAQ9736511.1,0.32608695652173914,CAQ9736511,25.326190476190476
CAR3355026.1,0.3333333333333333,CAR3355026,
CAR3389117.1,0.3076923076923077,CAR3389117,
CAQ9727366.1,0.36065573770491804,CAQ9727366,30.75
CAQ8760408.1,0.3090909090909091,CAQ8760408,25.326190476190476
CAQ2034896.1,0.2857142857142857,CAQ2034896,
CAQ1451020.1,0.4262295081967213,CAQ1451020,34.285714285714285
CAR1604122.1,0.23214285714285715,CAR1604122,36.0
WP_481395440.1,0.2647058823529412,WP_481395440,28.879518072289155
CAR1294953.1,0.45901639344262296,CAR1294953,33.62558139534884
CAR1272059.1,0.43548387096774194,CAR1272059,37.0
CAR1248110.1,0.4074074074074074,CAR1248110,33.62558139534884
CAR1275761.1,0.4074074074074074,CAR1275761,33.62558139534884
WP_102614236.1,0.18181818181818182,WP_102614236,28.879518072289155
KAN5261177.1,0.24528301886792453,KAN5261177,
KAN5257714.1,0.3620689655172414,KAN5257714,
KAN5251600.1,0.14754098360655737,KAN5251600,
KAN5251310.1,0.24528301886792453,KAN5251310,
KAN5249353.1,0.32075471698113206,KAN5249353,
KAN5242759.1,0.26666666666666666,KAN5242759,
KAN5241082.1,0.24074074074074073,KAN5241082,
KAN5240556.1,0.3793103448275862,KAN5240556,
KAN5240282.1,0.39655172413793105,KAN5240282,
KAN5239451.1,0.1864406779661017,KAN5239451,
KAN5237069.1,0.3620689655172414,KAN5237069,
KAN5235007.1,0.24074074074074073,KAN5235007,
KAN5231938.1,0.5,KAN5231938,
KAN5225982.1,0.3620689655172414,KAN5225982,
KAN5224046.1,0.37735849056603776,KAN5224046,
KAN5223967.1,0.24528301886792453,KAN5223967,
KAN5220487.1,0.22641509433962265,KAN5220487,
KAN5220399.1,0.3448275862068966,KAN5220399,
KAN5213628.1,0.3620689655172414,KAN5213628,
KAN5208176.1,0.35,KAN5208176,
KAN5207344.1,0.3793103448275862,KAN5207344,
KAN5192427.1,0.35,KAN5192427,
KAN5189123.1,0.39655172413793105,KAN5189123,
KAN5186108.1,0.3793103448275862,KAN5186108,
KAN5179232.1,0.36363636363636365,KAN5179232,
KAN5176757.1,0.24074074074074073,KAN5176757,
KAN5176311.1,0.38333333333333336,KAN5176311,
KAN5168905.1,0.3793103448275862,KAN5168905,
KAN5167922.1,0.3728813559322034,KAN5167922,
KAN5165939.1,0.13333333333333333,KAN5165939,
KAN5158476.1,0.24074074074074073,KAN5158476,
KAN5155002.1,0.3620689655172414,KAN5155002,
KAN5148457.1,0.39655172413793105,KAN5148457,
KAN5143765.1,0.2222222222222222,KAN5143765,
KAN5141004.1,0.3620689655172414,KAN5141004,
A0A023VXA2.1,0.25806451612903225,A0A023VXA2,29.0
P58599.1,0.1746031746031746,P58599,
P15704.1,0.36363636363636365,P15704,34.070945945945944
P06564.1,0.45,P06564,
P07983.2,0.4074074074074074,P07983,29.0
WP_476308614.1,0.16666666666666666,WP_476308614,28.879518072289155
WP_476303578.1,0.23076923076923078,WP_476303578,28.879518072289155
WP_476249660.1,0.15625,WP_476249660,28.879518072289155
WP_101158858.1,0.16666666666666666,WP_101158858,28.879518072289155
P07982.1,0.11864406779661017,P07982,
P10475.1,0.42592592592592593,P10475,29.0
P16216.1,0.42857142857142855,P16216,
WP_474320660.1,0.2,WP_474320660,28.879518072289155
WP_472510166.1,0.16666666666666666,WP_472510166,31.5
WP_472508925.1,0.16666666666666666,WP_472508925,31.5
WP_122508323.1,0.16666666666666666,WP_122508323,28.879518072289155
WP_471877530.1,0.2,WP_471877530,28.879518072289155
WP_223526411.1,0.2857142857142857,WP_223526411,
YDE66953.1,0.3492063492063492,YDE66953,
WP_463552681.1,0.13333333333333333,WP_463552681,28.879518072289155
WP_463549214.1,0.16666666666666666,WP_463549214,28.879518072289155
XP_065460616.1,0.23255813953488372,XP_065460616,
XP_057135862.1,0.2545454545454545,XP_057135862,
XP_057115925.1,0.2,XP_057115925,
XP_056493740.1,0.21818181818181817,XP_056493740,
CAN6951768.1,0.2903225806451613,CAN6951768,30.583333333333332
CAN9029758.1,0.2903225806451613,CAN9029758,30.583333333333332
WP_462049588.1,0.18181818181818182,WP_462049588,28.879518072289155
WP_462045413.1,0.2962962962962963,WP_462045413,28.879518072289155
WP_462034547.1,0.18181818181818182,WP_462034547,28.879518072289155
WP_461972774.1,0.17391304347826086,WP_461972774,28.879518072289155
WP_461964564.1,0.18181818181818182,WP_461964564,28.879518072289155
WP_461960323.1,0.20833333333333334,WP_461960323,28.879518072289155
WP_460120378.1,0.16666666666666666,WP_460120378,
WP_460109419.1,0.16279069767441862,WP_460109419,
WP_341637066.1,0.16666666666666666,WP_341637066,
WP_460161110.1,0.16666666666666666,WP_460161110,28.879518072289155
WP_460062167.1,0.15625,WP_460062167,28.879518072289155
A0A024SH20.1,0.11864406779661017,A0A024SH20,
P19487.2,0.15873015873015872,P19487,28.0
P23548.2,0.22580645161290322,P23548,31.26502732240437
P17974.2,0.16129032258064516,P17974,
P19424.1,0.39344262295081966,P19424,33.62558139534884
P27035.2,0.38181818181818183,P27035,29.45751633986928
P23549.1,0.42592592592592593,P23549,29.0
YCP35212.1,0.17777777777777778,YCP35212,28.879518072289155
YCP43905.1,0.17777777777777778,YCP43905,28.879518072289155
WP_458974158.1,0.2608695652173913,WP_458974158,28.879518072289155
WP_458959941.1,0.23076923076923078,WP_458959941,28.879518072289155
WP_458944853.1,0.2608695652173913,WP_458944853,28.879518072289155
GAL13555.1,0.32,GAL13555,30.0
WP_457373802.1,0.13333333333333333,WP_457373802,28.879518072289155
WP_457262544.1,0.16666666666666666,WP_457262544,28.879518072289155
YBZ68765.1,0.42592592592592593,YBZ68765,29.0
WP_455806953.1,0.16279069767441862,WP_455806953,28.879518072289155
WP_130208870.1,0.2608695652173913,WP_130208870,28.879518072289155
WP_414955397.1,0.20588235294117646,WP_414955397,28.083333333333332
WP_449105812.1,0.2608695652173913,WP_449105812,28.879518072289155
WP_448646956.1,0.2608695652173913,WP_448646956,28.879518072289155
WP_448090787.1,0.16129032258064516,WP_448090787,28.879518072289155
WP_447798216.1,0.16666666666666666,WP_447798216,31.5
ATL86941.1,0.25,ATL86941,29.45751633986928
YAI13659.1,0.25806451612903225,YAI13659,28.879518072289155
YAC29695.1,0.17857142857142858,YAC29695,28.879518072289155
XZA69765.1,0.2037037037037037,XZA69765,28.879518072289155
XYT23942.1,0.2037037037037037,XYT23942,28.879518072289155
XYC46423.1,0.1774193548387097,XYC46423,28.879518072289155
WP_436274187.1,0.20833333333333334,WP_436274187,28.879518072289155
CAN7570532.1,0.20833333333333334,CAN7570532,28.879518072289155
XXL57363.1,0.2037037037037037,XXL57363,28.879518072289155
WP_434766187.1,0.16666666666666666,WP_434766187,28.879518072289155
XWZ74100.1,0.36363636363636365,XWZ74100,29.45751633986928
KAL6983799.1,0.2037037037037037,KAL6983799,
KAL6979532.1,0.15517241379310345,KAL6979532,
CAL2067814.1,0.125,CAL2067814,29.45751633986928
CAL2074298.1,0.125,CAL2074298,29.45751633986928
ABV98267.1,0.33962264150943394,ABV98267,24.0
WP_427573553.1,0.19230769230769232,WP_427573553,28.879518072289155
WP_426619562.1,0.13333333333333333,WP_426619562,28.879518072289155
WP_425643848.1,0.2,WP_425643848,28.879518072289155
XSA48013.1,0.13333333333333333,XSA48013,28.879518072289155
BCE03288.1,0.22950819672131148,BCE03288,
BCE02488.1,0.41818181818181815,BCE02488,
XRA47969.1,0.22727272727272727,XRA47969,28.879518072289155
WP_346622937.1,0.16666666666666666,WP_346622937,28.879518072289155
WP_419711135.1,0.1276595744680851,WP_419711135,28.879518072289155
XPS02465.1,0.1276595744680851,XPS02465,28.879518072289155
WP_348969897.1,0.1875,WP_348969897,28.879518072289155
XBL93930.1,0.1875,XBL93930,28.879518072289155
GAA5264582.1,0.1724137931034483,GAA5264582,29.5
WP_415767262.1,0.19047619047619047,WP_415767262,28.879518072289155
CAM3722765.1,0.16393442622950818,CAM3722765,30.0
WP_415263941.1,0.19047619047619047,WP_415263941,28.879518072289155
CAM3357822.1,0.21739130434782608,CAM3357822,30.0
CAI8726239.1,0.19047619047619047,CAI8726239,28.879518072289155
CAI8894440.1,0.3,CAI8894440,28.879518072289155
CAI8834081.1,0.2037037037037037,CAI8834081,28.879518072289155
CAI8840144.1,0.19047619047619047,CAI8840144,28.879518072289155
CAI8803944.1,0.2,CAI8803944,28.879518072289155
CAI8893189.1,0.2962962962962963,CAI8893189,33.62558139534884
CAI8821490.1,0.3018867924528302,CAI8821490,28.162295081967216
CAI8792356.1,0.45901639344262296,CAI8792356,33.62558139534884
CAI8768062.1,0.4,CAI8768062,33.62558139534884
CAI8892885.1,0.3333333333333333,CAI8892885,28.0
CAI8785432.1,0.45901639344262296,CAI8785432,33.62558139534884
CAI8762520.1,0.4,CAI8762520,33.62558139534884
CAI8725077.1,0.4074074074074074,CAI8725077,33.62558139534884
CAI8835145.1,0.3333333333333333,CAI8835145,28.0
KAL4418084.1,0.3684210526315789,KAL4418084,
CAM2146313.1,0.4074074074074074,CAM2146313,30.0
XLW97529.1,0.18181818181818182,XLW97529,28.879518072289155
CAM1373522.1,0.2545454545454545,CAM1373522,29.0
XKS89985.1,0.2,XKS89985,28.879518072289155
WP_140681206.1,0.2727272727272727,WP_140681206,30.0
XKR13754.1,0.15625,XKR13754,28.879518072289155
WP_404671274.1,0.15517241379310345,WP_404671274,28.879518072289155
WP_221733201.1,0.1702127659574468,WP_221733201,28.879518072289155
WP_403137841.1,0.20833333333333334,WP_403137841,28.879518072289155
WP_401387414.1,0.18,WP_401387414,28.879518072289155
WP_401315093.1,0.15,WP_401315093,28.879518072289155
WP_401310601.1,0.13636363636363635,WP_401310601,28.879518072289155
WP_401239567.1,0.13333333333333333,WP_401239567,28.879518072289155
WP_400694742.1,0.24,WP_400694742,28.879518072289155
WP_400554955.1,0.16666666666666666,WP_400554955,28.879518072289155
WP_400502193.1,0.16666666666666666,WP_400502193,28.879518072289155
WP_397478716.1,0.16129032258064516,WP_397478716,
XIH52296.1,0.4482758620689655,XIH52296,
XIH42537.1,0.5087719298245614,XIH42537,
XIH71839.1,0.42105263157894735,XIH71839,
XIG91236.1,0.4339622641509434,XIG91236,
XIG89020.1,0.43137254901960786,XIG89020,
WP_392887504.1,0.20454545454545456,WP_392887504,28.879518072289155
BAA12676.1,0.1935483870967742,BAA12676,
XIE43612.1,0.20454545454545456,XIE43612,28.879518072289155
WP_390955479.1,0.13333333333333333,WP_390955479,28.879518072289155
XHO07589.1,0.19047619047619047,XHO07589,
XHI67015.1,0.16666666666666666,XHI67015,28.0
XHI67014.1,0.21666666666666667,XHI67014,28.0
XHI67013.1,0.25396825396825395,XHI67013,28.0
WP_375122444.1,0.16666666666666666,WP_375122444,28.879518072289155
XGZ18507.1,0.16666666666666666,XGZ18507,28.879518072289155
CDN41871.1,0.3392857142857143,CDN41871,31.26502732240437
XDZ54946.1,0.32075471698113206,XDZ54946,25.0
BES79750.1,0.4074074074074074,BES79750,33.62558139534884
XGB13325.1,0.13333333333333333,XGB13325,28.879518072289155
XET69213.1,0.17647058823529413,XET69213,28.879518072289155
KAL1565230.1,0.22413793103448276,KAL1565230,
KAL1565229.1,0.27450980392156865,KAL1565229,
KAL1551968.1,0.3559322033898305,KAL1551968,
KAL1551967.1,0.3389830508474576,KAL1551967,
KAL1551966.1,0.3076923076923077,KAL1551966,
KAL1551964.1,0.25,KAL1551964,
KAL1551963.1,0.25,KAL1551963,
KAL1551962.1,0.288135593220339,KAL1551962,
KAL1551961.1,0.288135593220339,KAL1551961,
KAL1551960.1,0.27586206896551724,KAL1551960,
KAL1532747.1,0.22807017543859648,KAL1532747,
WP_369991810.1,0.16981132075471697,WP_369991810,28.879518072289155
AWM35364.1,0.39622641509433965,AWM35364,15.0
XP_066732524.1,0.26,XP_066732524,
XP_066734795.1,0.16279069767441862,XP_066734795,
XP_066661595.1,0.21951219512195122,XP_066661595,
XDC06972.1,0.1774193548387097,XDC06972,28.879518072289155
XDA16208.1,0.19047619047619047,XDA16208,28.879518072289155
XCG98628.1,0.4,XCG98628,33.62558139534884
XCG76920.1,0.22727272727272727,XCG76920,28.879518072289155
WP_073471427.1,0.16666666666666666,WP_073471427,28.879518072289155
WP_350482927.1,0.16666666666666666,WP_350482927,28.879518072289155
XBT46226.1,0.19047619047619047,XBT46226,28.879518072289155
WP_348122910.1,0.13636363636363635,WP_348122910,28.879518072289155
WP_347804478.1,0.20833333333333334,WP_347804478,28.879518072289155
XAR70241.1,0.288135593220339,XAR70241,
XAR70239.1,0.288135593220339,XAR70239,
XAR64472.1,0.25,XAR64472,
KAK8123308.1,0.26,KAK8123308,
KAK8119601.1,0.16279069767441862,KAK8119601,
KAK8117328.1,0.26,KAK8117328,
KAK8109319.1,0.24242424242424243,KAK8109319,
KAK8105304.1,0.16279069767441862,KAK8105304,
KAK8062996.1,0.21951219512195122,KAK8062996,
KAK8057012.1,0.24242424242424243,KAK8057012,
KAK8036289.1,0.1951219512195122,KAK8036289,
KAK7990279.1,0.2222222222222222,KAK7990279,
KAK7990253.1,0.24242424242424243,KAK7990253,
AOK31304.1,0.2708333333333333,AOK31304,32.25
KAK7445545.1,0.3684210526315789,KAK7445545,
KAK7253611.1,0.375,KAK7253611,
KAK7182785.1,0.21875,KAK7182785,
KAK6852268.1,0.2222222222222222,KAK6852268,
WWP10139.1,0.2037037037037037,WWP10139,28.879518072289155
KAK6450073.1,0.2833333333333333,KAK6450073,
KAK6445719.1,0.3157894736842105,KAK6445719,
WP_333714163.1,0.16666666666666666,WP_333714163,31.5
WRK65563.1,0.45614035087719296,WRK65563,
KAK6206750.1,0.27586206896551724,KAK6206750,
KAK6088924.1,0.29411764705882354,KAK6088924,
KAK6070809.1,0.29411764705882354,KAK6070809,
WVX03762.1,0.13333333333333333,WVX03762,28.879518072289155
WVV61605.1,0.17647058823529413,WVV61605,28.879518072289155
XP_013326293.1,0.15873015873015872,XP_013326293,
XP_013323622.1,0.29508196721311475,XP_013323622,
WVM64570.1,0.13333333333333333,WVM64570,28.879518072289155
WP_329696582.1,0.16326530612244897,WP_329696582,28.879518072289155
WP_329517371.1,0.16666666666666666,WP_329517371,31.5
WP_325717075.1,0.13793103448275862,WP_325717075,28.879518072289155
WP_325322865.1,0.16363636363636364,WP_325322865,28.879518072289155
CAK7258616.1,0.45614035087719296,CAK7258616,29.666666666666668
WRW01298.1,0.13333333333333333,WRW01298,28.879518072289155
WRM49288.1,0.26785714285714285,WRM49288,
KAK4687586.1,0.3559322033898305,KAK4687586,
WCQ93470.1,0.43636363636363634,WCQ93470,32.375
WCQ91245.1,0.15254237288135594,WCQ91245,32.375
WP_323164802.1,0.13636363636363635,WP_323164802,28.879518072289155
XP_008594636.1,0.3,XP_008594636,
XP_036531494.1,0.25862068965517243,XP_036531494,
XP_036537752.1,0.2711864406779661,XP_036537752,
XP_007817187.1,0.2830188679245283,XP_007817187,
WP_322948140.1,0.13636363636363635,WP_322948140,28.879518072289155
XP_016582695.1,0.3888888888888889,XP_016582695,
CAK4022690.1,0.45454545454545453,CAK4022690,
CAK4029967.1,0.2698412698412698,CAK4029967,
CAK4032617.1,0.2857142857142857,CAK4032617,
CAK4033692.1,0.3,CAK4033692,
CAQ5375801.1,0.6551724137931034,CAQ5375801,80.0
CAQ5375800.1,0.4918032786885246,CAQ5375800,80.0
XAI72224.1,0.25806451612903225,XAI72224,66.94117647058823
GIO11309.1,0.27419354838709675,GIO11309,31.130434782608695
GAE88280.1,0.21428571428571427,GAE88280,
GAE88377.1,0.2857142857142857,GAE88377,
GAE88376.1,0.23529411764705882,GAE88376,
GAE90193.1,0.5357142857142857,GAE90193,
GAE90522.1,0.3333333333333333,GAE90522,
GAE90520.1,0.21621621621621623,GAE90520,
BCS82199.1,0.5254237288135594,BCS82199,
UXF00194.1,0.6290322580645161,UXF00194,65.0
AKE31378.1,0.4918032786885246,AKE31378,80.0
AKE31377.1,0.6551724137931034,AKE31377,80.0
AKE29507.1,0.4918032786885246,AKE29507,80.0
AKE29506.1,0.6551724137931034,AKE29506,80.0
AKE27634.1,0.4918032786885246,AKE27634,80.0
AKE27633.1,0.6551724137931034,AKE27633,80.0
KAF2962237.1,0.6885245901639344,KAF2962237,71.85714285714286
TYQ17724.1,0.3333333333333333,TYQ17724,
TYQ15182.1,0.3269230769230769,TYQ15182,
TYQ14912.1,0.359375,TYQ14912,
THF75155.1,0.14814814814814814,THF75155,31.130434782608695
TCO66343.1,0.47368421052631576,TCO66343,65.0
QAV33433.1,0.65,QAV33433,77.5
RXE60716.1,0.4406779661016949,RXE60716,
RXE60320.1,0.25396825396825395,RXE60320,
RXE60218.1,0.23809523809523808,RXE60218,
RXE58124.1,0.22580645161290322,RXE58124,
AZT91215.1,0.5263157894736842,AZT91215,75.0
AZT90847.1,0.32075471698113206,AZT90847,75.0
AZT89324.1,0.576271186440678,AZT89324,75.0
RKP53163.1,0.24193548387096775,RKP53163,31.130434782608695
RKP46756.1,0.4032258064516129,RKP46756,31.130434782608695
RBP57376.1,0.47619047619047616,RBP57376,55.0
PYG90198.1,0.3548387096774194,PYG90198,
PYG87806.1,0.4838709677419355,PYG87806,
PRX67911.1,0.35,PRX67911,31.130434782608695
PQQ68369.1,0.42857142857142855,PQQ68369,
PQQ67260.1,0.265625,PQQ67260,
PQQ66693.1,0.23809523809523808,PQQ66693,
PPS95275.1,0.29508196721311475,PPS95275,43.75
PPS91825.1,0.36363636363636365,PPS91825,43.75
PNV79222.1,0.6557377049180327,PNV79222,78.0
PNV79221.1,0.6833333333333333,PNV79221,78.0
PNV79220.1,0.46774193548387094,PNV79220,78.0
PNV79077.1,0.6333333333333333,PNV79077,78.0
PMQ01279.1,0.40384615384615385,PMQ01279,78.0
PMQ00777.1,0.7377049180327869,PMQ00777,78.0
ODN31056.1,0.6166666666666667,ODN31056,79.0
PHJ14512.1,0.6721311475409836,PHJ14512,71.85714285714286
SOD23701.1,0.4406779661016949,SOD23701,
PFH25716.1,0.6491228070175439,PFH25716,79.0
PFH22628.1,0.6491228070175439,PFH22628,79.0
PFH17711.1,0.6491228070175439,PFH17711,79.0
PFH15620.1,0.6491228070175439,PFH15620,79.0
PFH03530.1,0.4406779661016949,PFH03530,
PBD09133.1,0.6491228070175439,PBD09133,79.0
PBD05865.1,0.6491228070175439,PBD05865,79.0
PBD04501.1,0.6491228070175439,PBD04501,79.0
PBC90068.1,0.6491228070175439,PBC90068,79.0
PBC87129.1,0.6491228070175439,PBC87129,79.0
AEV70372.1,0.2153846153846154,AEV70372,
AEV68583.1,0.296875,AEV68583,
AEV67797.1,0.27419354838709675,AEV67797,
AEV67086.1,0.30158730158730157,AEV67086,
ADU75785.1,0.30158730158730157,ADU75785,
ADU75267.1,0.4406779661016949,ADU75267,
ADU75266.1,0.5166666666666667,ADU75266,
ADU74872.1,0.2857142857142857,ADU74872,
ADU74758.1,0.23076923076923078,ADU74758,
ADU74487.1,0.4444444444444444,ADU74487,
ADU73502.1,0.2222222222222222,ADU73502,
ADU73485.1,0.543859649122807,ADU73485,
ACL76673.1,0.26153846153846155,ACL76673,
ACL75458.1,0.30158730158730157,ACL75458,
ACL75216.1,0.3275862068965517,ACL75216,
ACL75118.1,0.3076923076923077,ACL75118,
ACL74811.1,0.4666666666666667,ACL74811,
ABV33417.1,0.30357142857142855,ABV33417,65.0
ABN54070.1,0.2222222222222222,ABN54070,
ABN54006.1,0.543859649122807,ABN54006,
ABN53350.1,0.30158730158730157,ABN53350,
ABN52701.1,0.4406779661016949,ABN52701,
ABN52700.1,0.5166666666666667,ABN52700,
ABN52032.1,0.4444444444444444,ABN52032,
ABN51772.1,0.23076923076923078,ABN51772,
ABN51643.1,0.2857142857142857,ABN51643,
OXS58876.1,0.35714285714285715,OXS58876,31.130434782608695
SMR96764.1,0.6491228070175439,SMR96764,79.0
SMR92453.1,0.6491228070175439,SMR92453,79.0
SMR90007.1,0.6491228070175439,SMR90007,79.0
SMR95244.1,0.6491228070175439,SMR95244,79.0
ARO76321.1,0.6333333333333333,ARO76321,
SLL40035.1,0.6491228070175439,SLL40035,79.0
SKC62770.1,0.6491228070175439,SKC62770,79.0
SKC44333.1,0.6491228070175439,SKC44333,79.0
SKC66892.1,0.6491228070175439,SKC66892,79.0
SHN52027.1,0.6290322580645161,SHN52027,66.5
SDH86387.1,0.65,SDH86387,77.5
ANV77591.1,0.30158730158730157,ANV77591,
ANV77007.1,0.4406779661016949,ANV77007,
ANV77006.1,0.5166666666666667,ANV77006,
ANV76577.1,0.2857142857142857,ANV76577,
ANV76461.1,0.23076923076923078,ANV76461,
ANV76179.1,0.4444444444444444,ANV76179,
ANV75163.1,0.2222222222222222,ANV75163,
ANV75146.1,0.543859649122807,ANV75146,
ALX09817.1,0.30158730158730157,ALX09817,
ALX09255.1,0.4406779661016949,ALX09255,
ALX09254.1,0.5166666666666667,ALX09254,
ALX08827.1,0.2857142857142857,ALX08827,
ALX08709.1,0.23076923076923078,ALX08709,
ALX08430.1,0.4444444444444444,ALX08430,
ALX07424.1,0.2222222222222222,ALX07424,
ALX07407.1,0.543859649122807,ALX07407,
ANE42311.1,0.6557377049180327,ANE42311,71.85714285714286
KUP98038.1,0.29508196721311475,KUP98038,43.75
KUP95310.1,0.32727272727272727,KUP95310,43.75
KUK23833.1,0.49122807017543857,KUK23833,80.0
KUK23832.1,0.6551724137931034,KUK23832,80.0
CAB01405.2,0.6491228070175439,CAB01405,79.0
CUH91792.1,0.2777777777777778,CUH91792,55.0
AHD18355.1,0.6551724137931034,AHD18355,80.0
AHD18354.1,0.4918032786885246,AHD18354,80.0
AFG35892.1,0.6557377049180327,AFG35892,80.0
ACY96946.1,0.25,ACY96946,50.0
AFK87329.1,0.48333333333333334,AFK87329,60.0
AFK85368.1,0.5081967213114754,AFK85368,60.0
CDZ23707.1,0.39344262295081966,CDZ23707,34.070945945945944
ERM91588.1,0.47368421052631576,ERM91588,65.0
ACI19118.1,0.4426229508196721,ACI19118,78.0
ADQ41479.1,0.631578947368421,ADQ41479,66.5
ADQ39796.1,0.5,ADQ39796,66.5
AAD36817.1,0.4918032786885246,AAD36817,80.0
AAD36816.1,0.6551724137931034,AAD36816,80.0
AAM23649.1,0.47368421052631576,AAM23649,65.0
ACM60947.1,0.32075471698113206,ACM60947,79.0
ACM59720.1,0.6491228070175439,ACM59720,79.0
ACM59384.1,0.559322033898305,ACM59384,79.0
ADL69420.1,0.5,ADL69420,58.5
AGL50683.1,0.6551724137931034,AGL50683,80.0
ACY46934.1,0.35714285714285715,ACY46934,65.0
ACK42859.1,0.5555555555555556,ACK42859,78.0
ACK41956.1,0.46774193548387094,ACK41956,78.0
ACK41955.1,0.6833333333333333,ACK41955,78.0
ACK41954.1,0.6557377049180327,ACK41954,78.0
ACK41602.1,0.6333333333333333,ACK41602,78.0
ACB09420.1,0.6551724137931034,ACB09420,73.33333333333333
ACB09419.1,0.49122807017543857,ACB09419,73.33333333333333
ABS61403.1,0.6721311475409836,ABS61403,70.0
ABP66297.1,0.543859649122807,ABP66297,70.0
CDG36136.1,0.5166666666666667,CDG36136,
CDG36664.1,0.30158730158730157,CDG36664,
AEN71978.1,0.35714285714285715,AEN71978,65.0
EPR13549.1,0.3076923076923077,EPR13549,
EPR12956.1,0.24615384615384617,EPR12956,
EPR12097.1,0.30158730158730157,EPR12097,
EPR11470.1,0.49122807017543857,EPR11470,
EOR72053.1,0.36363636363636365,EOR72053,43.75
EOR70177.1,0.29508196721311475,EOR70177,43.75
EMS73525.1,0.23076923076923078,EMS73525,
EMS73472.1,0.234375,EMS73472,
EMS72912.1,0.3559322033898305,EMS72912,
EMS72338.1,0.3333333333333333,EMS72338,
EMS71779.1,0.2692307692307692,EMS71779,
EMS69890.1,0.41379310344827586,EMS69890,
ADQ47167.1,0.55,ADQ47167,70.0
ADQ46879.1,0.6491228070175439,ADQ46879,70.0
ADQ45732.1,0.3269230769230769,ADQ45732,70.0
AEM74681.1,0.4915254237288136,AEM74681,66.5
AEM73020.1,0.631578947368421,AEM73020,66.5
ADQ08066.1,0.5333333333333333,ADQ08066,65.0
ADQ07774.1,0.631578947368421,ADQ07774,65.0
ADQ04043.1,0.6491228070175439,ADQ04043,75.0
ADL41864.1,0.5714285714285714,ADL41864,78.0
EIC05371.1,0.4444444444444444,EIC05371,
EIC05351.1,0.23076923076923078,EIC05351,
EIC05168.1,0.2857142857142857,EIC05168,
EIC04722.1,0.5166666666666667,EIC04722,
EIC04126.1,0.543859649122807,EIC04126,
EIC04109.1,0.2222222222222222,EIC04109,
EIC03668.1,0.30158730158730157,EIC03668,
EGD49658.1,0.23076923076923078,EGD49658,
EGD49416.1,0.296875,EGD49416,
EGD48151.1,0.3620689655172414,EGD48151,
EGD46605.1,0.49122807017543857,EGD46605,
EGD45892.1,0.3076923076923077,EGD45892,
ADO21451.1,0.42592592592592593,ADO21451,62.111111111111114
AAA23225.1,0.4406779661016949,AAA23225,
AAK60011.1,0.24193548387096775,AAK60011,66.94117647058823
AAP56348.1,0.29508196721311475,AAP56348,43.75
BAA00793.1,0.543859649122807,BAA00793,
