col,thermo_charged_frac,meso_charged_frac,delta,p,fdr
46,0.8414634146341463,0.18633540372670807,0.6551280109074382,1.4365152161890875e-23,3.864225931548645e-21
623,0.90625,0.3333333333333333,0.5729166666666667,7.049111513862897e-14,3.7924219944582385e-12
55,0.8202247191011236,0.2696629213483146,0.550561797752809,4.8378640171606584e-18,4.3379514020540573e-16
787,0.6382978723404256,0.13513513513513514,0.5031627372052905,4.898807522946567e-06,3.214095667494211e-05
622,0.9333333333333333,0.44329896907216493,0.4900343642611684,8.141438672892357e-11,1.990951820916404e-09
278,0.725,0.24503311258278146,0.4799668874172185,1.811092158498826e-12,5.902363266667209e-11
520,0.6470588235294118,0.19047619047619047,0.45658263305322133,1.6368032827474135e-09,2.5900004885826717e-08
980,0.898876404494382,0.44776119402985076,0.45111521046453124,1.1050615176877089e-09,1.9817436550532913e-08
825,0.8831168831168831,0.45054945054945056,0.4325674325674325,2.4403353508662132e-09,3.455001102015849e-08
48,0.5465116279069767,0.11428571428571428,0.43222591362126245,2.508868869010842e-13,1.1248095429398607e-11
826,0.6741573033707865,0.24210526315789474,0.4320520402128918,4.3898058862168426e-09,5.904288916961654e-08
1,0.9411764705882353,0.5142857142857142,0.42689075630252105,9.018714668826026e-05,0.00042562004314284225
959,0.8295454545454546,0.4067796610169492,0.4227657935285054,1.5772823053353645e-07,1.414296467117377e-06
15,0.7777777777777778,0.3614457831325301,0.41633199464524767,7.131878588724667e-06,4.4615705589928735e-05
893,0.4897959183673469,0.0851063829787234,0.4046895353886235,1.2252070418805978e-05,7.324015428130686e-05
5,0.8571428571428571,0.4528301886792453,0.4043126684636118,0.00013281151738431132,0.0006159706582134439
633,0.7528089887640449,0.35051546391752575,0.40229352484651915,3.6927380160700155e-08,3.6790612086030894e-07
169,0.5918367346938775,0.19047619047619047,0.4013605442176871,1.7220153981155441e-06,1.2190056370870562e-05
325,0.651685393258427,0.26811594202898553,0.38356945122944147,1.210250801654767e-08,1.4154672419353577e-07
898,0.5256410256410257,0.1509433962264151,0.3746976294146106,1.6936411710362805e-05,9.297744387933867e-05
484,0.4235294117647059,0.053763440860215055,0.3697659709044908,2.364332018862409e-09,3.455001102015849e-08
300,0.5955056179775281,0.2302158273381295,0.3652897906393986,3.3536989332945005e-08,3.469788511754695e-07
297,0.75,0.38620689655172413,0.36379310344827587,9.072581599546094e-08,8.415601552682412e-07
916,0.7528089887640449,0.391304347826087,0.3615046409379579,1.2038454914363998e-06,8.995401033233099e-06
897,0.5686274509803921,0.20754716981132076,0.36108028116907137,0.0002424705009621531,0.0010424001729541796
910,0.6853932584269663,0.32608695652173914,0.35930630190522717,1.6336918194610868e-06,1.1877381065811686e-05
276,0.48717948717948717,0.1390728476821192,0.348106639497368,2.7500000803816246e-08,2.959000086490628e-07
193,0.43820224719101125,0.09340659340659341,0.34479565378441784,1.9799487676993106e-10,4.149760571054818e-09
900,0.6551724137931034,0.3125,0.3426724137931034,1.2527574203940313e-05,7.325907523608575e-05
57,0.4044943820224719,0.06741573033707865,0.33707865168539325,6.28895791196112e-11,1.6917296783175412e-09
650,0.43820224719101125,0.11458333333333333,0.32361891385767794,8.950871543455561e-07,7.524326391217331e-06
191,0.8876404494382022,0.5659340659340659,0.3217063835041363,4.42823520882482e-08,4.254268825620988e-07
326,0.8295454545454546,0.5144927536231884,0.3150527009222662,1.1433339290570564e-06,8.995401033233099e-06
961,0.3522727272727273,0.04285714285714286,0.3094155844155844,1.1963242447891426e-06,8.995401033233099e-06
461,0.4157303370786517,0.10687022900763359,0.3088601080710181,1.9882826534853092e-07,1.7253162380243489e-06
943,0.43820224719101125,0.13157894736842105,0.3066232998225902,1.583676721016382e-05,9.064022084115038e-05
54,0.7303370786516854,0.43258426966292135,0.29775280898876405,4.505824087568378e-06,3.030166698889734e-05
783,0.5517241379310345,0.2631578947368421,0.2885662431941924,8.269545736976567e-05,0.00039723353629405293
181,0.8539325842696629,0.5714285714285714,0.2825040128410915,2.440350542053859e-06,1.6832161431089437e-05
66,0.3146067415730337,0.03932584269662921,0.2752808988764045,1.457520820941444e-09,2.4504568802078025e-08
424,0.40476190476190477,0.12949640287769784,0.27526550188420695,6.330082374144595e-06,4.05426704439261e-05
184,0.7078651685393258,0.4340659340659341,0.2737992344733917,2.9685450164453587e-05,0.0001565761979262356
895,0.8076923076923077,0.54,0.2676923076923077,0.005645773524761333,0.01687458975734221
134,0.4166666666666667,0.14942528735632185,0.26724137931034486,0.0008012419733687032,0.002993529039391405
963,0.8636363636363636,0.6,0.26363636363636367,0.0002014266419965687,0.000888258470443885
179,0.3707865168539326,0.10989010989010989,0.2608964069638227,1.0985937615269037e-06,8.955203692446578e-06
441,0.6071428571428571,0.3486238532110092,0.2585190039318479,0.0017398531415888199,0.006158164409044638
1004,0.3146067415730337,0.06779661016949153,0.2468101314035422,0.00039527895708410565,0.0015636770508180061
945,0.33707865168539325,0.09210526315789473,0.2449733885274985,0.0001551165594747381,0.0006954392416450758
636,0.9550561797752809,0.71875,0.2363061797752809,1.7868574014353935e-05,9.613292819722418e-05
171,0.43023255813953487,0.19491525423728814,0.23531730390224673,0.0003376705699591362,0.0013557221390896662
172,0.6046511627906976,0.3782051282051282,0.22644603458556944,0.0007845850294574663,0.0029725827172402595
788,0.2558139534883721,0.05194805194805195,0.20386590154032014,0.0004355448158090684,0.001679481727556304
902,0.3595505617977528,0.16483516483516483,0.19471539696258797,0.003768016327764469,0.0122120047249234
50,0.3068181818181818,0.11299435028248588,0.19382383153569593,0.00025515003352073707,0.0010559286002627428
299,0.4431818181818182,0.25547445255474455,0.18770736562707363,0.005525034953238852,0.016712768156057867
18,0.31666666666666665,0.13043478260869565,0.186231884057971,0.007252870581908631,0.02097873318853142
137,0.46153846153846156,0.27702702702702703,0.18451143451143454,0.01678258213960504,0.0442599470152329
915,0.38202247191011235,0.20652173913043478,0.17550073277967757,0.013876074208590945,0.03770367638495924
846,0.1956521739130435,0.022727272727272728,0.17292490118577075,0.015320636345016934,0.04080446709712431
460,0.39325842696629215,0.2265625,0.16669592696629215,0.010067896553688477,0.028211085134814587
180,0.8202247191011236,0.6538461538461539,0.16637856525496975,0.004501945769268161,0.014247334258036886
213,0.1797752808988764,0.038461538461538464,0.14131374243733794,0.00024800598910434013,0.0010424001729541796
634,0.19101123595505617,0.05154639175257732,0.13946484420247884,0.005363691565206532,0.016584287713109852
188,0.1797752808988764,0.06593406593406594,0.11384121496481046,0.005529503218918774,0.016712768156057867
286,0.09090909090909091,0.013513513513513514,0.0773955773955774,0.0064754015109577175,0.01893351093964811
