Accession,Organism,Predicted_OGT_C,P_thermostable
BCS82199.1,Anaerocellum diazotrophicum,73.8,0.994
CAK4032617.1,Lecanosticta acicola,63.7,0.0
KAK7990279.1,Apiospora arundinis,60.6,0.0
KAK6852268.1,Apiospora arundinis,59.9,0.0
KAN5224046.1,Kwoniella ovata,59.5,0.497
KAN5176311.1,Kwoniella mangroviensis CBS 8886,59.2,0.054
KAK8123308.1,Apiospora kogelbergensis,58.8,0.0
KAK8117328.1,Apiospora kogelbergensis,58.5,0.0
XP_066732524.1,Apiospora kogelbergensis,58.5,0.0
KAN5179232.1,Kwoniella mangroviensis CBS 8886,57.6,0.937
KAN5240556.1,Kwoniella fici,56.7,0.0
KAK7990253.1,Apiospora arundinis,56.3,0.577
CAK4022690.1,Lecanosticta acicola,55.7,0.408
KAK8057012.1,Apiospora saccharicola,55.6,0.979
KAK8109319.1,Apiospora sp. TS-2023a,55.3,0.981
KAK7445545.1,Colletotrichum acutatum,54.9,0.98
KAK6206750.1,Colletotrichum tabaci (Colletotrichum tabacum),54.4,0.866
CAR3389117.1,Steroidobacteraceae bacterium,54.2,0.001
CAR3355026.1,Steroidobacteraceae bacterium,54.1,0.19
KAN5220399.1,Kwoniella ovata,53.9,0.992
