feature,permutation_importance,mean_abs_shap
IVYWREL %,0.2833538345274454,11.149277060387394
Gln+His %,0.16620315494730076,4.375878031603883
E+K %,0.03563738885509817,2.798852051878202
Aliphatic index,0.06028409848835057,1.3144918878601035
Aromaticity,0.06874944007148494,0.9318250666653609
Proline %,0.02254113845645946,0.8248037980522883
Instability,0.01629904457579747,0.6637307216610366
GRAVY,0.0076293560947959084,0.3636371682413601
Arg/(Arg+Lys),0.00567584711300145,0.28410363394631544
Charged %,-0.004573102956316801,0.13897965800973816
