alignment_position,residue_number_3AMC,residue_3AMC,thermophile_preferred_residue,thermo_charged_pct,meso_charged_pct,enrichment_delta_pct,p_value,FDR,location,relative_solvent_accessibility,distance_to_catalytic_Glu_A
879,35,K,K,84.1,18.6,65.5,1.4365152161890878e-23,3.864225931548645e-21,surface,0.52,20.9
888,44,E,D,82.0,27.0,55.1,4.8378640171606584e-18,4.3379514020540573e-16,surface,0.85,20.8
1456,,-,K,90.6,33.3,57.3,7.049111513862898e-14,3.7924219944582385e-12,unmapped,,
881,37,E,E,54.7,11.4,43.2,2.508868869010842e-13,1.1248095429398607e-11,surface,0.38,22.3
1111,,-,D,72.5,24.5,48.0,1.811092158498826e-12,5.902363266667209e-11,unmapped,,
890,46,G,G,40.4,6.7,33.7,6.28895791196112e-11,1.691729678317541e-09,surface,0.69,17.7
1455,,-,K,93.3,44.3,49.0,8.141438672892357e-11,1.990951820916404e-09,unmapped,,
1026,87,G,D,43.8,9.3,34.5,1.9799487676993103e-10,4.1497605710548184e-09,surface,0.63,21.1
1813,274,R,E,89.9,44.8,45.1,1.1050615176877087e-09,1.9817436550532913e-08,surface,0.5,15.3
899,55,R,Y,31.5,3.9,27.5,1.4575208209414441e-09,2.4504568802078025e-08,buried,0.06,12.8
1353,144,E,D,64.7,19.0,45.7,1.6368032827474135e-09,2.5900004885826717e-08,surface,0.77,14.2
1317,141,L,E,42.4,5.4,37.0,2.364332018862409e-09,3.455001102015849e-08,buried,0.01,9.9
1658,188,E,D,88.3,45.1,43.3,2.440335350866213e-09,3.455001102015849e-08,buried,0.02,20.6
1659,189,K,K,67.4,24.2,43.2,4.389805886216842e-09,5.9042889169616543e-08,surface,0.65,21.8
1158,108,K,K,65.2,26.8,38.4,1.2102508016547672e-08,1.4154672419353577e-07,surface,0.37,15.9
1109,,-,G,48.7,13.9,34.8,2.750000080381625e-08,2.959000086490628e-07,unmapped,,
1133,106,E,K,59.6,23.0,36.5,3.3536989332945005e-08,3.469788511754695e-07,surface,0.71,18.4
1466,155,K,K,75.3,35.1,40.2,3.6927380160700155e-08,3.67906120860309e-07,surface,0.53,19.9
1024,85,K,K,88.8,56.6,32.2,4.42823520882482e-08,4.254268825620988e-07,surface,0.77,23.6
1130,103,D,E,75.0,38.6,36.4,9.072581599546094e-08,8.415601552682412e-07,surface,0.25,14.9
1792,263,E,D,83.0,40.7,42.3,1.5772823053353645e-07,1.414296467117377e-06,surface,0.59,20.0
1294,127,E,Y,41.6,10.7,30.9,1.9882826534853094e-07,1.7253162380243489e-06,surface,0.48,21.7
1483,164,H,R,43.8,11.5,32.4,8.950871543455561e-07,7.524326391217331e-06,buried,0.0,20.7
1012,73,F,K,37.1,11.0,26.1,1.0985937615269037e-06,8.955203692446578e-06,buried,0.08,22.5
1794,265,R,A,35.2,4.3,30.9,1.1963242447891426e-06,8.995401033233099e-06,buried,0.07,14.8
1159,109,E,D,83.0,51.4,31.5,1.1433339290570564e-06,8.995401033233099e-06,surface,0.58,18.8
1749,244,K,E,75.3,39.1,36.2,1.2038454914363998e-06,8.995401033233099e-06,surface,0.83,22.7
1743,240,E,K,68.5,32.6,35.9,1.6336918194610868e-06,1.1877381065811686e-05,surface,0.61,20.0
1002,67,K,K,59.2,19.0,40.1,1.722015398115544e-06,1.2190056370870562e-05,surface,0.37,23.3
1014,75,R,K,85.4,57.1,28.3,2.440350542053859e-06,1.6832161431089437e-05,buried,0.22,23.2
887,43,K,K,73.0,43.3,29.8,4.505824087568378e-06,3.030166698889734e-05,surface,0.39,18.3
1620,180,E,E,63.8,13.5,50.3,4.898807522946567e-06,3.214095667494211e-05,surface,0.5,15.4
1257,112,L,K,40.5,12.9,27.5,6.330082374144595e-06,4.05426704439261e-05,buried,0.11,16.6
848,,-,R,77.8,36.1,41.6,7.131878588724667e-06,4.4615705589928735e-05,unmapped,,
1726,225,P,E,49.0,8.5,40.5,1.2252070418805978e-05,7.324015428130686e-05,surface,0.67,23.5
1733,232,I,D,65.5,31.2,34.3,1.2527574203940311e-05,7.325907523608575e-05,surface,0.31,17.2
1776,259,K,K,43.8,13.2,30.7,1.583676721016382e-05,9.064022084115038e-05,surface,0.4,17.9
1731,230,H,K,52.6,15.1,37.5,1.6936411710362805e-05,9.297744387933868e-05,surface,0.51,18.9
1469,158,R,R,95.5,71.9,23.6,1.7868574014353935e-05,9.613292819722418e-05,buried,0.05,21.6
1017,78,E,E,70.8,43.4,27.4,2.9685450164453587e-05,0.0001565761979262,surface,0.51,23.2
1616,176,I,R,55.2,26.3,28.9,8.269545736976567e-05,0.000397233536294,buried,0.19,11.3
834,,-,D,94.1,51.4,42.7,9.018714668826026e-05,0.0004256200431428,unmapped,,
838,,-,E,85.7,45.3,40.4,0.0001328115173843,0.0006159706582134,unmapped,,
1778,261,D,G,33.7,9.2,24.5,0.0001551165594747,0.000695439241645,surface,0.4,19.6
1796,267,K,K,86.4,60.0,26.4,0.0002014266419965,0.0008882584704438,surface,0.48,16.9
1046,96,H,V,18.0,3.8,14.1,0.0002480059891043,0.0010424001729541,surface,0.35,8.4
1730,229,K,K,56.9,20.8,36.1,0.0002424705009621,0.0010424001729541,surface,0.68,20.7
883,39,F,F,30.7,11.3,19.4,0.0002551500335207,0.0010559286002627,buried,0.01,18.5
1004,69,M,N,43.0,19.5,23.5,0.0003376705699591,0.0013557221390896,buried,0.01,23.9
1837,287,E,S,31.5,6.8,24.7,0.0003952789570841,0.001563677050818,buried,0.0,8.0
1621,181,K,A,25.6,5.2,20.4,0.000435544815809,0.0016794817275563,surface,0.48,14.2
1005,70,D,P,60.5,37.8,22.6,0.0007845850294574,0.0029725827172402,surface,0.68,26.2
967,61,Y,D,41.7,14.9,26.7,0.0008012419733687,0.0029935290393914,buried,0.05,22.5
1274,116,K,K,60.7,34.9,25.9,0.0017398531415888,0.0061581644090446,surface,0.56,20.1
1735,234,E,Y,36.0,16.5,19.5,0.0037680163277644,0.0122120047249234,buried,0.15,15.6
1013,74,K,E,82.0,65.4,16.6,0.0045019457692681,0.0142473342580368,surface,0.65,25.4
1467,156,V,M,19.1,5.2,13.9,0.0053636915652065,0.0165842877131098,buried,0.16,19.8
1132,105,E,Y,44.3,25.5,18.8,0.0055250349532388,0.0167127681560578,surface,0.62,17.2
1021,82,G,L,18.0,6.6,11.4,0.0055295032189187,0.0167127681560578,buried,0.09,21.5
1728,227,D,E,80.8,54.0,26.8,0.0056457735247613,0.0168745897573422,surface,0.29,19.5
1119,101,M,N,9.1,1.4,7.7,0.0064754015109577,0.0189335109396481,buried,0.02,9.3
851,,-,S,31.7,13.0,18.6,0.0072528705819086,0.0209787331885314,unmapped,,
1293,126,P,D,39.3,22.7,16.7,0.0100678965536884,0.0282110851348145,surface,0.39,23.2
1748,243,K,F,38.2,20.7,17.6,0.0138760742085909,0.0377036763849592,surface,0.71,21.1
1679,203,F,F,19.6,2.3,17.3,0.0153206363450169,0.0408044670971243,buried,0.0,15.2
970,63,F,F,46.2,27.7,18.5,0.016782582139605,0.0442599470152329,surface,0.33,24.4
