accession,species,OGT,class,sequence_length,cluster,predicted_OGT,P_thermostable
WP_493066509.1,unclassified Pseudomonas,,,321,94.0,28.26,0.0
WP_492605814.1,Pseudomonas azerbaijanoccidentalis,28.88,mesophile,320,95.0,29.47,0.0
YFQ25161.1,Pseudomonas umsongensis,28.88,mesophile,876,6.0,28.72,0.0039
YFQ17076.1,Pseudomonas azerbaijanoccidentalis,28.88,mesophile,320,95.0,29.47,0.0
WP_490833183.1,Pseudomonas sp. UF-293,28.88,mesophile,318,95.0,29.45,0.0
WP_489984873.1,Pseudomonas sp. 4CAES_32.4,28.88,mesophile,318,95.0,26.74,0.0
YFC78294.1,Pseudomonas mohnii,28.88,mesophile,886,6.0,29.17,0.0009
WP_489060366.1,Pseudomonas moorei,28.88,mesophile,880,6.0,28.32,0.0001
WP_488448946.1,Pseudomonas citronellolis,28.88,mesophile,865,6.0,29.07,0.002
WP_488431491.1,Pseudomonas citronellolis,28.88,mesophile,865,6.0,29.48,0.0033
WP_488420868.1,Pseudomonas citronellolis,28.88,mesophile,865,6.0,29.89,0.0027
WP_488401696.1,Pseudomonas citronellolis,28.88,mesophile,865,6.0,30.63,0.0036
KAN9724460.1,Fusarium ambrosium (Neocosmospora ambrosia),,,503,44.0,35.52,1.0
KAN9722984.1,Fusarium ambrosium (Neocosmospora ambrosia),,,333,92.0,27.11,0.9995
KAN9719353.1,Fusarium ambrosium (Neocosmospora ambrosia),,,503,44.0,35.52,1.0
KAN9715071.1,Fusarium ambrosium (Neocosmospora ambrosia),,,333,92.0,27.11,0.9995
KAN9706189.1,Fusarium ambrosium (Neocosmospora ambrosia),,,450,0.0,32.42,0.9992
KAN9705292.1,Fusarium ambrosium (Neocosmospora ambrosia),,,382,78.0,32.05,0.9984
KAN9705069.1,Fusarium ambrosium (Neocosmospora ambrosia),,,382,78.0,32.05,0.9984
KAN9703652.1,Fusarium drepaniforme,,,503,44.0,35.89,0.9997
KAN9703269.1,Fusarium drepaniforme,,,450,0.0,31.08,0.9992
KAN9702862.1,Fusarium ambrosium (Neocosmospora ambrosia),,,450,0.0,32.42,0.9992
KAN9687854.1,Fusarium drepaniforme,,,382,78.0,32.14,0.9986
KAN9683251.1,Fusarium drepaniforme,,,333,92.0,27.52,0.9995
KAN9678469.1,Fusarium papillatum,,,382,78.0,32.05,0.9984
KAN9673421.1,Fusarium papillatum,,,333,92.0,27.76,0.9996
KAN9671610.1,Fusarium papillatum,,,503,44.0,35.53,0.9998
KAN9671093.1,Fusarium drepaniforme,,,523,42.0,49.25,0.9985
KAN9670160.1,Fusarium papillatum,,,450,0.0,30.99,0.9991
KAN9663494.1,Fusarium papillatum,,,523,42.0,48.6,0.999
KAN9661302.1,Fusarium ambrosium (Neocosmospora ambrosia),,,333,92.0,27.52,0.9995
KAN9656629.1,Fusarium ambrosium (Neocosmospora ambrosia),,,503,44.0,35.52,1.0
KAN9652688.1,Fusarium ambrosium (Neocosmospora ambrosia),,,450,0.0,31.72,0.9995
KAN9651980.1,Fusarium ambrosium (Neocosmospora ambrosia),,,503,44.0,35.52,1.0
KAN9650262.1,Fusarium ambrosium (Neocosmospora ambrosia),,,450,0.0,31.64,0.9994
KAN9649204.1,Fusarium ambrosium (Neocosmospora ambrosia),,,382,78.0,32.05,0.9984
KAN9647141.1,Fusarium papillatum,,,503,44.0,35.53,0.9998
KAN9644946.1,Fusarium papillatum,,,333,92.0,27.76,0.9996
KAN9642994.1,Fusarium ambrosium (Neocosmospora ambrosia),,,382,78.0,32.44,0.9989
KAN9640928.1,Fusarium ambrosium (Neocosmospora ambrosia),,,523,42.0,49.28,0.9988
KAN9636725.1,Fusarium ambrosium (Neocosmospora ambrosia),,,333,92.0,27.52,0.9995
KAN9635657.1,Fusarium papillatum,,,382,78.0,32.05,0.9984
KAN9631596.1,Fusarium ambrosium (Neocosmospora ambrosia),,,523,42.0,49.28,0.9988
KAN9630203.1,Fusarium papillatum,,,389,0.0,31.65,0.9996
KAN9626244.1,Fusarium cf. solani,,,503,44.0,37.07,0.9987
KAN9618320.1,Fusarium papillatum,,,523,42.0,48.6,0.999
KAN9614177.1,Fusarium cf. solani,,,333,92.0,27.76,0.9996
KAN9613407.1,Fusarium cf. solani,,,523,42.0,49.17,0.9989
KAN9609556.1,Fusarium cf. solani,,,503,44.0,37.07,0.9987
KAN9607936.1,Fusarium cf. solani,,,382,78.0,32.44,0.9989
KAN9607255.1,Fusarium cf. solani,,,450,0.0,31.53,0.9997
KAN9601627.1,Fusarium cf. solani,,,333,92.0,27.76,0.9996
KAN9596518.1,Fusarium cf. solani,,,242,44.0,50.77,1.0
KAN9595482.1,Fusarium cf. solani,,,523,42.0,49.17,0.9989
KAN9591866.1,Fusarium kuroshium,,,503,44.0,37.01,0.9996
KAN9583386.1,Fusarium cf. solani,,,333,92.0,27.99,0.9997
KAN9582749.1,Fusarium cf. solani,,,382,78.0,32.44,0.9989
KAN9582183.1,Fusarium kuroshium,,,450,0.0,31.72,0.9995
KAN9582077.1,Fusarium cf. solani,,,450,0.0,31.53,0.9997
KAN9576474.1,Fusarium kuroshium,,,523,42.0,49.14,0.9991
KAN9573741.1,Fusarium cf. solani,,,450,0.0,31.71,0.9993
KAN9572388.1,Fusarium cf. solani,,,382,78.0,32.44,0.9989
KAN9571734.1,Fusarium cf. solani,,,523,42.0,49.14,0.9991
KAN9568022.1,Fusarium kuroshium,,,333,92.0,27.62,0.9997
KAN9559316.1,Fusarium cf. solani,,,333,92.0,27.52,0.9995
KAN9550642.1,Fusarium cf. solani,,,503,44.0,39.09,0.9995
KAN9547710.1,Fusarium cf. solani,,,382,78.0,32.44,0.9989
KAN9546651.1,Fusarium cf. solani,,,503,44.0,39.46,0.9997
KAN9544929.1,Fusarium cf. solani,,,333,92.0,27.52,0.9995
KAN9538495.1,Fusarium cf. solani,,,503,44.0,39.46,0.9997
KAN9537986.1,Fusarium cf. solani,,,333,92.0,27.52,0.9995
KAN9536477.1,Fusarium cf. solani,,,382,78.0,33.41,0.9984
KAN9532001.1,Fusarium cf. solani,,,450,0.0,31.78,0.9996
KAN9530829.1,Fusarium cf. solani,,,382,78.0,33.41,0.9984
KAN9528483.1,Fusarium cf. solani,,,523,42.0,48.73,0.9988
KAN9525690.1,Fusarium cf. solani,,,523,42.0,48.73,0.9988
KAN9524123.1,Fusarium cf. solani,,,450,0.0,30.79,0.9993
KAN9522415.1,Fusarium cf. solani,,,450,0.0,30.79,0.9993
KAN9522329.1,Fusarium cf. solani,,,523,42.0,48.64,0.9988
KAN9515741.1,Fusarium cf. solani,,,503,44.0,39.09,0.9995
KAN9513676.1,Fusarium cf. solani,,,333,92.0,27.52,0.9995
KAN9510147.1,Fusarium cf. solani,,,333,92.0,27.52,0.9995
KAN9506094.1,Fusarium cf. solani,,,382,78.0,32.44,0.9989
KAN9502697.1,Fusarium cf. solani,,,382,78.0,32.44,0.9989
KAN9501710.1,Fusarium cf. solani,,,503,44.0,39.46,0.9997
KAN9496913.1,Fusarium cf. solani,,,333,92.0,27.52,0.9995
KAN9492693.1,Fusarium cf. solani,,,450,0.0,31.78,0.9996
KAN9490385.1,Fusarium cf. solani,,,543,0.0,33.65,1.0
KAN9489277.1,Fusarium cf. solani,,,382,78.0,33.41,0.9984
KAN9484701.1,Fusarium cf. solani,,,523,42.0,48.64,0.9988
KAN9483453.1,Fusarium cf. solani,,,523,42.0,48.64,0.9988
KAN9480911.1,Fusarium cf. solani,,,523,42.0,48.73,0.9988
KAN9479233.1,Fusarium cf. solani,,,450,0.0,30.79,0.9993
KAN9476865.1,Fusarium rekanum (Neocosmospora rekana),,,503,44.0,34.62,0.9998
KAN9476254.1,Fusarium rekanum (Neocosmospora rekana),,,503,44.0,34.62,0.9998
KAN9472248.1,Fusarium rekanum (Neocosmospora rekana),,,333,92.0,27.52,0.9995
KAN9469185.1,Fusarium rekanum (Neocosmospora rekana),,,333,92.0,27.52,0.9995
KAN9464467.1,Fusarium rekanum (Neocosmospora rekana),,,450,0.0,31.2,0.999
KAN9459572.1,Fusarium rekanum (Neocosmospora rekana),,,450,0.0,31.2,0.999
KAN9459484.1,Fusarium rekanum (Neocosmospora rekana),,,382,78.0,32.14,0.9986
KAN9453219.1,Fusarium cf. solani,,,503,44.0,39.09,0.9995
KAN9450776.1,Fusarium rekanum (Neocosmospora rekana),,,382,78.0,32.14,0.9986
KAN9449638.1,Fusarium cf. solani,,,333,92.0,27.52,0.9995
KAN9449261.1,Fusarium rekanum (Neocosmospora rekana),,,523,42.0,49.25,0.9985
KAN9447846.1,Fusarium rekanum (Neocosmospora rekana),,,523,42.0,49.25,0.9985
KAN9443757.1,Fusarium cf. solani,,,382,78.0,32.44,0.9989
KAN9438116.1,Fusarium euwallaceae,,,503,44.0,34.24,0.9998
KAN9434714.1,Fusarium cf. solani,,,450,0.0,31.78,0.9996
KAN9426404.1,Fusarium cf. solani,,,523,42.0,48.64,0.9988
KAN9421671.1,Fusarium euwallaceae,,,333,92.0,27.99,0.9997
KAN9417602.1,Fusarium euwallaceae,,,450,0.0,31.71,0.9993
KAN9416672.1,Fusarium euwallaceae,,,523,42.0,48.45,0.9984
KAN9412276.1,Fusarium euwallaceae,,,503,44.0,34.24,0.9998
KAN9403641.1,Fusarium euwallaceae,,,503,44.0,34.24,0.9998
KAN9403106.1,Fusarium euwallaceae,,,333,92.0,27.99,0.9997
KAN9401156.1,Fusarium euwallaceae,,,450,0.0,31.71,0.9993
KAN9393992.1,Fusarium euwallaceae,,,333,92.0,27.99,0.9997
KAN9389563.1,Fusarium euwallaceae,,,450,0.0,31.71,0.9993
KAN9388420.1,Fusarium euwallaceae,,,523,42.0,48.45,0.9984
KAN9387016.1,Fusarium akasia,,,503,44.0,35.82,0.9998
KAN9382937.1,Fusarium akasia,,,333,92.0,27.52,0.9995
KAN9379995.1,Fusarium euwallaceae,,,523,42.0,48.45,0.9984
KAN9363327.1,Fusarium akasia,,,333,92.0,27.52,0.9995
KAN9362837.1,Fusarium akasia,,,450,0.0,32.44,0.9995
KAN9361022.1,Fusarium euwallaceae,,,333,92.0,27.99,0.9997
KAN9360230.1,Fusarium akasia,,,523,42.0,47.66,0.9934
KAN9359343.1,Fusarium akasia,,,382,78.0,32.14,0.9986
KAN9358672.1,Fusarium euwallaceae,,,503,44.0,34.24,0.9998
KAN9356336.1,Fusarium euwallaceae,,,450,0.0,31.71,0.9993
KAN9355212.1,Fusarium euwallaceae,,,523,42.0,48.45,0.9984
KAN9349209.1,Fusarium akasia,,,481,44.0,35.54,0.9995
KAN9344865.1,Fusarium akasia,,,1427,0.0,34.82,0.9955
KAN9341339.1,Fusarium akasia,,,523,42.0,47.66,0.9934
KAN9340920.1,Fusarium akasia,,,382,78.0,32.14,0.9986
KAN9334862.1,Fusarium awan,,,249,0.0,41.59,0.9994
KAN9334335.1,Fusarium awan,,,413,44.0,44.79,1.0
KAN9333930.1,Fusarium awan,,,333,92.0,30.05,0.9996
KAN9329253.1,Fusarium awan,,,352,0.0,34.3,0.998
KAN9328072.1,Fusarium awan,,,413,44.0,44.79,1.0
KAN9327853.1,Fusarium awan,,,333,92.0,30.05,0.9996
KAN9311915.1,Fusarium mekan,,,503,44.0,33.99,0.9998
KAN9306394.1,Fusarium mekan,,,382,78.0,32.36,0.9984
KAN9305392.1,Fusarium mekan,,,389,0.0,31.49,0.9996
KAN9303884.1,Fusarium mekan,,,333,92.0,27.76,0.9996
KAN9301802.1,Fusarium mekan,,,523,42.0,49.38,0.9977
KAN9296861.1,Fusarium floridanum,,,200,44.0,45.74,0.9957
KAN9291263.1,Fusarium mekan,,,503,44.0,33.99,0.9998
KAN9287883.1,Fusarium mekan,,,382,78.0,32.36,0.9984
KAN9284644.1,Fusarium mekan,,,450,0.0,31.03,0.999
KAN9279485.1,Fusarium mekan,,,333,92.0,27.76,0.9996
KAN9277015.1,Fusarium mekan,,,523,42.0,49.38,0.9977
KAN9270616.1,Fusarium warna (Neocosmospora warna),,,382,78.0,32.14,0.9986
KAN9270248.1,Fusarium floridanum,,,389,0.0,32.64,0.9998
KAN9269667.1,Fusarium warna (Neocosmospora warna),,,333,92.0,27.76,0.9996
KAN9268489.1,Fusarium warna (Neocosmospora warna),,,450,0.0,32.05,0.9996
KAN9265346.1,Fusarium floridanum,,,333,92.0,27.76,0.9996
KAN9262159.1,Fusarium floridanum,,,523,42.0,49.17,0.9989
KAN9260649.1,Fusarium variasi (Neocosmospora variasi),,,503,44.0,37.38,0.9947
KAN9258690.1,Fusarium warna (Neocosmospora warna),,,481,44.0,37.0,0.9994
KAN9252361.1,Fusarium warna (Neocosmospora warna),,,523,42.0,48.38,0.9985
KAN9250925.1,Fusarium variasi (Neocosmospora variasi),,,523,42.0,47.74,0.989
KAN9246927.1,Fusarium oligoseptatum,,,503,44.0,39.38,0.9995
KAN9246395.1,Fusarium variasi (Neocosmospora variasi),,,333,92.0,28.76,0.9991
KAN9242750.1,Fusarium variasi (Neocosmospora variasi),,,503,44.0,37.38,0.9947
KAN9235151.1,Fusarium variasi (Neocosmospora variasi),,,523,42.0,47.74,0.989
KAN9233944.1,Fusarium variasi (Neocosmospora variasi),,,451,0.0,32.41,0.9978
KAN9229763.1,Fusarium oligoseptatum,,,450,0.0,30.74,0.9989
KAN9226919.1,Fusarium oligoseptatum,,,382,78.0,32.44,0.9989
KAN9226732.1,Fusarium variasi (Neocosmospora variasi),,,333,92.0,28.76,0.9991
KAN9224280.1,Fusarium oligoseptatum,,,333,92.0,27.52,0.9995
KAN9218271.1,Fusarium floridanum,,,503,44.0,37.07,0.9987
KAN9218114.1,Fusarium variasi (Neocosmospora variasi),,,451,0.0,32.41,0.9978
KAN9205908.1,Fusarium floridanum,,,200,44.0,45.74,0.9957
KAN9202213.1,Fusarium floridanum,,,450,0.0,31.72,0.9995
KAN9201062.1,Fusarium oligoseptatum,,,523,42.0,48.63,0.9989
KAN9196216.1,Fusarium floridanum,,,523,42.0,49.17,0.9989
KAN9195860.1,Fusarium floridanum,,,333,92.0,27.76,0.9996
KAN9187182.1,Fusarium floridanum,,,389,0.0,32.64,0.9998
KAN9184753.1,Fusarium tuaranense (Neocosmospora tuaranensis),,,503,44.0,35.71,0.9999
KAN9182114.1,Fusarium floridanum,,,523,42.0,49.17,0.9989
KAN9181467.1,Fusarium floridanum,,,333,92.0,27.76,0.9996
KAN9178742.1,Fusarium floridanum,,,503,44.0,37.07,0.9987
KAN9173534.1,Fusarium tuaranense (Neocosmospora tuaranensis),,,333,92.0,27.52,0.9995
KAN9164241.1,Fusarium tuaranense (Neocosmospora tuaranensis),,,523,42.0,48.7,0.9984
KAN9160386.1,Fusarium tuaranense (Neocosmospora tuaranensis),,,638,0.0,35.73,0.9999
KAN9157250.1,Fusarium floridanum,,,450,0.0,31.72,0.9995
KAN9153434.1,Fusarium cf. solani,,,503,44.0,35.9,0.9992
KAN9149787.1,Fusarium floridanum,,,333,92.0,27.76,0.9996
KAN9146033.1,Fusarium floridanum,,,523,42.0,49.17,0.9989
KAN9144439.1,Fusarium cf. solani,,,449,0.0,32.23,0.9996
KAN9140303.1,Fusarium cf. solani,,,382,78.0,32.72,0.9976
KAN9134385.1,Fusarium obliquiseptatum,,,503,44.0,34.85,0.9998
KAN9132808.1,Fusarium cf. solani,,,333,92.0,27.76,0.9996
KAN9126604.1,Fusarium obliquiseptatum,,,646,0.0,33.37,0.9999
KAN9126397.1,Fusarium tuaranense (Neocosmospora tuaranensis),,,503,44.0,35.71,0.9999
KAN9118974.1,Fusarium duplospermum,,,503,44.0,35.66,0.9995
KAN9117381.1,Fusarium obliquiseptatum,,,333,92.0,27.76,0.9996
KAN9112722.1,Fusarium tuaranense (Neocosmospora tuaranensis),,,333,92.0,27.52,0.9995
KAN9112533.1,Fusarium obliquiseptatum,,,523,42.0,48.66,0.9989
KAN9110241.1,Fusarium obliquiseptatum,,,382,78.0,32.05,0.9988
KAN9106279.1,Fusarium duplospermum,,,523,42.0,46.81,0.9905
KAN9105627.1,Fusarium tuaranense (Neocosmospora tuaranensis),,,523,42.0,48.7,0.9984
KAN9105238.1,Fusarium duplospermum,,,333,92.0,29.02,0.9996
KAN9103678.1,Fusarium tuaranense (Neocosmospora tuaranensis),,,450,0.0,32.47,0.9995
KAN9099968.1,Fusarium duplospermum,,,382,78.0,32.63,0.9991
KAN9087383.1,Fusarium duplospermum,,,451,0.0,31.52,0.9976
KAN9085592.1,Fusarium cf. solani,,,333,92.0,28.99,0.9994
KAN9084974.1,Fusarium cf. solani,,,451,0.0,31.66,0.9893
KAN9081417.1,Fusarium cf. solani,,,503,44.0,36.15,0.9981
KAN9076608.1,Fusarium cf. solani,,,526,42.0,48.49,0.99
KAN9075496.1,Fusarium cf. solani,,,404,44.0,39.61,1.0
KAN9070660.1,Fusarium cf. solani,,,449,0.0,32.23,0.9996
KAN9067921.1,Fusarium cf. solani,,,451,0.0,31.66,0.9893
KAN9064513.1,Fusarium cf. solani,,,382,78.0,32.72,0.9976
KAN9062277.1,Fusarium cf. solani,,,526,42.0,48.06,0.9958
KAN9062182.1,Fusarium cf. solani,,,503,44.0,35.9,0.9992
KAN9061885.1,Fusarium cf. solani,,,333,92.0,28.99,0.9994
KAN9057047.1,Fusarium cf. solani,,,333,92.0,27.76,0.9996
KAN9046499.1,Fusarium obliquiseptatum,,,503,44.0,34.85,0.9998
KAN9042612.1,Fusarium obliquiseptatum,,,333,92.0,27.76,0.9996
KAN9041639.1,[Neocosmospora] sp. B6999-1,,,450,0.0,31.53,0.9997
KAN9035696.1,[Neocosmospora] sp. B6999-1,,,333,92.0,27.99,0.9997
KAN9034757.1,Fusarium duplospermum,,,503,44.0,35.66,0.9995
KAN9033446.1,Fusarium duplospermum,,,523,42.0,46.81,0.9905
KAN9032459.1,Fusarium duplospermum,,,333,92.0,29.02,0.9996
KAN9025181.1,Fusarium duplospermum,,,382,78.0,32.63,0.9991
KAN9015446.1,Fusarium obliquiseptatum,,,382,78.0,32.05,0.9988
KAN9015224.1,Fusarium obliquiseptatum,,,646,0.0,33.37,0.9999
KAN9012337.1,Fusarium obliquiseptatum,,,523,42.0,48.66,0.9989
KAN9011888.1,[Neocosmospora] sp. B6999-1,,,523,42.0,49.17,0.9989
KAN9010335.1,[Neocosmospora] sp. B6999-1,,,503,44.0,37.07,0.9987
KAN9009595.1,Fusarium duplospermum,,,451,0.0,31.52,0.9976
KAN9000064.1,[Neocosmospora] sp. B6999-1,,,333,92.0,27.99,0.9997
KAN8996042.1,[Neocosmospora] sp. B6999-1,,,503,44.0,37.07,0.9987
KAN8993117.1,[Neocosmospora] sp. B6999-1,,,333,92.0,27.99,0.9997
KAN8989203.1,[Neocosmospora] sp. B6999-1,,,450,0.0,31.53,0.9997
KAN8988820.1,[Neocosmospora] sp. B6999-1,,,450,0.0,31.53,0.9997
KAN8987137.1,[Neocosmospora] sp. B6999-1,,,503,44.0,37.07,0.9987
KAN8985738.1,Fusarium pseudensiforme,,,333,92.0,28.74,0.9993
KAN8976467.1,Fusarium pseudensiforme,,,523,42.0,47.83,0.9954
KAN8975764.1,[Neocosmospora] sp. B6999-1,,,523,42.0,49.17,0.9989
KAN8967678.1,[Neocosmospora] sp. B6999-1,,,523,42.0,49.17,0.9989
KAN8960987.1,Fusarium pseudensiforme,,,333,92.0,28.74,0.9993
KAN8958632.1,[Neocosmospora] sp. B6999-1,,,503,44.0,37.07,0.9987
KAN8953001.1,[Neocosmospora] sp. B6999-1,,,333,92.0,27.99,0.9997
KAN8950477.1,[Neocosmospora] sp. B6999-1,,,450,0.0,31.53,0.9997
KAN8945738.1,Fusarium pseudensiforme,,,295,0.0,36.86,0.9985
KAN8943873.1,[Neocosmospora] sp. B6999-1,,,450,0.0,31.53,0.9997
KAN8943244.1,[Neocosmospora] sp. B6999-1,,,333,92.0,27.99,0.9997
KAN8943000.1,Fusarium pseudensiforme,,,523,42.0,47.88,0.9929
KAN8940967.1,[Neocosmospora] sp. B6999-1,,,503,44.0,37.07,0.9987
KAN8932430.1,[Neocosmospora] sp. B6999-1,,,523,42.0,49.17,0.9989
KAN8924148.1,[Neocosmospora] sp. B6999-1,,,523,42.0,49.17,0.9989
KAN8922541.1,[Neocosmospora] sp. B6999-1,,,450,0.0,31.53,0.9997
KAN8921393.1,[Neocosmospora] sp. B6999-1,,,333,92.0,27.99,0.9997
KAN8920830.1,[Neocosmospora] sp. B6999-1,,,503,44.0,37.07,0.9987
KAN8916882.1,[Neocosmospora] sp. B6999-2,,,503,44.0,35.9,0.9998
KAN8913245.1,[Neocosmospora] sp. B6999-1,,,503,44.0,37.07,0.9987
KAN8907048.1,[Neocosmospora] sp. B6999-1,,,523,42.0,49.17,0.9989
KAN8905054.1,[Neocosmospora] sp. B6999-1,,,450,0.0,31.53,0.9997
KAN8903829.1,[Neocosmospora] sp. B6999-1,,,333,92.0,27.99,0.9997
KAN8895971.1,[Neocosmospora] sp. B6999-2,,,450,0.0,31.84,0.9996
KAN8894640.1,[Neocosmospora] sp. B6999-4,,,503,44.0,37.07,0.9987
KAN8894239.1,[Neocosmospora] sp. B6999-2,,,333,92.0,27.76,0.9996
KAN8883671.1,[Neocosmospora] sp. B6999-1,,,523,42.0,49.17,0.9989
KAN8882919.1,[Neocosmospora] sp. B6999-2,,,382,78.0,32.35,0.9988
KAN8879625.1,[Neocosmospora] sp. B6999-4,,,333,92.0,27.7,0.9994
KAN8878244.1,[Neocosmospora] sp. B6999-4,,,332,0.0,32.52,0.9498
KAN8875137.1,[Neocosmospora] sp. B6999-4,,,503,44.0,37.07,0.9987
KAN8868907.1,[Neocosmospora] sp. B6999-3,,,1366,0.0,35.77,0.9915
KAN8866467.1,[Neocosmospora] sp. B6999-4,,,523,42.0,48.45,0.9984
KAN8860161.1,[Neocosmospora] sp. B6999-4,,,333,92.0,27.7,0.9994
KAN8854989.1,[Neocosmospora] sp. B6999-3,,,333,92.0,27.76,0.9996
KAN8854191.1,[Neocosmospora] sp. B6999-3,,,503,44.0,35.18,0.9996
KAN8852885.1,[Neocosmospora] sp. B6999-2,,,503,44.0,35.9,0.9998
KAN8852068.1,[Neocosmospora] sp. B6999-2,,,333,92.0,27.76,0.9996
KAN8851977.1,[Neocosmospora] sp. B6999-4,,,332,0.0,32.52,0.9498
KAN8840965.1,[Neocosmospora] sp. B6999-3,,,381,78.0,32.27,0.9946
KAN8836086.1,[Neocosmospora] sp. B6999-4,,,523,42.0,48.45,0.9984
KAN8829913.1,[Neocosmospora] sp. B6999-2,,,450,0.0,31.84,0.9996
KAN8828900.1,[Neocosmospora] sp. B6999-4,,,503,44.0,37.07,0.9987
KAN8826142.1,[Neocosmospora] sp. B6999-2,,,382,78.0,32.35,0.9988
KAN8817307.1,[Neocosmospora] sp. B6999-5,,,503,44.0,37.4,0.9996
KAN8814360.1,[Neocosmospora] sp. B6999-4,,,503,44.0,37.07,0.9987
KAN8808855.1,[Neocosmospora] sp. B6999-4,,,333,92.0,27.7,0.9994
KAN8806140.1,[Neocosmospora] sp. B6999-4,,,347,0.0,32.29,0.9999
KAN8803722.1,[Neocosmospora] sp. B6999-5,,,450,0.0,31.97,0.9995
KAN8798137.1,[Neocosmospora] sp. B6999-4,,,333,92.0,27.7,0.9994
KAN8795609.1,[Neocosmospora] sp. B6999-5,,,333,92.0,27.52,0.9995
KAN8794480.1,[Neocosmospora] sp. B6999-4,,,389,0.0,31.88,0.9996
KAN8793163.1,[Neocosmospora] sp. B6999-4,,,523,42.0,48.45,0.9984
KAN8792524.1,[Neocosmospora] sp. B6999-5,,,523,42.0,49.17,0.9989
CAQ9736511.1,Flavobacterium sp. (oral metagenome),25.33,mesophile,473,27.0,24.77,0.0404
CAR3355026.1,Steroidobacteraceae bacterium,,,664,21.0,54.09,0.19
CAR3389117.1,Steroidobacteraceae bacterium,,,661,23.0,54.22,0.0006
CAQ9727366.1,Stenotrophomonas maltophilia (oral metagenome),30.75,mesophile,395,76.0,30.85,0.0
CAQ8760408.1,Flavobacterium oncorhynchi (oral metagenome),25.33,mesophile,584,27.0,25.51,0.0077
CAQ2034896.1,Segatella salivae,,,662,22.0,42.93,0.0006
CAQ1451020.1,Prevotella sp,34.29,mesophile,451,54.0,33.44,0.9565
CAR1604122.1,Klebsiella pneumoniae,36.0,mesophile,408,71.0,38.3,0.0012
WP_481395440.1,Pseudomonas koreensis,28.88,mesophile,320,95.0,28.8,0.0001
CAR1294953.1,Bacillus licheniformis,33.63,mesophile,560,30.0,35.53,0.0054
CAR1272059.1,Bacillus paralicheniformis,37.0,mesophile,560,30.0,32.97,0.0005
CAR1248110.1,Bacillus velezensis,33.63,mesophile,499,34.0,33.02,0.0135
CAR1275761.1,Bacillus velezensis,33.63,mesophile,499,34.0,33.02,0.0135
WP_102614236.1,Pseudomonas,28.88,mesophile,872,6.0,29.4,0.0004
KAN5261177.1,Cryptococcus deneoformans (Cryptococcus neoformans var. neoformans),,,847,10.0,37.56,0.0022
KAN5257714.1,Cryptococcus deneoformans (Cryptococcus neoformans var. neoformans),,,494,45.0,53.83,0.0001
KAN5251600.1,Kwoniella fici,,,528,41.0,28.75,0.1901
KAN5251310.1,Kwoniella fici,,,667,19.0,38.11,0.8986
KAN5249353.1,Cryptococcus sp. CMW60451,,,1015,4.0,32.71,0.0
KAN5242759.1,Cryptococcus sp. CMW60451,,,536,35.0,20.98,0.0001
KAN5241082.1,Cryptococcus deuterogattii (Cryptococcus gattii VGII),,,864,10.0,34.34,0.0003
KAN5240556.1,Kwoniella fici,,,490,45.0,56.65,0.0001
KAN5240282.1,Cryptococcus sp. CMW60451,,,495,45.0,49.61,0.0002
KAN5239451.1,Kwoniella ovata,,,536,36.0,30.84,0.1821
KAN5237069.1,Cryptococcus deuterogattii (Cryptococcus gattii VGII),,,487,45.0,58.05,0.0069
KAN5235007.1,Cryptococcus deneoformans (Cryptococcus neoformans var. neoformans),,,847,10.0,37.55,0.0019
KAN5231938.1,Kwoniella ovata,,,215,97.0,37.47,0.987
KAN5225982.1,Cryptococcus deneoformans (Cryptococcus neoformans var. neoformans),,,494,45.0,54.24,0.0002
KAN5224046.1,Kwoniella ovata,,,483,48.0,59.5,0.4973
KAN5223967.1,Cryptococcus deneoformans (Cryptococcus neoformans var. neoformans),,,847,10.0,37.56,0.0022
KAN5220487.1,Kwoniella ovata,,,664,19.0,38.68,0.1124
KAN5220399.1,Kwoniella ovata,,,475,49.0,53.89,0.9921
KAN5213628.1,Cryptococcus deneoformans (Cryptococcus neoformans var. neoformans),,,494,45.0,54.3,0.0003
KAN5208176.1,Cryptococcus neoformans (Cryptococcus neoformans var. grubii),,,495,45.0,53.8,0.0012
KAN5207344.1,Cryptococcus neoformans (Cryptococcus neoformans var. grubii),,,487,45.0,53.61,0.0029
KAN5192427.1,Cryptococcus neoformans (Cryptococcus neoformans var. grubii),,,495,45.0,54.3,0.0017
KAN5189123.1,Cryptococcus neoformans (Cryptococcus neoformans var. grubii),,,487,45.0,53.47,0.0035
KAN5186108.1,Cryptococcus neoformans (Cryptococcus neoformans var. grubii),,,487,45.0,53.15,0.0038
KAN5179232.1,Kwoniella mangroviensis CBS 8886,,,473,49.0,57.59,0.9366
KAN5176757.1,Kwoniella mangroviensis CBS 8886,,,671,19.0,37.55,0.0015
KAN5176311.1,Kwoniella mangroviensis CBS 8886,,,494,45.0,59.16,0.0538
KAN5168905.1,Cryptococcus neoformans (Cryptococcus neoformans var. grubii),,,487,45.0,53.24,0.0025
KAN5167922.1,Cryptococcus neoformans (Cryptococcus neoformans var. grubii),,,495,45.0,54.68,0.0012
KAN5165939.1,Kwoniella mangroviensis CBS 8886,,,524,36.0,26.28,0.0001
KAN5158476.1,Cryptococcus deneoformans (Cryptococcus neoformans var. neoformans),,,847,10.0,37.55,0.0019
KAN5155002.1,Cryptococcus deneoformans (Cryptococcus neoformans var. neoformans),,,492,45.0,55.25,0.0004
KAN5148457.1,Cryptococcus neoformans (Cryptococcus neoformans var. grubii),,,487,45.0,53.47,0.0035
KAN5143765.1,Cryptococcus bacillisporus CA1873 (Cryptococcus gattii CA1873),,,861,10.0,36.18,0.0017
KAN5141004.1,Cryptococcus bacillisporus CA1873 (Cryptococcus gattii CA1873),,,497,45.0,63.85,0.0384
A0A023VXA2.1,Martelella endophytica,29.0,mesophile,349,86.0,30.3,0.0292
P58599.1,Ralstonia pseudosolanacearum GMI1000,,,424,66.0,15.77,0.0
P15704.1,Clostridium saccharobutylicum,34.07,mesophile,448,55.0,36.72,0.0168
P06564.1,Halalkalibacter akibai JCM 9157,,,800,14.0,38.14,0.9679
P07983.2,Bacillus subtilis,29.0,mesophile,499,34.0,33.69,0.0276
WP_476308614.1,Pseudomonas atacamensis,28.88,mesophile,318,95.0,28.45,0.0
WP_476303578.1,Pseudomonas mohnii,28.88,mesophile,886,6.0,29.17,0.0009
WP_476249660.1,Pseudomonas sp. TE9122,28.88,mesophile,318,95.0,28.89,0.0
WP_101158858.1,Pseudomonas,28.88,mesophile,318,95.0,28.7,0.0
P07982.1,Trichoderma reesei (Hypocrea jecorina),,,418,68.0,29.25,0.0053
P10475.1,Bacillus subtilis subsp. subtilis str. 168,29.0,mesophile,499,34.0,36.63,0.1235
P16216.1,Hominimerdicola alba,,,406,72.0,25.49,0.989
WP_474320660.1,Pseudomonas atacamensis,28.88,mesophile,318,95.0,28.25,0.0
WP_472510166.1,Pseudomonas moraviensis,31.5,mesophile,318,95.0,29.73,0.0
WP_472508925.1,Pseudomonas moraviensis,31.5,mesophile,318,95.0,30.54,0.0
WP_122508323.1,Pseudomonas,28.88,mesophile,318,95.0,29.27,0.0
WP_471877530.1,Pseudomonas koreensis,28.88,mesophile,318,95.0,29.97,0.0
WP_223526411.1,unclassified Pseudomonas,,,872,6.0,28.8,0.0026
YDE66953.1,Coptotermes formosanus (Formosan subterranean termite),,,431,62.0,45.53,0.0214
WP_463552681.1,Pseudomonas sp. AC193,28.88,mesophile,318,95.0,27.98,0.0
WP_463549214.1,Pseudomonas sp. AC252,28.88,mesophile,318,95.0,29.8,0.0001
XP_065460616.1,Penicillium solitum,,,381,63.0,38.59,0.0029
XP_057135862.1,Penicillium samsonianum,,,424,63.0,35.27,0.0033
XP_057115925.1,Penicillium waksmanii,,,427,63.0,37.86,0.0006
XP_056493740.1,Penicillium cosmopolitanum,,,423,63.0,34.68,0.0009
CAN6951768.1,Acetobacter orientalis,30.58,mesophile,356,83.0,30.85,0.9999
CAN9029758.1,Acetobacter orientalis,30.58,mesophile,356,83.0,30.85,0.9999
WP_462049588.1,Pseudomonas sp. LB3P14,28.88,mesophile,873,6.0,26.97,0.0007
WP_462045413.1,Pseudomonas sp. ZS1P83,28.88,mesophile,874,6.0,29.45,0.0025
WP_462034547.1,Pseudomonas sp. MDT1-17,28.88,mesophile,874,6.0,30.06,0.0004
WP_461972774.1,Pseudomonas sp. Hz4,28.88,mesophile,874,6.0,29.26,0.0006
WP_461964564.1,Pseudomonas sp. HLT2-19-2,28.88,mesophile,874,6.0,29.69,0.0032
WP_461960323.1,Pseudomonas sp. LS2P72,28.88,mesophile,872,6.0,28.29,0.001
WP_460120378.1,unclassified Pseudomonas,,,318,95.0,29.26,0.0
WP_460109419.1,unclassified Pseudomonas,,,318,95.0,29.33,0.0
WP_341637066.1,unclassified Pseudomonas,,,318,95.0,29.31,0.0
WP_460161110.1,Pseudomonas sp. S2_B10,28.88,mesophile,318,95.0,28.68,0.0001
WP_460062167.1,Pseudomonas sp. S2_A05,28.88,mesophile,318,95.0,29.07,0.0
A0A024SH20.1,Trichoderma reesei RUT C-30,,,418,68.0,28.66,0.0056
P19487.2,Xanthomonas campestris pv. campestris str. ATCC 33913,28.0,mesophile,484,47.0,29.41,0.0
P23548.2,Paenibacillus polymyxa,31.27,mesophile,397,75.0,31.66,0.0003
P17974.2,Ralstonia solanacearum,,,426,66.0,15.24,0.0
P19424.1,Bacillus sp. KSM-635,33.63,mesophile,941,5.0,36.88,0.0128
P27035.2,Streptomyces lividans,29.46,mesophile,459,50.0,28.46,0.0
P23549.1,Bacillus subtilis,29.0,mesophile,499,34.0,34.97,0.0877
YCP35212.1,Pseudomonas sp. Tul2A7,28.88,mesophile,318,95.0,29.29,0.0
YCP43905.1,Pseudomonas sp. Tul1A2,28.88,mesophile,318,95.0,29.29,0.0
WP_458974158.1,Pseudomonas fluorescens group sp. PF-69,28.88,mesophile,886,6.0,29.91,0.0009
WP_458959941.1,Pseudomonas fluorescens group sp. PF-1,28.88,mesophile,886,6.0,29.04,0.0008
WP_458944853.1,Pseudomonas mohnii,28.88,mesophile,886,6.0,29.02,0.0004
GAL13555.1,Vibrio astriarenae,30.0,mesophile,298,96.0,30.13,0.0381
WP_457373802.1,Pseudomonas sp. TE12234,28.88,mesophile,880,6.0,28.66,0.0003
WP_457262544.1,Pseudomonas sp. PK-RTE-24,28.88,mesophile,318,95.0,28.81,0.0001
YBZ68765.1,Bacillus subtilis,29.0,mesophile,499,34.0,36.63,0.1235
WP_455806953.1,Pseudomonas,28.88,mesophile,318,95.0,30.45,0.0
WP_130208870.1,Pseudomonas,28.88,mesophile,886,6.0,29.52,0.0006
WP_414955397.1,Caballeronia eucalypticola,28.08,mesophile,437,59.0,30.19,0.0
WP_449105812.1,Pseudomonas mohnii,28.88,mesophile,886,6.0,29.16,0.0004
WP_448646956.1,Pseudomonas mohnii,28.88,mesophile,886,6.0,29.29,0.0005
WP_448090787.1,Pseudomonas azerbaijanoccidentalis,28.88,mesophile,320,95.0,30.15,0.0
WP_447798216.1,Pseudomonas moraviensis,31.5,mesophile,318,95.0,30.32,0.0
ATL86941.1,Streptomyces malaysiensis subsp. malaysiensis,29.46,mesophile,633,25.0,30.58,0.0
YAI13659.1,Pseudomonas ceruminis,28.88,mesophile,863,9.0,29.48,0.0075
YAC29695.1,Pseudomonas sp. McL0111,28.88,mesophile,318,95.0,30.04,0.0
XZA69765.1,Pseudomonas putida,28.88,mesophile,866,9.0,28.53,0.9098
XYT23942.1,Pseudomonas putida,28.88,mesophile,866,9.0,28.47,0.9053
XYC46423.1,Pseudomonas guariconensis,28.88,mesophile,878,7.0,27.26,0.0005
WP_436274187.1,Pseudomonas sp. LjRoot277,28.88,mesophile,873,6.0,27.86,0.0007
CAN7570532.1,Pseudomonas sp. LjRoot277,28.88,mesophile,873,6.0,27.86,0.0007
XXL57363.1,Pseudomonas putida,28.88,mesophile,866,9.0,28.62,0.9134
WP_434766187.1,Pseudomonas triticicola,28.88,mesophile,318,95.0,29.78,0.0
XWZ74100.1,Streptomyces lividans,29.46,mesophile,461,50.0,28.2,0.0
KAL6983799.1,Sarracenia purpurea var. burkii,,,417,29.0,47.15,0.0022
KAL6979532.1,Sarracenia purpurea var. burkii,,,489,46.0,37.2,0.0
CAL2067814.1,Streptomyces murinus,29.46,mesophile,659,24.0,28.42,0.0
CAL2074298.1,Streptomyces murinus,29.46,mesophile,658,24.0,28.61,0.0
ABV98267.1,Salinispora arenicola CNS-205,24.0,mesophile,459,51.0,31.0,0.0001
WP_427573553.1,Pseudomonas sp. NPDC089569,28.88,mesophile,881,6.0,28.35,0.002
WP_426619562.1,Pseudomonas rustica,28.88,mesophile,318,95.0,29.27,0.0
WP_425643848.1,Pseudomonas atacamensis,28.88,mesophile,318,95.0,28.43,0.0001
XSA48013.1,Pseudomonas rustica,28.88,mesophile,318,95.0,29.27,0.0
BCE03288.1,Marinicellulosiphila megalodicopiae,,,1189,2.0,19.26,0.3918
BCE02488.1,Marinicellulosiphila megalodicopiae,,,324,93.0,38.47,1.0
XRA47969.1,Pseudomonas citronellolis,28.88,mesophile,865,6.0,29.8,0.0046
WP_346622937.1,Pseudomonas atacamensis,28.88,mesophile,318,95.0,28.28,0.0
WP_419711135.1,Pseudomonas sp. NFX224,28.88,mesophile,318,95.0,28.49,0.0
XPS02465.1,Pseudomonas sp. NFX224,28.88,mesophile,318,95.0,28.49,0.0
WP_348969897.1,Pseudomonas atacamensis,28.88,mesophile,318,95.0,29.19,0.0
XBL93930.1,Pseudomonas atacamensis,28.88,mesophile,318,95.0,29.19,0.0
GAA5264582.1,Acidiphilium sp. MT5,29.5,mesophile,700,18.0,30.47,0.0
WP_415767262.1,Pseudomonas frigoris,28.88,mesophile,875,6.0,29.24,0.0011
CAM3722765.1,Tsukamurella ocularis,30.0,mesophile,419,67.0,29.77,0.0002
WP_415263941.1,Pseudomonas serbica,28.88,mesophile,876,6.0,29.61,0.0008
CAM3357822.1,Tsukamurella hominis,30.0,mesophile,398,74.0,30.59,0.0
CAI8726239.1,Pseudomonas serbica,28.88,mesophile,876,6.0,29.61,0.0008
CAI8894440.1,Pseudomonas sp. IT-P218,28.88,mesophile,876,6.0,30.17,0.0
CAI8834081.1,Pseudomonas sp. IT-P100,28.88,mesophile,873,6.0,28.25,0.0003
CAI8840144.1,Pseudomonas sp. IT-P171,28.88,mesophile,873,6.0,29.17,0.0003
CAI8803944.1,Pseudomonas sp. IT-P12,28.88,mesophile,870,6.0,26.91,0.0023
CAI8893189.1,Bacillus sp. IT-79MI2,33.63,mesophile,411,70.0,30.55,0.0027
CAI8821490.1,Chryseobacterium sp. IT-36CA2,28.16,mesophile,576,28.0,27.85,0.0014
CAI8792356.1,Bacillus sp. IT-13CA1,33.63,mesophile,560,30.0,35.66,0.0056
CAI8768062.1,Bacillus sp. IT-13CA1,33.63,mesophile,542,34.0,34.42,0.0031
CAI8892885.1,Bacillus pseudomycoides,28.0,mesophile,411,70.0,30.69,0.0004
CAI8785432.1,Bacillus licheniformis,33.63,mesophile,560,30.0,35.64,0.0053
CAI8762520.1,Bacillus licheniformis,33.63,mesophile,534,34.0,32.81,0.0012
CAI8725077.1,Bacillus velezensis,33.63,mesophile,499,34.0,33.79,0.026
CAI8835145.1,Bacillus pseudomycoides,28.0,mesophile,411,70.0,30.69,0.0004
KAL4418084.1,Colletotrichum abscissum,,,816,12.0,53.15,0.9802
CAM2146313.1,Paraburkholderia tropica,30.0,mesophile,499,34.0,34.49,0.0152
XLW97529.1,Pseudomonas promysalinigenes,28.88,mesophile,866,9.0,29.68,0.0148
CAM1373522.1,Tenacibaculum xiamenense,29.0,mesophile,348,88.0,29.8,0.0916
XKS89985.1,Pseudomonas sp. KnCO4,28.88,mesophile,870,9.0,29.83,0.0018
WP_140681206.1,Pseudomonas mandelii,30.0,mesophile,872,6.0,27.63,0.0016
XKR13754.1,Pseudomonas siliginis,28.88,mesophile,318,95.0,29.04,0.0
WP_404671274.1,Pseudomonas sp. NPDC089406,28.88,mesophile,857,9.0,28.28,0.0218
WP_221733201.1,Pseudomonas,28.88,mesophile,320,95.0,27.94,0.0
WP_403137841.1,Pseudomonas sp. NPDC098740,28.88,mesophile,872,6.0,28.25,0.0011
WP_401387414.1,Pseudomonas sp. NPDC087598,28.88,mesophile,317,95.0,28.5,0.0
WP_401315093.1,Pseudomonas sp. NPDC087336,28.88,mesophile,874,6.0,28.86,0.0003
WP_401310601.1,Pseudomonas sp. NPDC087336,28.88,mesophile,877,6.0,28.8,0.0008
WP_401239567.1,Pseudomonas sp. NPDC087804,28.88,mesophile,318,95.0,29.28,0.0
WP_400694742.1,Pseudomonas sp. NPDC089401,28.88,mesophile,862,9.0,29.21,0.0001
WP_400554955.1,Pseudomonas atacamensis,28.88,mesophile,318,95.0,28.55,0.0001
WP_400502193.1,Pseudomonas atacamensis,28.88,mesophile,318,95.0,29.09,0.0001
WP_397478716.1,unclassified Pseudomonas,,,318,95.0,28.72,0.0
XIH52296.1,Priestia aryabhattai,,,427,65.0,31.19,0.0083
XIH42537.1,Priestia aryabhattai,,,428,64.0,46.52,0.9081
XIH71839.1,Priestia aryabhattai,,,459,52.0,46.59,0.2086
XIG91236.1,Priestia aryabhattai,,,434,60.0,43.58,0.9652
XIG89020.1,Priestia aryabhattai,,,422,60.0,37.38,0.6117
WP_392887504.1,Pseudomonas migulae,28.88,mesophile,866,6.0,28.79,0.0013
BAA12676.1,Mycothermus thermophilus,,,388,77.0,31.69,0.9992
XIE43612.1,Pseudomonas migulae,28.88,mesophile,866,6.0,28.79,0.0013
WP_390955479.1,Pseudomonas moorei,28.88,mesophile,880,6.0,28.35,0.0003
XHO07589.1,Ralstonia syzygii,,,422,66.0,14.51,0.0
XHI67015.1,Xanthomonas euvesicatoria,28.0,mesophile,377,79.0,27.3,0.0
XHI67014.1,Xanthomonas euvesicatoria,28.0,mesophile,350,85.0,29.15,0.0001
XHI67013.1,Xanthomonas euvesicatoria,28.0,mesophile,357,82.0,27.91,0.0106
WP_375122444.1,Pseudomonas sp. LW8,28.88,mesophile,318,95.0,29.38,0.0001
XGZ18507.1,Pseudomonas sp. LW8,28.88,mesophile,318,95.0,29.38,0.0001
CDN41871.1,Paenibacillus sp. P22,31.27,mesophile,559,31.0,32.51,0.0027
XDZ54946.1,Flavobacterium tructae,25.0,mesophile,517,43.0,28.23,0.0
BES79750.1,Bacillus velezensis,33.63,mesophile,499,34.0,33.51,0.0173
XGB13325.1,Pseudomonas putida,28.88,mesophile,866,9.0,28.73,0.5476
XET69213.1,Pseudomonas kurunegalensis,28.88,mesophile,866,9.0,27.46,0.0737
KAL1565230.1,Salvia divinorum,,,554,32.0,47.11,0.0001
KAL1565229.1,Salvia divinorum,,,495,32.0,45.33,0.0004
KAL1551968.1,Salvia divinorum,,,529,38.0,35.74,0.0001
KAL1551967.1,Salvia divinorum,,,534,38.0,39.53,0.0002
KAL1551966.1,Salvia divinorum,,,245,37.0,46.21,0.0137
KAL1551964.1,Salvia divinorum,,,530,37.0,37.4,0.0
KAL1551963.1,Salvia divinorum,,,535,37.0,39.37,0.0
KAL1551962.1,Salvia divinorum,,,530,37.0,35.81,0.0002
KAL1551961.1,Salvia divinorum,,,535,37.0,37.56,0.0001
KAL1551960.1,Salvia divinorum,,,531,40.0,46.29,0.0
KAL1532747.1,Salvia divinorum,,,532,37.0,34.59,0.0001
WP_369991810.1,Pseudomonas xanthosomatis,28.88,mesophile,857,9.0,28.0,0.0209
AWM35364.1,Hymenobacter nivis,15.0,mesophile,341,89.0,18.63,1.0
XP_066732524.1,Apiospora kogelbergensis,,,850,1.0,58.48,0.0001
XP_066734795.1,Apiospora kogelbergensis,,,412,61.0,41.44,0.0015
XP_066661595.1,Apiospora hydei,,,432,61.0,40.27,0.0014
XDC06972.1,Pseudomonas guariconensis,28.88,mesophile,875,7.0,27.07,0.0011
XDA16208.1,Pseudomonas sp. X4,28.88,mesophile,871,9.0,30.51,0.0095
XCG98628.1,Bacillus sp. (in: firmicutes),33.63,mesophile,487,34.0,31.08,0.0032
XCG76920.1,Pseudomonas sp. MYb327,28.88,mesophile,873,6.0,28.53,0.004
WP_073471427.1,Pseudomonas,28.88,mesophile,318,95.0,28.98,0.0
WP_350482927.1,Pseudomonas atacamensis,28.88,mesophile,318,95.0,28.85,0.0001
XBT46226.1,Pseudomonas viridiflava,28.88,mesophile,871,9.0,29.31,0.0563
WP_348122910.1,Pseudomonas sp,28.88,mesophile,873,6.0,27.11,0.0002
WP_347804478.1,Pseudomonas rossensis,28.88,mesophile,872,6.0,28.23,0.0011
XAR70241.1,Bertholletia excelsa (Brazil nut),,,547,33.0,46.59,0.0
XAR70239.1,Bertholletia excelsa (Brazil nut),,,539,33.0,43.55,0.0
XAR64472.1,Bertholletia excelsa (Brazil nut),,,561,29.0,41.67,0.0
KAK8123308.1,Apiospora kogelbergensis,,,855,1.0,58.8,0.0001
KAK8119601.1,Apiospora kogelbergensis,,,412,61.0,41.44,0.0015
KAK8117328.1,Apiospora kogelbergensis,,,850,1.0,58.48,0.0001
KAK8109319.1,Apiospora sp. TS-2023a,,,762,13.0,55.28,0.9815
KAK8105304.1,Apiospora kogelbergensis,,,412,61.0,41.44,0.0015
KAK8062996.1,Apiospora hydei,,,432,61.0,40.27,0.0014
KAK8057012.1,Apiospora saccharicola,,,762,13.0,55.59,0.9792
KAK8036289.1,Apiospora rasikravindrae,,,429,61.0,39.32,0.0254
KAK7990279.1,Apiospora arundinis,,,1401,1.0,60.63,0.0
KAK7990253.1,Apiospora arundinis,,,814,13.0,56.29,0.5771
AOK31304.1,Burkholderia singularis,32.25,mesophile,441,57.0,30.44,0.0013
KAK7445545.1,Colletotrichum acutatum,,,761,12.0,54.94,0.9804
KAK7253611.1,Aureococcus anophagefferens,,,826,11.0,38.05,1.0
KAK7182785.1,Paraphaeosphaeria sporulosa,,,754,17.0,51.96,0.6429
KAK6852268.1,Apiospora arundinis,,,862,1.0,59.9,0.0
WWP10139.1,Pseudomonas putida group bacterium ESBL64,28.88,mesophile,866,9.0,28.79,0.9201
KAK6450073.1,Trichoderma asperellum,,,443,56.0,32.54,0.0406
KAK6445719.1,Trichoderma asperellum,,,1040,3.0,60.89,0.0018
WP_333714163.1,Pseudomonas moraviensis,31.5,mesophile,318,95.0,30.17,0.0
WRK65563.1,Sporocytophaga sp. CX11,,,334,91.0,41.65,1.0
KAK6206750.1,Colletotrichum tabaci (Colletotrichum tabacum),,,761,12.0,54.4,0.8665
KAK6088924.1,Seiridium cupressi,,,665,20.0,51.25,0.9604
KAK6070809.1,Seiridium cupressi,,,665,20.0,50.5,0.9607
WVX03762.1,Pseudomonas sp. LTR0,28.88,mesophile,866,9.0,28.73,0.5476
WVV61605.1,Pseudomonas batumici,28.88,mesophile,887,6.0,29.29,0.0
XP_013326293.1,Rasamsonia emersonii CBS 393.64,,,335,90.0,31.19,0.9999
XP_013323622.1,Rasamsonia emersonii CBS 393.64,,,632,26.0,34.84,0.9452
WVM64570.1,Pseudomonas putida,28.88,mesophile,866,9.0,28.93,0.6371
WP_329696582.1,Pseudomonas sp,28.88,mesophile,320,95.0,25.86,0.0
WP_329517371.1,Pseudomonas moraviensis,31.5,mesophile,318,95.0,29.28,0.0001
WP_325717075.1,Pseudomonas sp,28.88,mesophile,318,95.0,30.66,0.0
WP_325322865.1,Pseudomonas sp,28.88,mesophile,860,6.0,29.89,0.0
CAK7258616.1,Shinella sp. WSC3-e,29.67,mesophile,349,87.0,28.83,0.0027
WRW01298.1,Pseudomonas putida,28.88,mesophile,866,9.0,28.97,0.6861
WRM49288.1,uncultured Saccharophagus sp,,,457,53.0,25.04,0.9806
KAK4687586.1,Tremellales sp. Uapishka_1,,,375,80.0,45.25,0.9787
WCQ93470.1,Sorangium sp. So ce836,32.38,mesophile,354,84.0,33.68,0.9994
WCQ91245.1,Sorangium sp. So ce836,32.38,mesophile,366,81.0,31.91,0.0
WP_323164802.1,Pseudomonas atacamensis,28.88,mesophile,318,95.0,30.08,0.0001
XP_008594636.1,Beauveria bassiana ARSEF 2860,,,752,12.0,52.69,0.9954
XP_036531494.1,Fusarium subglutinans,,,406,73.0,41.0,0.9647
XP_036537752.1,Fusarium subglutinans,,,796,15.0,65.53,0.9997
XP_007817187.1,Metarhizium robertsii ARSEF 23,,,430,63.0,34.86,0.0684
WP_322948140.1,Pseudomonas spirodelae,28.88,mesophile,864,6.0,31.26,0.001
XP_016582695.1,Sporothrix schenckii 1099-18,,,878,8.0,50.08,0.0204
CAK4022690.1,Lecanosticta acicola,,,769,16.0,55.65,0.4084
CAK4029967.1,Lecanosticta acicola,,,440,58.0,45.35,0.9925
CAK4032617.1,Lecanosticta acicola,,,532,39.0,63.69,0.0
CAK4033692.1,Lecanosticta acicola,,,417,69.0,42.49,0.9893
CAQ5375801.1,Thermotoga maritima,80.0,thermophile,317,,79.47,1.0
CAQ5375800.1,Thermotoga maritima,80.0,thermophile,329,,78.51,0.9996
XAI72224.1,Thermus sp,66.94,thermophile,856,,66.77,0.0001
GIO11309.1,Cohnella xylanilytica,31.13,mesophile,641,,30.74,0.0
GAE88280.1,Acetivibrio straminisolvens JCM 21531,,,390,,49.0,0.9952
GAE88377.1,Acetivibrio straminisolvens JCM 21531,,,297,,42.26,0.9993
GAE88376.1,Acetivibrio straminisolvens JCM 21531,,,192,,49.1,1.0
GAE90193.1,Acetivibrio straminisolvens JCM 21531,,,269,,52.15,0.9874
GAE90522.1,Acetivibrio straminisolvens JCM 21531,,,291,,42.9,0.9954
GAE90520.1,Acetivibrio straminisolvens JCM 21531,,,248,,48.91,0.9819
BCS82199.1,Anaerocellum diazotrophicum,,,328,,73.77,0.9935
UXF00194.1,Fervidobacterium riparium,65.0,thermophile,354,,70.27,1.0
AKE31378.1,Thermotoga maritima,80.0,thermophile,329,,78.51,0.9996
AKE31377.1,Thermotoga maritima,80.0,thermophile,317,,79.47,1.0
AKE29507.1,Thermotoga maritima MSB8,80.0,thermophile,329,,78.51,0.9996
AKE29506.1,Thermotoga maritima MSB8,80.0,thermophile,317,,79.47,1.0
AKE27634.1,Thermotoga maritima,80.0,thermophile,329,,78.51,0.9996
AKE27633.1,Thermotoga maritima,80.0,thermophile,317,,79.47,1.0
KAF2962237.1,Fervidobacterium sp. 2310opik-2,71.86,thermophile,326,,69.17,1.0
TYQ17724.1,Acetivibrio alkalicellulosi,,,578,,45.21,1.0
TYQ15182.1,Acetivibrio alkalicellulosi,,,626,,65.6,0.9601
TYQ14912.1,Acetivibrio alkalicellulosi,,,456,,49.5,0.9603
THF75155.1,Cohnella fermenti,31.13,mesophile,568,,29.79,0.0
TCO66343.1,Caldanaerobacter subterraneus,65.0,thermophile,380,,64.12,0.9999
QAV33433.1,Fervidobacterium changbaicum,77.5,thermophile,355,,75.25,1.0
RXE60716.1,Acetivibrio mesophilus,,,908,,50.12,0.9831
RXE60320.1,Acetivibrio mesophilus,,,526,,55.67,0.9999
RXE60218.1,Acetivibrio mesophilus,,,565,,51.64,0.9963
RXE58124.1,Acetivibrio mesophilus,,,565,,44.41,0.9722
AZT91215.1,Caldicellulosiruptor changbaiensis,75.0,thermophile,756,,68.8,0.9998
AZT90847.1,Caldicellulosiruptor changbaiensis,75.0,thermophile,961,,74.05,1.0
AZT89324.1,Caldicellulosiruptor changbaiensis,75.0,thermophile,328,,71.29,0.9992
RKP53163.1,Cohnella endophytica,31.13,mesophile,636,,33.35,0.0
RKP46756.1,Cohnella endophytica,31.13,mesophile,928,,32.81,0.0001
RBP57376.1,Herbinix hemicellulosilytica,55.0,thermophile,418,,56.94,0.9866
PYG90198.1,Ruminiclostridium sufflavum DSM 19573,,,476,,39.23,0.0003
PYG87806.1,Ruminiclostridium sufflavum DSM 19573,,,602,,30.78,0.0008
PRX67911.1,Cohnella sp. SGD-V74,31.13,mesophile,1177,,27.27,0.0001
PQQ68369.1,Acetivibrio saccincola,,,456,,59.96,0.999
PQQ67260.1,Acetivibrio saccincola,,,564,,57.54,0.9956
PQQ66693.1,Acetivibrio saccincola,,,560,,68.49,1.0
PPS95275.1,Thermobifida fusca,43.75,mesophile,616,,43.26,0.0022
PPS91825.1,Thermobifida fusca,43.75,mesophile,466,,42.72,0.0002
PNV79222.1,Dictyoglomus turgidum (hot springs metagenome),78.0,thermophile,332,,77.27,1.0
PNV79221.1,Dictyoglomus turgidum (hot springs metagenome),78.0,thermophile,312,,77.47,1.0
PNV79220.1,Dictyoglomus turgidum (hot springs metagenome),78.0,thermophile,331,,78.12,1.0
PNV79077.1,Dictyoglomus turgidum (hot springs metagenome),78.0,thermophile,335,,78.45,1.0
PMQ01279.1,Dictyoglomus sp. NZ13-RE01 (hot spring metagenome),78.0,thermophile,468,,77.0,0.9971
PMQ00777.1,Dictyoglomus sp. NZ13-RE01 (hot spring metagenome),78.0,thermophile,334,,77.36,1.0
ODN31056.1,Fervidobacterium thailandense,79.0,thermophile,338,,78.53,1.0
PHJ14512.1,Fervidobacterium sp. SC_NGM5_G05,71.86,thermophile,343,,68.39,0.9993
SOD23701.1,Acetivibrio thermocellus,,,900,,55.26,0.9992
PFH25716.1,Caldicellulosiruptor bescii,79.0,thermophile,755,,78.03,1.0
PFH22628.1,Caldicellulosiruptor bescii,79.0,thermophile,755,,78.03,1.0
PFH17711.1,Caldicellulosiruptor bescii,79.0,thermophile,755,,78.0,1.0
PFH15620.1,Caldicellulosiruptor bescii,79.0,thermophile,755,,78.0,1.0
PFH03530.1,Acetivibrio thermocellus AD2,,,900,,55.26,0.9992
PBD09133.1,Caldicellulosiruptor bescii,79.0,thermophile,755,,78.0,1.0
PBD05865.1,Caldicellulosiruptor bescii,79.0,thermophile,755,,78.0,1.0
PBD04501.1,Caldicellulosiruptor bescii,79.0,thermophile,755,,78.0,1.0
PBC90068.1,Caldicellulosiruptor bescii,79.0,thermophile,755,,78.0,1.0
PBC87129.1,Caldicellulosiruptor bescii,79.0,thermophile,755,,78.0,1.0
AEV70372.1,Acetivibrio clariflavus DSM 19732,,,564,,52.45,0.9889
AEV68583.1,Acetivibrio clariflavus DSM 19732,,,561,,59.09,0.9996
AEV67797.1,Acetivibrio clariflavus DSM 19732,,,537,,48.99,0.991
AEV67086.1,Acetivibrio clariflavus DSM 19732,,,818,,52.87,0.9776
ADU75785.1,Acetivibrio thermocellus DSM 1313,,,660,,56.36,1.0
ADU75267.1,Acetivibrio thermocellus DSM 1313,,,900,,55.26,0.9992
ADU75266.1,Acetivibrio thermocellus DSM 1313,,,561,,48.3,0.9942
ADU74872.1,Acetivibrio thermocellus DSM 1313,,,526,,56.15,1.0
ADU74758.1,Acetivibrio thermocellus DSM 1313,,,563,,54.78,0.9978
ADU74487.1,Acetivibrio thermocellus DSM 1313,,,814,,47.41,0.9995
ADU73502.1,Acetivibrio thermocellus DSM 1313,,,566,,47.06,0.9941
ADU73485.1,Acetivibrio thermocellus DSM 1313,,,343,,56.98,1.0
ACL76673.1,Ruminiclostridium cellulolyticum H10,,,539,,44.8,0.014
ACL75458.1,Ruminiclostridium cellulolyticum H10,,,475,,41.85,0.0145
ACL75216.1,Ruminiclostridium cellulolyticum H10,,,584,,51.8,0.0344
ACL75118.1,Ruminiclostridium cellulolyticum H10,,,534,,43.25,0.0085
ACL74811.1,Ruminiclostridium cellulolyticum H10,,,930,,48.28,0.0
ABV33417.1,Pseudothermotoga lettingae TMO,65.0,thermophile,414,,63.77,0.9676
ABN54070.1,Acetivibrio thermocellus ATCC 27405,,,566,,47.13,0.9938
ABN54006.1,Acetivibrio thermocellus ATCC 27405,,,343,,56.98,1.0
ABN53350.1,Acetivibrio thermocellus ATCC 27405,,,660,,55.08,0.9999
ABN52701.1,Acetivibrio thermocellus ATCC 27405,,,900,,55.94,0.9994
ABN52700.1,Acetivibrio thermocellus ATCC 27405,,,561,,48.95,0.9961
ABN52032.1,Acetivibrio thermocellus ATCC 27405,,,814,,47.82,0.9996
ABN51772.1,Acetivibrio thermocellus ATCC 27405,,,563,,54.78,0.9978
ABN51643.1,Acetivibrio thermocellus ATCC 27405,,,526,,56.15,1.0
OXS58876.1,Cohnella sp. CIP 111063,31.13,mesophile,493,,32.69,0.0033
SMR96764.1,Caldicellulosiruptor bescii,79.0,thermophile,755,,78.0,1.0
SMR92453.1,Caldicellulosiruptor bescii,79.0,thermophile,755,,78.0,1.0
SMR90007.1,Caldicellulosiruptor bescii,79.0,thermophile,755,,78.0,1.0
SMR95244.1,Caldicellulosiruptor bescii,79.0,thermophile,755,,78.0,1.0
ARO76321.1,uncultured Dictyoglomus sp,,,309,,84.26,1.0
SLL40035.1,Caldicellulosiruptor bescii,79.0,thermophile,755,,78.0,1.0
SKC62770.1,Caldicellulosiruptor bescii,79.0,thermophile,755,,78.0,1.0
SKC44333.1,Caldicellulosiruptor bescii,79.0,thermophile,755,,78.0,1.0
SKC66892.1,Caldicellulosiruptor bescii,79.0,thermophile,755,,78.0,1.0
SHN52027.1,Fervidobacterium gondwanense DSM 13020,66.5,thermophile,354,,70.27,1.0
SDH86387.1,Fervidobacterium changbaicum,77.5,thermophile,355,,75.25,1.0
ANV77591.1,Acetivibrio thermocellus DSM 2360,,,660,,56.36,1.0
ANV77007.1,Acetivibrio thermocellus DSM 2360,,,900,,55.26,0.9992
ANV77006.1,Acetivibrio thermocellus DSM 2360,,,561,,48.3,0.9942
ANV76577.1,Acetivibrio thermocellus DSM 2360,,,526,,56.15,1.0
ANV76461.1,Acetivibrio thermocellus DSM 2360,,,563,,54.78,0.9978
ANV76179.1,Acetivibrio thermocellus DSM 2360,,,814,,47.41,0.9995
ANV75163.1,Acetivibrio thermocellus DSM 2360,,,566,,47.06,0.9941
ANV75146.1,Acetivibrio thermocellus DSM 2360,,,343,,56.98,1.0
ALX09817.1,Acetivibrio thermocellus AD2,,,660,,56.36,1.0
ALX09255.1,Acetivibrio thermocellus AD2,,,900,,55.26,0.9992
ALX09254.1,Acetivibrio thermocellus AD2,,,561,,48.3,0.9942
ALX08827.1,Acetivibrio thermocellus AD2,,,526,,56.15,1.0
ALX08709.1,Acetivibrio thermocellus AD2,,,563,,54.78,0.9978
ALX08430.1,Acetivibrio thermocellus AD2,,,814,,47.41,0.9995
ALX07424.1,Acetivibrio thermocellus AD2,,,566,,47.06,0.9941
ALX07407.1,Acetivibrio thermocellus AD2,,,343,,56.98,1.0
ANE42311.1,Fervidobacterium ngatamarikiense,71.86,thermophile,323,,75.85,1.0
KUP98038.1,Thermobifida cellulosilytica TB100,43.75,mesophile,618,,43.25,0.0002
KUP95310.1,Thermobifida cellulosilytica TB100,43.75,mesophile,472,,40.56,0.0
KUK23833.1,Thermotoga petrophila (terestrial metagenome),80.0,thermophile,329,,76.19,0.9993
KUK23832.1,Thermotoga petrophila (terestrial metagenome),80.0,thermophile,317,,79.73,1.0
CAB01405.2,Caldicellulosiruptor bescii DSM 6725,79.0,thermophile,755,,78.0,1.0
CUH91792.1,Herbinix luporum,55.0,thermophile,473,,52.26,0.9997
AHD18355.1,Thermotoga maritima MSB8,80.0,thermophile,337,,78.92,1.0
AHD18354.1,Thermotoga maritima MSB8,80.0,thermophile,331,,78.04,0.9997
AFG35892.1,Fervidobacterium pennivorans DSM 9078,80.0,thermophile,360,,76.66,1.0
ACY96946.1,Thermomonospora curvata DSM 43183,50.0,mesophile,618,,46.58,0.0
AFK87329.1,Thermoanaerobacterium saccharolyticum JW/SL-YS485,60.0,thermophile,330,,60.38,1.0
AFK85368.1,Thermoanaerobacterium saccharolyticum JW/SL-YS485,60.0,thermophile,385,,60.11,0.9877
CDZ23707.1,[Clostridium] cellulosi,34.07,mesophile,898,,37.65,0.0001
ERM91588.1,Caldanaerobacter subterraneus subsp. yonseiensis KB-1,65.0,thermophile,380,,64.12,0.9999
ACI19118.1,Dictyoglomus thermophilum H-6-12,78.0,thermophile,331,,79.24,1.0
ADQ41479.1,Caldicellulosiruptor acetigenus I77R1B,66.5,thermophile,755,,71.3,0.9998
ADQ39796.1,Caldicellulosiruptor acetigenus I77R1B,66.5,thermophile,328,,69.92,0.9997
AAD36817.1,Thermotoga maritima MSB8,80.0,thermophile,329,,78.51,0.9996
AAD36816.1,Thermotoga maritima MSB8,80.0,thermophile,317,,79.47,1.0
AAM23649.1,Caldanaerobacter subterraneus subsp. tengcongensis MB4 (Thermoanaerobacter tengcongensis MB4),65.0,thermophile,380,,64.12,0.9999
ACM60947.1,Caldicellulosiruptor bescii DSM 6725,79.0,thermophile,1294,,79.32,0.9936
ACM59720.1,Caldicellulosiruptor bescii DSM 6725,79.0,thermophile,755,,78.0,1.0
ACM59384.1,Caldicellulosiruptor bescii DSM 6725,79.0,thermophile,328,,74.65,1.0
ADL69420.1,Thermoanaerobacterium thermosaccharolyticum DSM 571,58.5,thermophile,330,,61.21,1.0
AGL50683.1,Thermotoga maritima MSB8,80.0,thermophile,317,,79.47,1.0
ACY46934.1,Rhodothermus marinus DSM 4252,65.0,thermophile,358,,66.04,1.0
ACK42859.1,Dictyoglomus turgidum DSM 6724,78.0,thermophile,545,,75.86,1.0
ACK41956.1,Dictyoglomus turgidum DSM 6724,78.0,thermophile,331,,77.48,0.9999
ACK41955.1,Dictyoglomus turgidum DSM 6724,78.0,thermophile,312,,77.47,1.0
ACK41954.1,Dictyoglomus turgidum DSM 6724,78.0,thermophile,332,,77.27,1.0
ACK41602.1,Dictyoglomus turgidum DSM 6724,78.0,thermophile,335,,78.45,1.0
ACB09420.1,Thermotoga sp. RQ2,73.33,thermophile,335,,79.02,1.0
ACB09419.1,Thermotoga sp. RQ2,73.33,thermophile,329,,76.19,0.9993
ABS61403.1,Fervidobacterium nodosum Rt17-B1,70.0,thermophile,343,,68.39,0.9993
ABP66297.1,Caldicellulosiruptor saccharolyticus DSM 8903,70.0,thermophile,756,,67.35,0.9997
CDG36136.1,Acetivibrio thermocellus BC1,,,561,,48.3,0.9942
CDG36664.1,Acetivibrio thermocellus BC1,,,660,,55.7,1.0
AEN71978.1,Rhodothermus marinus SG0.5JP17-172,65.0,thermophile,357,,64.74,1.0
EPR13549.1,Ruminiclostridium papyrosolvens C7,,,534,,42.39,0.0036
EPR12956.1,Ruminiclostridium papyrosolvens C7,,,538,,45.09,0.0089
EPR12097.1,Ruminiclostridium papyrosolvens C7,,,474,,42.99,0.0055
EPR11470.1,Ruminiclostridium papyrosolvens C7,,,930,,45.91,0.0
EOR72053.1,Thermobifida fusca TM51,43.75,mesophile,466,,42.72,0.0002
EOR70177.1,Thermobifida fusca TM51,43.75,mesophile,616,,43.26,0.0022
EMS73525.1,Ruminiclostridium cellobioparum subsp. termitidis CT1112,,,530,,41.99,0.0
EMS73472.1,Ruminiclostridium cellobioparum subsp. termitidis CT1112,,,495,,39.23,0.0001
EMS72912.1,Ruminiclostridium cellobioparum subsp. termitidis CT1112,,,483,,44.82,0.0091
EMS72338.1,Ruminiclostridium cellobioparum subsp. termitidis CT1112,,,477,,32.33,0.0
EMS71779.1,Ruminiclostridium cellobioparum subsp. termitidis CT1112,,,522,,38.32,0.0111
EMS69890.1,Ruminiclostridium cellobioparum subsp. termitidis CT1112,,,1190,,37.87,0.0
ADQ47167.1,Caldicellulosiruptor kronotskyensis 2002,70.0,thermophile,328,,72.49,1.0
ADQ46879.1,Caldicellulosiruptor kronotskyensis 2002,70.0,thermophile,755,,77.52,1.0
ADQ45732.1,Caldicellulosiruptor kronotskyensis 2002,70.0,thermophile,588,,68.9,0.9969
AEM74681.1,Caldicellulosiruptor acetigenus 6A,66.5,thermophile,328,,69.76,1.0
AEM73020.1,Caldicellulosiruptor acetigenus 6A,66.5,thermophile,755,,71.44,0.9999
ADQ08066.1,Caldicellulosiruptor hydrothermalis 108,65.0,thermophile,328,,69.98,0.9986
ADQ07774.1,Caldicellulosiruptor hydrothermalis 108,65.0,thermophile,755,,70.83,0.9999
ADQ04043.1,Caldicellulosiruptor owensensis OL,75.0,thermophile,567,,72.62,0.9874
ADL41864.1,Caldicellulosiruptor obsidiansis OB47,78.0,thermophile,568,,78.65,0.9992
EIC05371.1,Acetivibrio thermocellus YS,,,814,,47.41,0.9995
EIC05351.1,Acetivibrio thermocellus YS,,,563,,54.78,0.9978
EIC05168.1,Acetivibrio thermocellus YS,,,526,,56.15,1.0
EIC04722.1,Acetivibrio thermocellus YS,,,561,,48.3,0.9942
EIC04126.1,Acetivibrio thermocellus YS,,,343,,56.98,1.0
EIC04109.1,Acetivibrio thermocellus YS,,,566,,47.06,0.9941
EIC03668.1,Acetivibrio thermocellus YS,,,660,,56.36,1.0
EGD49658.1,Ruminiclostridium papyrosolvens DSM 2782,,,538,,45.75,0.0167
EGD49416.1,Ruminiclostridium papyrosolvens DSM 2782,,,475,,39.48,0.0009
EGD48151.1,Ruminiclostridium papyrosolvens DSM 2782,,,580,,50.32,0.0012
EGD46605.1,Ruminiclostridium papyrosolvens DSM 2782,,,928,,47.9,0.0
EGD45892.1,Ruminiclostridium papyrosolvens DSM 2782,,,533,,42.54,0.0021
ADO21451.1,Geobacillus stearothermophilus,62.11,thermophile,499,,36.26,0.1729
AAA23225.1,Acetivibrio thermocellus,,,900,,55.94,0.9994
AAK60011.1,Thermus caldophilus,66.94,thermophile,425,,65.79,0.001
AAP56348.1,Thermobifida fusca TM51,43.75,mesophile,616,,42.73,0.0019
BAA00793.1,Acetivibrio thermocellus,,,343,,56.98,1.0
