Accession,Organism,Topt
Q65JI9,Bacillus licheniformis,60.0
,Bacillus sp. SR22,60.0
,Bacillus subtilis,60.0
Q3ZMA8,Cellulomonas flavigena,60.0
,Haloarcula sp.,60.0
,Neobacillus sedimentimangrovi,60.0
,Parageobacillus thermoglucosidasius,60.0
,Streptomyces sp.,60.0
G3BJX5,uncultured rumen bacterium,60.0
,Acetivibrio thermocellus,60.0
,Bacillus sp. (in: firmicutes),60.0
A0A291I5R3,Geobacillus thermodenitrificans,60.0
,Streptomyces rochei,60.0
,uncultured bacterium,60.0
,Ruminiclostridium josui,60.0
Q9AJS0,Alicyclobacillus acidocaldarius,60.0
,Salipaludibacillus agaradhaerens,60.0
I7L8N7,Streptomyces sp. G12,60.0
B7UAM4,Bacillus subtilis,60.0
A0A286Q5D2,uncultured bacterium,60.0
