ClusterID,size,class_counts,majority_fraction,is_mixed
0,1,{0: 1},1.0,False
1,1,{0: 1},1.0,False
2,1,{0: 1},1.0,False
3,1,{0: 1},1.0,False
4,1,{0: 1},1.0,False
5,1,{0: 1},1.0,False
6,1,{0: 1},1.0,False
7,1,{0: 1},1.0,False
8,1,{0: 1},1.0,False
9,10,{0: 10},1.0,False
10,1,{0: 1},1.0,False
11,1,{0: 1},1.0,False
12,1,{0: 1},1.0,False
13,2,{0: 2},1.0,False
14,3,{0: 3},1.0,False
15,2,{0: 2},1.0,False
16,1,{0: 1},1.0,False
17,1,{0: 1},1.0,False
18,8,{0: 8},1.0,False
19,1,{0: 1},1.0,False
20,1,{0: 1},1.0,False
21,1,{0: 1},1.0,False
22,2,{0: 2},1.0,False
23,1,{0: 1},1.0,False
24,1,{0: 1},1.0,False
25,1,{0: 1},1.0,False
26,1,{0: 1},1.0,False
27,1,{0: 1},1.0,False
28,1,{0: 1},1.0,False
29,1,{0: 1},1.0,False
30,1,{0: 1},1.0,False
31,1,{0: 1},1.0,False
32,1,{0: 1},1.0,False
33,1,{0: 1},1.0,False
34,1,{0: 1},1.0,False
35,1,{0: 1},1.0,False
36,1,{0: 1},1.0,False
37,1,{0: 1},1.0,False
38,1,{0: 1},1.0,False
39,3,{0: 3},1.0,False
40,1,{0: 1},1.0,False
41,1,{0: 1},1.0,False
42,2,{0: 2},1.0,False
43,5,{0: 5},1.0,False
44,1,{0: 1},1.0,False
45,1,{0: 1},1.0,False
46,1,{0: 1},1.0,False
47,26,{0: 26},1.0,False
48,1,{0: 1},1.0,False
49,1,{0: 1},1.0,False
50,1,{0: 1},1.0,False
51,1,{0: 1},1.0,False
52,1,{0: 1},1.0,False
53,1,{0: 1},1.0,False
54,1,{0: 1},1.0,False
55,7,{0: 7},1.0,False
56,1,{0: 1},1.0,False
57,1,{0: 1},1.0,False
58,1,{0: 1},1.0,False
59,8,{0: 8},1.0,False
60,1,{0: 1},1.0,False
61,3,{0: 3},1.0,False
62,1,{0: 1},1.0,False
63,1,{0: 1},1.0,False
64,1,{0: 1},1.0,False
65,1,{0: 1},1.0,False
66,1,{0: 1},1.0,False
67,1,{0: 1},1.0,False
68,12,{0: 12},1.0,False
69,1,{0: 1},1.0,False
70,1,{0: 1},1.0,False
71,2,{0: 2},1.0,False
72,1,{0: 1},1.0,False
73,1,{0: 1},1.0,False
74,1,{0: 1},1.0,False
75,9,{0: 9},1.0,False
76,3,{0: 3},1.0,False
77,1,{0: 1},1.0,False
78,1,{0: 1},1.0,False
79,8,{0: 8},1.0,False
80,5,{0: 5},1.0,False
81,1,{0: 1},1.0,False
82,1,{0: 1},1.0,False
83,1,{0: 1},1.0,False
84,1,{0: 1},1.0,False
85,1,{0: 1},1.0,False
86,3,{0: 3},1.0,False
87,1,{0: 1},1.0,False
88,2,{0: 2},1.0,False
89,1,{0: 1},1.0,False
90,1,{0: 1},1.0,False
91,1,{0: 1},1.0,False
92,1,{0: 1},1.0,False
93,1,{0: 1},1.0,False
94,1,{0: 1},1.0,False
95,2,{0: 2},1.0,False
96,1,{0: 1},1.0,False
97,1,{0: 1},1.0,False
98,1,{0: 1},1.0,False
99,1,{0: 1},1.0,False
100,1,{0: 1},1.0,False
101,4,{0: 4},1.0,False
102,1,{0: 1},1.0,False
103,1,{0: 1},1.0,False
104,5,{0: 5},1.0,False
105,2,{0: 2},1.0,False
106,3,{0: 3},1.0,False
107,2,{0: 2},1.0,False
108,1,{0: 1},1.0,False
109,53,{0: 53},1.0,False
110,1,{0: 1},1.0,False
111,8,{0: 8},1.0,False
112,1,{0: 1},1.0,False
113,1,{0: 1},1.0,False
114,1,{0: 1},1.0,False
115,1,{0: 1},1.0,False
116,1,{0: 1},1.0,False
117,1,{0: 1},1.0,False
118,1,{0: 1},1.0,False
119,4,{0: 4},1.0,False
120,1,{0: 1},1.0,False
121,1,{0: 1},1.0,False
122,1,{0: 1},1.0,False
123,3,{0: 3},1.0,False
124,1,{0: 1},1.0,False
125,7,{0: 7},1.0,False
126,1,{0: 1},1.0,False
127,1,{0: 1},1.0,False
128,1,{0: 1},1.0,False
129,1,{0: 1},1.0,False
130,3,{0: 3},1.0,False
131,2,{0: 2},1.0,False
132,1,{0: 1},1.0,False
133,1,{0: 1},1.0,False
134,1,{0: 1},1.0,False
135,1,{0: 1},1.0,False
136,1,{0: 1},1.0,False
137,1,{0: 1},1.0,False
138,1,{0: 1},1.0,False
139,1,{0: 1},1.0,False
140,1,{0: 1},1.0,False
141,2,{0: 2},1.0,False
142,1,{0: 1},1.0,False
143,1,{0: 1},1.0,False
144,1,{0: 1},1.0,False
145,1,{0: 1},1.0,False
146,1,{0: 1},1.0,False
147,1,{0: 1},1.0,False
148,1,{0: 1},1.0,False
149,1,{0: 1},1.0,False
150,1,{0: 1},1.0,False
151,2,{0: 2},1.0,False
152,1,{0: 1},1.0,False
153,1,{0: 1},1.0,False
154,1,{0: 1},1.0,False
155,1,{0: 1},1.0,False
156,1,{0: 1},1.0,False
157,1,{0: 1},1.0,False
158,2,{0: 2},1.0,False
159,1,{0: 1},1.0,False
160,9,{0: 9},1.0,False
161,39,{0: 39},1.0,False
162,1,{0: 1},1.0,False
163,4,{0: 4},1.0,False
164,1,{0: 1},1.0,False
165,1,{0: 1},1.0,False
166,1,{0: 1},1.0,False
167,1,{0: 1},1.0,False
168,1,{0: 1},1.0,False
169,1,{0: 1},1.0,False
170,1,{0: 1},1.0,False
171,29,{0: 29},1.0,False
172,1,{0: 1},1.0,False
173,1,{0: 1},1.0,False
174,1,{0: 1},1.0,False
175,1,{0: 1},1.0,False
176,13,{0: 13},1.0,False
177,1,{0: 1},1.0,False
178,1,{0: 1},1.0,False
179,1,{0: 1},1.0,False
180,1,{0: 1},1.0,False
181,1,{0: 1},1.0,False
182,1,{0: 1},1.0,False
183,7,{0: 7},1.0,False
184,10,{0: 10},1.0,False
185,1,{0: 1},1.0,False
186,1,{0: 1},1.0,False
187,1,{0: 1},1.0,False
188,13,{0: 13},1.0,False
189,1,{0: 1},1.0,False
190,1,{0: 1},1.0,False
191,1,{0: 1},1.0,False
192,1,{0: 1},1.0,False
193,1,{0: 1},1.0,False
194,3,{0: 3},1.0,False
195,19,{0: 19},1.0,False
196,2,{0: 2},1.0,False
197,1,{0: 1},1.0,False
198,1,{0: 1},1.0,False
199,1,{0: 1},1.0,False
200,1,{0: 1},1.0,False
201,1,{0: 1},1.0,False
202,3,{0: 3},1.0,False
203,2,{0: 2},1.0,False
204,1,{0: 1},1.0,False
205,2,{0: 2},1.0,False
206,1,{0: 1},1.0,False
207,1,{0: 1},1.0,False
208,6,{0: 6},1.0,False
209,2,{0: 2},1.0,False
210,2,{0: 2},1.0,False
211,1,{0: 1},1.0,False
212,1,{0: 1},1.0,False
213,1,{0: 1},1.0,False
214,1,{0: 1},1.0,False
215,1,{0: 1},1.0,False
216,1,{0: 1},1.0,False
217,1,{0: 1},1.0,False
218,1,{0: 1},1.0,False
219,1,{0: 1},1.0,False
220,1,{0: 1},1.0,False
221,26,{0: 26},1.0,False
222,1,{0: 1},1.0,False
223,1,{0: 1},1.0,False
224,1,{0: 1},1.0,False
225,1,{0: 1},1.0,False
226,1,{0: 1},1.0,False
227,3,{0: 3},1.0,False
228,13,{0: 13},1.0,False
229,1,{0: 1},1.0,False
230,3,{0: 3},1.0,False
231,1,{0: 1},1.0,False
232,1,{0: 1},1.0,False
233,1,{0: 1},1.0,False
234,1,{0: 1},1.0,False
235,2,{0: 2},1.0,False
236,2,{0: 2},1.0,False
237,1,{0: 1},1.0,False
238,1,{0: 1},1.0,False
239,1,{0: 1},1.0,False
240,1,{0: 1},1.0,False
241,4,{0: 4},1.0,False
242,1,{0: 1},1.0,False
243,1,{0: 1},1.0,False
244,1,{0: 1},1.0,False
245,1,{0: 1},1.0,False
246,3,{0: 3},1.0,False
247,1,{0: 1},1.0,False
248,1,{0: 1},1.0,False
249,1,{0: 1},1.0,False
250,1,{0: 1},1.0,False
251,1,{0: 1},1.0,False
252,1,{0: 1},1.0,False
253,1,{0: 1},1.0,False
254,1,{0: 1},1.0,False
255,1,{0: 1},1.0,False
256,1,{0: 1},1.0,False
257,1,{0: 1},1.0,False
258,1,{0: 1},1.0,False
259,1,{0: 1},1.0,False
260,1,{0: 1},1.0,False
261,1,{0: 1},1.0,False
262,2,{0: 2},1.0,False
263,2,{0: 2},1.0,False
264,1,{0: 1},1.0,False
265,25,{0: 25},1.0,False
266,1,{0: 1},1.0,False
267,1,{0: 1},1.0,False
268,1,{0: 1},1.0,False
269,1,{0: 1},1.0,False
270,1,{0: 1},1.0,False
271,1,{0: 1},1.0,False
272,1,{0: 1},1.0,False
273,1,{0: 1},1.0,False
274,2,{0: 2},1.0,False
275,1,{0: 1},1.0,False
276,1,{0: 1},1.0,False
277,1,{0: 1},1.0,False
278,1,{0: 1},1.0,False
279,1,{0: 1},1.0,False
280,1,{0: 1},1.0,False
281,2,{0: 2},1.0,False
282,1,{0: 1},1.0,False
283,1,{0: 1},1.0,False
284,2,{0: 2},1.0,False
285,1,{0: 1},1.0,False
286,2,{0: 2},1.0,False
287,1,{0: 1},1.0,False
288,2,{0: 2},1.0,False
289,1,{0: 1},1.0,False
290,1,{0: 1},1.0,False
291,1,{0: 1},1.0,False
292,1,{0: 1},1.0,False
293,5,{0: 5},1.0,False
294,1,{0: 1},1.0,False
295,1,{0: 1},1.0,False
296,1,{0: 1},1.0,False
297,2,{0: 2},1.0,False
298,1,{0: 1},1.0,False
299,1,{0: 1},1.0,False
300,1,{0: 1},1.0,False
301,1,{0: 1},1.0,False
302,1,{0: 1},1.0,False
303,2,{0: 2},1.0,False
304,1,{0: 1},1.0,False
305,1,{0: 1},1.0,False
306,1,{0: 1},1.0,False
307,125,{0: 125},1.0,False
308,1,{0: 1},1.0,False
309,2,{0: 2},1.0,False
310,1,{0: 1},1.0,False
311,1,{0: 1},1.0,False
312,1,{0: 1},1.0,False
313,1,{0: 1},1.0,False
314,1,{0: 1},1.0,False
315,1,{0: 1},1.0,False
316,2,{0: 2},1.0,False
317,2,{0: 2},1.0,False
318,1,{0: 1},1.0,False
319,1,{0: 1},1.0,False
320,2,{0: 2},1.0,False
321,1,{0: 1},1.0,False
322,91,{0: 91},1.0,False
323,1,{0: 1},1.0,False
324,1,{0: 1},1.0,False
325,1,{0: 1},1.0,False
326,1,{0: 1},1.0,False
327,5,{0: 5},1.0,False
328,3,{0: 3},1.0,False
329,4,{0: 4},1.0,False
330,1,{0: 1},1.0,False
331,1,{0: 1},1.0,False
332,1,{0: 1},1.0,False
333,1,{0: 1},1.0,False
334,1,{0: 1},1.0,False
335,1,{0: 1},1.0,False
336,1,{0: 1},1.0,False
337,1,{0: 1},1.0,False
338,1,{0: 1},1.0,False
339,1,{0: 1},1.0,False
340,46,{0: 46},1.0,False
341,1,{0: 1},1.0,False
342,1,{0: 1},1.0,False
343,1,{0: 1},1.0,False
344,1,{0: 1},1.0,False
345,1,{0: 1},1.0,False
346,1,{0: 1},1.0,False
347,1,{0: 1},1.0,False
348,1,{0: 1},1.0,False
349,2,{0: 2},1.0,False
350,2,{0: 2},1.0,False
351,1,{0: 1},1.0,False
352,4,{0: 4},1.0,False
353,4,{0: 4},1.0,False
354,1,{0: 1},1.0,False
355,1,{0: 1},1.0,False
356,17,{0: 17},1.0,False
357,1,{0: 1},1.0,False
358,1,{0: 1},1.0,False
359,1,{0: 1},1.0,False
360,1,{0: 1},1.0,False
361,2,{0: 2},1.0,False
362,1,{0: 1},1.0,False
363,1,{0: 1},1.0,False
364,1,{0: 1},1.0,False
365,2,{0: 2},1.0,False
366,2,{0: 2},1.0,False
367,1,{0: 1},1.0,False
368,12,{0: 12},1.0,False
369,1,{0: 1},1.0,False
370,1,{0: 1},1.0,False
371,1,{0: 1},1.0,False
372,1,{0: 1},1.0,False
373,3,{0: 3},1.0,False
374,1,{0: 1},1.0,False
375,1,{0: 1},1.0,False
376,1,{0: 1},1.0,False
377,2,{0: 2},1.0,False
378,1,{0: 1},1.0,False
379,1,{0: 1},1.0,False
380,2,{0: 2},1.0,False
381,1,{0: 1},1.0,False
382,7,{0: 7},1.0,False
383,1,{0: 1},1.0,False
384,1,{0: 1},1.0,False
385,2,{0: 2},1.0,False
386,2,{0: 2},1.0,False
387,1,{0: 1},1.0,False
388,1,{0: 1},1.0,False
389,1,{0: 1},1.0,False
390,1,{0: 1},1.0,False
391,1,{0: 1},1.0,False
392,2,{0: 2},1.0,False
393,1,{0: 1},1.0,False
394,2,{0: 2},1.0,False
395,1,{0: 1},1.0,False
396,1,{0: 1},1.0,False
397,3,{0: 3},1.0,False
398,1,{0: 1},1.0,False
399,1,{0: 1},1.0,False
400,1,{0: 1},1.0,False
401,2,{0: 2},1.0,False
402,5,{0: 5},1.0,False
403,10,{0: 10},1.0,False
404,131,{0: 131},1.0,False
405,1,{0: 1},1.0,False
406,1,{0: 1},1.0,False
407,30,{0: 30},1.0,False
408,2,{0: 2},1.0,False
409,26,{0: 26},1.0,False
410,1,{0: 1},1.0,False
411,1,{0: 1},1.0,False
412,1,{0: 1},1.0,False
413,1,{0: 1},1.0,False
414,3,{0: 3},1.0,False
415,1,{0: 1},1.0,False
416,1,{0: 1},1.0,False
417,1,{0: 1},1.0,False
418,8,{0: 8},1.0,False
419,4,{0: 4},1.0,False
420,13,{0: 13},1.0,False
421,1,{0: 1},1.0,False
422,1,{0: 1},1.0,False
423,1,{0: 1},1.0,False
424,7,{0: 7},1.0,False
425,1,{0: 1},1.0,False
426,1,{0: 1},1.0,False
427,1,{0: 1},1.0,False
428,1,{0: 1},1.0,False
429,1,{0: 1},1.0,False
430,1,{0: 1},1.0,False
431,1,{0: 1},1.0,False
432,2,{0: 2},1.0,False
433,2,{0: 2},1.0,False
434,1,{0: 1},1.0,False
435,15,{0: 15},1.0,False
436,9,{0: 9},1.0,False
437,1,{0: 1},1.0,False
438,1,{0: 1},1.0,False
439,1,{0: 1},1.0,False
440,1,{0: 1},1.0,False
441,1,{0: 1},1.0,False
442,1,{0: 1},1.0,False
443,1,{0: 1},1.0,False
444,1,{0: 1},1.0,False
445,3,{0: 3},1.0,False
446,1,{0: 1},1.0,False
447,1,{0: 1},1.0,False
448,1,{0: 1},1.0,False
449,2,{0: 2},1.0,False
450,6,{0: 6},1.0,False
451,1,{0: 1},1.0,False
452,1,{0: 1},1.0,False
453,1,{0: 1},1.0,False
454,1,{0: 1},1.0,False
455,1,{0: 1},1.0,False
456,3,{0: 3},1.0,False
457,1,{0: 1},1.0,False
458,1,{0: 1},1.0,False
459,14,{0: 14},1.0,False
460,1,{0: 1},1.0,False
461,1,{0: 1},1.0,False
462,5,{0: 5},1.0,False
463,1,{0: 1},1.0,False
464,1,{0: 1},1.0,False
465,1,{0: 1},1.0,False
466,1,{0: 1},1.0,False
467,1,{0: 1},1.0,False
468,1,{0: 1},1.0,False
469,1,{0: 1},1.0,False
470,2,{0: 2},1.0,False
471,1,{0: 1},1.0,False
472,4,{0: 4},1.0,False
473,1,{0: 1},1.0,False
474,1,{0: 1},1.0,False
475,1,{0: 1},1.0,False
476,2,{0: 2},1.0,False
477,1,{0: 1},1.0,False
478,2,{0: 2},1.0,False
479,3,{0: 3},1.0,False
480,1,{0: 1},1.0,False
481,21,{0: 21},1.0,False
482,1,{0: 1},1.0,False
483,1,{0: 1},1.0,False
484,1,{0: 1},1.0,False
485,4,{0: 4},1.0,False
486,9,{0: 9},1.0,False
487,9,{0: 9},1.0,False
488,1,{0: 1},1.0,False
489,1,{0: 1},1.0,False
490,1,{0: 1},1.0,False
491,7,{0: 7},1.0,False
492,6,{0: 6},1.0,False
493,4,{0: 4},1.0,False
494,13,{0: 13},1.0,False
495,2,{0: 2},1.0,False
496,1,{0: 1},1.0,False
497,11,{0: 11},1.0,False
498,1,{0: 1},1.0,False
499,2,{0: 2},1.0,False
500,2,{0: 2},1.0,False
501,9,{0: 9},1.0,False
502,1,{0: 1},1.0,False
503,1,{0: 1},1.0,False
504,1,{0: 1},1.0,False
505,7,{0: 7},1.0,False
506,2,{0: 2},1.0,False
507,1,{0: 1},1.0,False
508,1,{0: 1},1.0,False
509,1,{0: 1},1.0,False
510,1,{0: 1},1.0,False
511,1,{0: 1},1.0,False
512,2,{0: 2},1.0,False
513,1,{0: 1},1.0,False
514,1,{0: 1},1.0,False
515,1,{0: 1},1.0,False
516,1,{0: 1},1.0,False
517,4,{0: 4},1.0,False
518,3,{0: 3},1.0,False
519,6,{0: 6},1.0,False
520,1,{0: 1},1.0,False
521,1,{0: 1},1.0,False
522,1,{0: 1},1.0,False
523,1,{0: 1},1.0,False
524,1,{0: 1},1.0,False
525,1,{0: 1},1.0,False
526,1,{0: 1},1.0,False
527,7,{0: 7},1.0,False
528,1,{0: 1},1.0,False
529,1,{0: 1},1.0,False
530,1,{0: 1},1.0,False
531,1,{0: 1},1.0,False
532,1,{0: 1},1.0,False
533,1,{0: 1},1.0,False
534,1,{0: 1},1.0,False
535,1,{0: 1},1.0,False
536,1,{0: 1},1.0,False
537,2,{0: 2},1.0,False
538,1,{0: 1},1.0,False
539,1,{0: 1},1.0,False
540,1,{0: 1},1.0,False
541,5,{0: 5},1.0,False
542,1,{0: 1},1.0,False
543,1,{0: 1},1.0,False
544,1,{0: 1},1.0,False
545,1,{0: 1},1.0,False
546,1,{0: 1},1.0,False
547,2,{0: 2},1.0,False
548,1,{0: 1},1.0,False
549,1,{0: 1},1.0,False
550,1,{0: 1},1.0,False
551,1,{0: 1},1.0,False
552,2,{0: 2},1.0,False
553,1,{0: 1},1.0,False
554,1,{0: 1},1.0,False
555,1,{0: 1},1.0,False
556,1,{0: 1},1.0,False
557,1,{0: 1},1.0,False
558,1,{0: 1},1.0,False
559,2,{0: 2},1.0,False
560,1,{0: 1},1.0,False
561,2,{0: 2},1.0,False
562,1,{0: 1},1.0,False
563,1,{0: 1},1.0,False
564,2,{0: 2},1.0,False
565,1,{0: 1},1.0,False
566,1,{0: 1},1.0,False
567,4,{0: 4},1.0,False
568,1,{0: 1},1.0,False
569,11,{0: 11},1.0,False
570,1,{0: 1},1.0,False
571,1,{0: 1},1.0,False
572,1,{0: 1},1.0,False
573,10,{0: 10},1.0,False
574,1,{0: 1},1.0,False
575,1,{0: 1},1.0,False
576,1,{0: 1},1.0,False
577,1,{0: 1},1.0,False
578,1,{0: 1},1.0,False
579,6,{0: 6},1.0,False
580,15,{0: 15},1.0,False
581,1,{0: 1},1.0,False
582,1,{0: 1},1.0,False
583,1,{0: 1},1.0,False
584,1,{0: 1},1.0,False
585,43,{0: 43},1.0,False
586,3,{0: 3},1.0,False
587,4,{0: 4},1.0,False
588,1,{0: 1},1.0,False
589,1,{0: 1},1.0,False
590,1,{0: 1},1.0,False
591,1,{0: 1},1.0,False
592,2,{0: 2},1.0,False
593,1,{0: 1},1.0,False
594,3,{0: 3},1.0,False
595,1,{0: 1},1.0,False
596,1,{0: 1},1.0,False
597,1,{0: 1},1.0,False
598,3,{0: 3},1.0,False
599,3,{0: 3},1.0,False
600,1,{0: 1},1.0,False
601,1,{0: 1},1.0,False
602,1,{0: 1},1.0,False
603,1,{0: 1},1.0,False
604,2,{0: 2},1.0,False
605,2,{0: 2},1.0,False
606,2,{0: 2},1.0,False
607,21,{0: 21},1.0,False
608,1,{0: 1},1.0,False
609,1,{0: 1},1.0,False
610,2,{0: 2},1.0,False
611,1,{0: 1},1.0,False
612,5,{0: 5},1.0,False
613,1,{0: 1},1.0,False
614,1,{0: 1},1.0,False
615,2,{0: 2},1.0,False
616,1,{0: 1},1.0,False
617,2,{0: 2},1.0,False
618,8,{0: 8},1.0,False
619,1,{0: 1},1.0,False
620,1,{0: 1},1.0,False
621,1,{0: 1},1.0,False
622,1,{0: 1},1.0,False
623,12,{0: 12},1.0,False
624,2,{0: 2},1.0,False
625,1,{0: 1},1.0,False
626,1,{0: 1},1.0,False
627,1,{0: 1},1.0,False
628,2,{0: 2},1.0,False
629,1,{0: 1},1.0,False
630,1,{0: 1},1.0,False
631,1,{0: 1},1.0,False
632,1,{0: 1},1.0,False
633,1,{0: 1},1.0,False
634,1,{0: 1},1.0,False
635,1,{0: 1},1.0,False
636,1,{0: 1},1.0,False
637,6,{0: 6},1.0,False
638,1,{0: 1},1.0,False
639,1,{0: 1},1.0,False
640,4,{0: 4},1.0,False
641,1,{0: 1},1.0,False
642,1,{0: 1},1.0,False
643,2,{0: 2},1.0,False
644,1,{0: 1},1.0,False
645,2,{0: 2},1.0,False
646,1,{0: 1},1.0,False
647,1,{0: 1},1.0,False
648,1,{0: 1},1.0,False
649,1,{0: 1},1.0,False
650,2,{0: 2},1.0,False
651,1,{0: 1},1.0,False
652,1,{0: 1},1.0,False
653,3,{0: 3},1.0,False
654,1,{0: 1},1.0,False
655,2,{0: 2},1.0,False
656,2,{0: 2},1.0,False
657,1,{0: 1},1.0,False
658,3,{0: 3},1.0,False
659,1,{0: 1},1.0,False
660,1,{0: 1},1.0,False
661,6,{0: 6},1.0,False
662,1,{0: 1},1.0,False
663,1,{0: 1},1.0,False
664,1,{0: 1},1.0,False
665,1,{0: 1},1.0,False
666,1,{0: 1},1.0,False
667,1,{0: 1},1.0,False
668,1,{0: 1},1.0,False
669,1,{0: 1},1.0,False
670,1,{0: 1},1.0,False
671,1,{0: 1},1.0,False
672,1,{0: 1},1.0,False
673,1,{0: 1},1.0,False
