Accession,ClusterID
KAN9706189,0
KAN9703269,0
KAN9702862,0
KAN9670160,0
KAN9652688,0
KAN9650262,0
KAN9630203,0
KAN9607255,0
KAN9582183,0
KAN9582077,0
KAN9573741,0
KAN9532001,0
KAN9524123,0
KAN9522415,0
KAN9492693,0
KAN9490385,0
KAN9479233,0
KAN9464467,0
KAN9459572,0
KAN9434714,0
KAN9417602,0
KAN9401156,0
KAN9389563,0
KAN9362837,0
KAN9356336,0
KAN9344865,0
KAN9334862,0
KAN9329253,0
KAN9305392,0
KAN9284644,0
KAN9270248,0
KAN9268489,0
KAN9233944,0
KAN9229763,0
KAN9218114,0
KAN9202213,0
KAN9187182,0
KAN9160386,0
KAN9157250,0
KAN9144439,0
KAN9126604,0
KAN9103678,0
KAN9087383,0
KAN9084974,0
KAN9070660,0
KAN9067921,0
KAN9041639,0
KAN9015224,0
KAN9009595,0
KAN8989203,0
KAN8988820,0
KAN8950477,0
KAN8945738,0
KAN8943873,0
KAN8922541,0
KAN8905054,0
KAN8895971,0
KAN8878244,0
KAN8868907,0
KAN8851977,0
KAN8829913,0
KAN8806140,0
KAN8803722,0
KAN8794480,0
XP_066732524,1
KAK8123308,1
KAK8117328,1
KAK7990279,1
KAK6852268,1
BCE03288,2
KAK6445719,3
KAN5249353,4
P19424,5
WP_489060366,6
WP_223526411,6
WP_462049588,6
WP_462045413,6
WP_462034547,6
WP_461972774,6
WP_461964564,6
WP_461960323,6
WP_458944853,6
WP_457373802,6
WP_130208870,6
WP_449105812,6
WP_448646956,6
WP_436274187,6
CAN7570532,6
WP_415767262,6
CAI8834081,6
CAI8840144,6
WP_140681206,6
WP_403137841,6
WP_401315093,6
WP_390955479,6
XCG76920,6
WP_348122910,6
WP_347804478,6
WVV61605,6
YFC78294,7
WP_102614236,7
WP_476303578,7
WP_458974158,7
WP_458959941,7
WP_427573553,8
XYC46423,9
XDC06972,9
XP_016582695,10
YFQ25161,11
WP_415263941,11
CAI8726239,11
CAI8894440,11
WP_401310601,11
XZA69765,12
XYT23942,12
XXL57363,12
XKS89985,12
XGB13325,12
XET69213,12
XDA16208,12
XBT46226,12
WWP10139,12
WVX03762,12
WVM64570,12
WRW01298,12
CAI8803944,13
WP_392887504,13
XIE43612,13
XLW97529,14
WP_488448946,15
WP_488431491,15
WP_488420868,15
WP_488401696,15
XRA47969,15
KAN5261177,16
KAN5241082,16
KAN5235007,16
KAN5223967,16
KAN5158476,16
KAN5143765,16
WP_322948140,17
YAI13659,18
WP_400694742,19
WP_325322865,20
WP_404671274,21
WP_369991810,21
KAK7253611,22
KAL4418084,23
KAK7445545,23
KAK6206750,23
KAK8109319,24
KAK8057012,24
KAK7990253,24
P06564,25
XP_036537752,26
CAK4022690,27
KAK7182785,28
XP_008594636,29
GAA5264582,30
KAN5220487,31
KAN5176757,31
KAN5251310,32
KAK6088924,33
KAK6070809,33
CAR3355026,34
CAQ2034896,35
CAR3389117,36
CAL2067814,37
CAL2074298,37
ATL86941,38
XP_013323622,39
CAQ9736511,40
CAQ8760408,40
CAI8821490,41
XAR64472,42
CAR1294953,43
CAR1272059,43
CAI8792356,43
CAI8785432,43
CDN41871,44
KAL1565230,45
KAL1565229,45
XAR70241,46
CAI8768062,47
CAI8762520,47
XCG98628,47
XAR70239,48
KAN5242759,49
KAN5239451,50
KAL1551966,51
KAL1551964,51
KAL1551963,51
KAL1551962,51
KAL1551961,51
KAL1551967,52
KAL1532747,53
CAK4032617,54
KAL1551960,55
KAL1551968,56
KAN5251600,57
KAN9671093,58
KAN9663494,58
KAN9640928,58
KAN9631596,58
KAN9618320,58
KAN9613407,58
KAN9595482,58
KAN9576474,58
KAN9571734,58
KAN9528483,58
KAN9525690,58
KAN9522329,58
KAN9484701,58
KAN9483453,58
KAN9480911,58
KAN9449261,58
KAN9447846,58
KAN9426404,58
KAN9416672,58
KAN9388420,58
KAN9379995,58
KAN9360230,58
KAN9355212,58
KAN9341339,58
KAN9301802,58
KAN9277015,58
KAN9262159,58
KAN9252361,58
KAN9250925,58
KAN9235151,58
KAN9201062,58
KAN9196216,58
KAN9182114,58
KAN9164241,58
KAN9146033,58
KAN9112533,58
KAN9106279,58
KAN9105627,58
KAN9076608,58
KAN9062277,58
KAN9033446,58
KAN9012337,58
KAN9011888,58
KAN8976467,58
KAN8975764,58
KAN8967678,58
KAN8943000,58
KAN8932430,58
KAN8924148,58
KAN8907048,58
KAN8883671,58
KAN8866467,58
KAN8836086,58
KAN8793163,58
KAN8792524,58
KAN5165939,59
XDZ54946,60
KAN9724460,61
KAN9719353,61
KAN9703652,61
KAN9671610,61
KAN9656629,61
KAN9651980,61
KAN9647141,61
KAN9626244,61
KAN9609556,61
KAN9596518,61
KAN9591866,61
KAN9550642,61
KAN9546651,61
KAN9538495,61
KAN9515741,61
KAN9501710,61
KAN9476865,61
KAN9476254,61
KAN9453219,61
KAN9438116,61
KAN9412276,61
KAN9403641,61
KAN9387016,61
KAN9358672,61
KAN9349209,61
KAN9334335,61
KAN9328072,61
KAN9311915,61
KAN9296861,61
KAN9291263,61
KAN9260649,61
KAN9258690,61
KAN9246927,61
KAN9242750,61
KAN9218271,61
KAN9205908,61
KAN9184753,61
KAN9178742,61
KAN9153434,61
KAN9134385,61
KAN9126397,61
KAN9118974,61
KAN9081417,61
KAN9075496,61
KAN9062182,61
KAN9046499,61
KAN9034757,61
KAN9010335,61
KAN8996042,61
KAN8987137,61
KAN8958632,61
KAN8940967,61
KAN8920830,61
KAN8916882,61
KAN8913245,61
KAN8894640,61
KAN8875137,61
KAN8854191,61
KAN8852885,61
KAN8828900,61
KAN8817307,61
KAN8814360,61
CAR1248110,62
CAR1275761,62
P07983,62
P10475,62
P23549,62
YBZ68765,62
CAI8725077,62
CAM2146313,62
BES79750,62
KAN5257714,63
KAN5237069,63
KAN5225982,63
KAN5213628,63
KAN5208176,63
KAN5207344,63
KAN5192427,63
KAN5189123,63
KAN5186108,63
KAN5168905,63
KAN5167922,63
KAN5155002,63
KAN5148457,63
KAN5141004,63
KAN5240282,64
KAN5176311,65
KAN5240556,66
KAL6979532,67
P19487,68
KAN5224046,69
KAN5220399,70
KAN5179232,70
P27035,71
XWZ74100,71
ABV98267,72
XIH71839,73
WRM49288,74
CAQ1451020,75
P15704,76
KAK6450073,77
AOK31304,78
CAK4029967,79
WP_414955397,80
XIG91236,81
XIG89020,81
XP_066734795,82
XP_066661595,82
KAK8119601,82
KAK8105304,82
KAK8062996,82
KAK8036289,82
YDE66953,83
XP_007817187,84
XIH42537,85
XP_065460616,86
XP_057135862,86
XP_057115925,86
XP_056493740,86
XIH52296,87
P58599,88
P17974,88
XHO07589,88
CAM3722765,89
P07982,90
A0A024SH20,90
KAL6983799,91
CAK4033692,92
CAI8893189,93
CAI8892885,93
CAI8835145,93
CAR1604122,94
P16216,95
XP_036531494,96
CAM3357822,97
P23548,98
CAQ9727366,99
BAA12676,100
KAN9705292,101
KAN9705069,101
KAN9687854,101
KAN9678469,101
KAN9649204,101
KAN9642994,101
KAN9635657,101
KAN9607936,101
KAN9582749,101
KAN9572388,101
KAN9547710,101
KAN9536477,101
KAN9530829,101
KAN9506094,101
KAN9502697,101
KAN9489277,101
KAN9459484,101
KAN9450776,101
KAN9443757,101
KAN9359343,101
KAN9340920,101
KAN9306394,101
KAN9287883,101
KAN9270616,101
KAN9226919,101
KAN9140303,101
KAN9110241,101
KAN9099968,101
KAN9064513,101
KAN9025181,101
KAN9015446,101
KAN8882919,101
KAN8840965,101
KAN8826142,101
XHI67015,102
KAK4687586,103
WCQ91245,104
XHI67013,105
CAN6951768,106
CAN9029758,106
WCQ93470,107
XHI67014,108
A0A023VXA2,109
CAK7258616,110
CAM1373522,111
AWM35364,112
XP_013326293,113
WRK65563,114
KAN9722984,115
KAN9715071,115
KAN9683251,115
KAN9673421,115
KAN9661302,115
KAN9644946,115
KAN9636725,115
KAN9614177,115
KAN9601627,115
KAN9583386,115
KAN9568022,115
KAN9559316,115
KAN9544929,115
KAN9537986,115
KAN9513676,115
KAN9510147,115
KAN9496913,115
KAN9472248,115
KAN9469185,115
KAN9449638,115
KAN9421671,115
KAN9403106,115
KAN9393992,115
KAN9382937,115
KAN9363327,115
KAN9361022,115
KAN9333930,115
KAN9327853,115
KAN9303884,115
KAN9279485,115
KAN9269667,115
KAN9265346,115
KAN9246395,115
KAN9226732,115
KAN9224280,115
KAN9195860,115
KAN9181467,115
KAN9173534,115
KAN9149787,115
KAN9132808,115
KAN9117381,115
KAN9112722,115
KAN9105238,115
KAN9085592,115
KAN9061885,115
KAN9057047,115
KAN9042612,115
KAN9035696,115
KAN9032459,115
KAN9000064,115
KAN8993117,115
KAN8985738,115
KAN8960987,115
KAN8953001,115
KAN8943244,115
KAN8921393,115
KAN8903829,115
KAN8894239,115
KAN8879625,115
KAN8860161,115
KAN8854989,115
KAN8852068,115
KAN8808855,115
KAN8798137,115
KAN8795609,115
BCE02488,116
WP_493066509,117
WP_492605814,118
YFQ17076,118
WP_481395440,118
WP_463552681,118
WP_448090787,118
YAC29695,118
WP_426619562,118
XSA48013,118
WP_419711135,118
XPS02465,118
WP_221733201,118
WP_401387414,118
WP_401239567,118
WP_329696582,119
WP_490833183,120
WP_476308614,120
WP_476249660,120
WP_101158858,120
WP_474320660,120
WP_472510166,120
WP_472508925,120
WP_122508323,120
WP_471877530,120
WP_463549214,120
WP_460120378,120
WP_341637066,120
WP_460161110,120
WP_460062167,120
YCP35212,120
YCP43905,120
WP_457262544,120
WP_447798216,120
WP_434766187,120
WP_425643848,120
WP_346622937,120
WP_348969897,120
XBL93930,120
XKR13754,120
WP_400554955,120
WP_400502193,120
WP_397478716,120
WP_375122444,120
XGZ18507,120
WP_073471427,120
WP_350482927,120
WP_333714163,120
WP_329517371,120
WP_325717075,120
WP_323164802,120
WP_489984873,121
WP_460109419,121
WP_455806953,121
GAL13555,122
KAN5231938,123
